<?xml version="1.0" encoding="windows-1252" ?>
<!DOCTYPE ViewLink SYSTEM "jbo_03_01.dtd">
<!---->
<ViewLink
  xmlns="http://xmlns.oracle.com/bc4j"
  Name="EmplCompensationsLink"
  Version="12.2.1.12.24"
  InheritPersonalization="merge"
  EntityAssociation="erp.model.EmplCompensationsAssoc">
  <ViewLinkDefEnd
    Name="HrEmplInfoView"
    Cardinality="1"
    Source="true"
    Owner="erp.model.HrEmplInfoView">
    <DesignTime>
      <Attr Name="_isUpdateable" Value="true"/>
      <Attr Name="_minCardinality" Value="1"/>
      <Attr Name="_finderName" Value="HrEmplInfoView"/>
    </DesignTime>
    <AttrArray Name="Attributes">
      <Item Value="erp.model.HrEmplInfoView.EmployeeNo"/>
    </AttrArray>
  </ViewLinkDefEnd>
  <ViewLinkDefEnd
    Name="HrEmplCompensationView"
    Cardinality="1"
    Owner="erp.model.HrEmplCompensationView">
    <DesignTime>
      <Attr Name="_isUpdateable" Value="true"/>
      <Attr Name="_finderName" Value="HrEmplCompensationView"/>
    </DesignTime>
    <AttrArray Name="Attributes">
      <Item Value="erp.model.HrEmplCompensationView.EmployeeNo"/>
    </AttrArray>
  </ViewLinkDefEnd>
</ViewLink>
