<?xml version="1.0" encoding="windows-1252" ?>
<!DOCTYPE ViewLink SYSTEM "jbo_03_01.dtd">
<!---->
<ViewLink
  xmlns="http://xmlns.oracle.com/bc4j"
  Name="emplInfo_EmplPassport1ViewLink"
  Version="12.2.1.12.24"
  InheritPersonalization="merge">
  <Properties>
    <SchemaBasedProperties>
      <LABEL
        ResId="erp.model.emplInfo_EmplPassport1ViewLink_LABEL"/>
    </SchemaBasedProperties>
  </Properties>
  <ViewLinkDefEnd
    Name="HrEmplLoanView"
    Cardinality="1"
    Source="true"
    Owner="erp.model.HrEmplLoanView">
    <DesignTime>
      <Attr Name="_isUpdateable" Value="true"/>
      <Attr Name="_finderName" Value="HrEmplLoanView"/>
    </DesignTime>
    <AttrArray Name="Attributes">
      <Item Value="erp.model.HrEmplLoanView.EmployeeNo"/>
    </AttrArray>
  </ViewLinkDefEnd>
  <ViewLinkDefEnd
    Name="HrEmplPassport1View"
    Cardinality="-1"
    Owner="erp.model.HrEmplPassport1View">
    <DesignTime>
      <Attr Name="_isUpdateable" Value="true"/>
      <Attr Name="_finderName" Value="HrEmplPassport1View"/>
    </DesignTime>
    <AttrArray Name="Attributes">
      <Item Value="erp.model.HrEmplPassport1View.EmployeeNo"/>
    </AttrArray>
  </ViewLinkDefEnd>
  <ResourceBundle>
    <PropertiesBundle
      PropertiesFile="erp.model.SUNWAY_ERP_ModelBundle"/>
  </ResourceBundle>
</ViewLink>
