<?xml version="1.0" encoding="windows-1252" ?>
<!DOCTYPE Association SYSTEM "jbo_03_01.dtd">
<!---->
<Association
  xmlns="http://xmlns.oracle.com/bc4j"
  Name="EmplCourseAssoc"
  Version="12.2.1.12.24"
  InheritPersonalization="merge">
  <DesignTime>
    <Attr Name="_isCodegen" Value="true"/>
  </DesignTime>
  <AssociationEnd
    Name="HrEmplInfo"
    Cardinality="1"
    Source="true"
    Owner="erp.model.HrEmplInfo">
    <DesignTime>
      <Attr Name="_isUpdateable" Value="true"/>
      <Attr Name="_minCardinality" Value="1"/>
      <Attr Name="_aggregation" Value="0"/>
      <Attr Name="_finderName" Value="HrEmplInfo"/>
      <Attr Name="_foreignKey" Value="erp.model.HrEmplInfo.SysC007012"/>
    </DesignTime>
    <AttrArray Name="Attributes">
      <Item Value="erp.model.HrEmplInfo.EmployeeNo"/>
    </AttrArray>
  </AssociationEnd>
  <AssociationEnd
    Name="HrEmplTrainings"
    Cardinality="-1"
    Owner="erp.model.HrEmplTrainings">
    <DesignTime>
      <Attr Name="_isUpdateable" Value="true"/>
      <Attr Name="_aggregation" Value="0"/>
      <Attr Name="_finderName" Value="HrEmplTrainings"/>
      <Attr Name="_foreignKey" Value="erp.model.HrEmplTrainings.EmplCourse"/>
    </DesignTime>
    <AttrArray Name="Attributes">
      <Item Value="erp.model.HrEmplTrainings.EmployeeNo"/>
    </AttrArray>
  </AssociationEnd>
</Association>
