<?xml version="1.0" encoding="windows-1252" ?>
<!DOCTYPE Entity SYSTEM "jbo_03_01.dtd">
<!---->
<Entity
  xmlns="http://xmlns.oracle.com/bc4j"
  Name="HrAppraisalYear"
  Version="12.2.1.12.24"
  InheritPersonalization="merge"
  DBObjectType="table"
  DBObjectName="HR_APPRAISAL_YEAR"
  AliasName="HrAppraisalYear"
  BindingStyle="OracleName">
  <Attribute
    Name="AppraisalYear"
    IsNotNull="true"
    Precision="16"
    ColumnName="APPRAISAL_YEAR"
    SQLType="VARCHAR"
    Type="java.lang.String"
    ColumnType="VARCHAR2"
    TableName="HR_APPRAISAL_YEAR"
    PrimaryKey="true">
    <DesignTime>
      <Attr Name="_DisplaySize" Value="16"/>
    </DesignTime>
  </Attribute>
  <Attribute
    Name="NotesRemarks"
    Precision="1000"
    ColumnName="NOTES_REMARKS"
    SQLType="VARCHAR"
    Type="java.lang.String"
    ColumnType="VARCHAR2"
    TableName="HR_APPRAISAL_YEAR">
    <DesignTime>
      <Attr Name="_DisplaySize" Value="1000"/>
    </DesignTime>
  </Attribute>
  <Attribute
    Name="AppraisalType"
    Precision="20"
    ColumnName="APPRAISAL_TYPE"
    SQLType="VARCHAR"
    Type="java.lang.String"
    ColumnType="VARCHAR2"
    TableName="HR_APPRAISAL_YEAR">
    <DesignTime>
      <Attr Name="_DisplaySize" Value="20"/>
    </DesignTime>
  </Attribute>
  <AccessorAttribute
    Name="HrAppraisals"
    Association="erp.model.HrAppraisalsFk1Assoc"
    AssociationEnd="erp.model.HrAppraisalsFk1Assoc.HrAppraisals"
    AssociationOtherEnd="erp.model.HrAppraisalsFk1Assoc.HrAppraisalYear"
    Type="oracle.jbo.RowIterator"
    IsUpdateable="false"/>
  <Key
    Name="SysC006994"
    PrimaryKey="true">
    <DesignTime>
      <Attr Name="_DBObjectName" Value="SYS_C006994"/>
    </DesignTime>
    <AttrArray Name="Attributes">
      <Item Value="erp.model.HrAppraisalYear.AppraisalYear"/>
    </AttrArray>
  </Key>
</Entity>
