<?xml version="1.0" encoding="windows-1252" ?>
<!DOCTYPE Association SYSTEM "jbo_03_01.dtd">
<!---->
<Association
  xmlns="http://xmlns.oracle.com/bc4j"
  Name="HrAppraisalsFk1Assoc"
  Version="12.2.1.12.24"
  InheritPersonalization="merge">
  <DesignTime>
    <Attr Name="_isCodegen" Value="true"/>
  </DesignTime>
  <AssociationEnd
    Name="HrAppraisalYear"
    Cardinality="1"
    Source="true"
    Owner="erp.model.HrAppraisalYear">
    <DesignTime>
      <Attr Name="_isUpdateable" Value="true"/>
      <Attr Name="_minCardinality" Value="1"/>
      <Attr Name="_aggregation" Value="0"/>
      <Attr Name="_finderName" Value="HrAppraisalYear"/>
      <Attr Name="_foreignKey" Value="erp.model.HrAppraisalYear.SysC006994"/>
    </DesignTime>
    <AttrArray Name="Attributes">
      <Item Value="erp.model.HrAppraisalYear.AppraisalYear"/>
    </AttrArray>
  </AssociationEnd>
  <AssociationEnd
    Name="HrAppraisals"
    Cardinality="-1"
    Owner="erp.model.HrAppraisals">
    <DesignTime>
      <Attr Name="_isUpdateable" Value="true"/>
      <Attr Name="_aggregation" Value="0"/>
      <Attr Name="_finderName" Value="HrAppraisals"/>
      <Attr Name="_foreignKey" Value="erp.model.HrAppraisals.HrAppraisalsFk1"/>
    </DesignTime>
    <AttrArray Name="Attributes">
      <Item Value="erp.model.HrAppraisals.AppraisalYear"/>
    </AttrArray>
  </AssociationEnd>
</Association>
