<?xml version="1.0" encoding="windows-1252" ?>
<!DOCTYPE ViewLink SYSTEM "jbo_03_01.dtd">
<!---->
<ViewLink
  xmlns="http://xmlns.oracle.com/bc4j"
  Name="HrAppraisalsFk1Link"
  Version="12.2.1.12.24"
  InheritPersonalization="merge"
  EntityAssociation="erp.model.HrAppraisalsFk1Assoc">
  <ViewLinkDefEnd
    Name="HrAppraisalYearView"
    Cardinality="1"
    Source="true"
    Owner="erp.model.HrAppraisalYearView">
    <DesignTime>
      <Attr Name="_isUpdateable" Value="true"/>
      <Attr Name="_minCardinality" Value="1"/>
      <Attr Name="_finderName" Value="HrAppraisalYearView"/>
    </DesignTime>
    <AttrArray Name="Attributes">
      <Item Value="erp.model.HrAppraisalYearView.AppraisalYear"/>
    </AttrArray>
  </ViewLinkDefEnd>
  <ViewLinkDefEnd
    Name="HrAppraisalsView"
    Cardinality="-1"
    Owner="erp.model.HrAppraisalsView">
    <DesignTime>
      <Attr Name="_isUpdateable" Value="true"/>
      <Attr Name="_finderName" Value="HrAppraisalsView"/>
    </DesignTime>
    <AttrArray Name="Attributes">
      <Item Value="erp.model.HrAppraisalsView.AppraisalYear"/>
    </AttrArray>
  </ViewLinkDefEnd>
</ViewLink>
