<?xml version="1.0" encoding="windows-1252" ?>
<!DOCTYPE Entity SYSTEM "jbo_03_01.dtd">
<!---->
<Entity
  xmlns="http://xmlns.oracle.com/bc4j"
  Name="HrAppraisals"
  Version="12.2.1.12.24"
  InheritPersonalization="merge"
  DBObjectType="table"
  DBObjectName="HR_APPRAISALS"
  AliasName="HrAppraisals"
  BindingStyle="OracleName">
  <Attribute
    Name="Kpi1"
    Precision="100"
    ColumnName="KPI_1"
    SQLType="VARCHAR"
    Type="java.lang.String"
    ColumnType="VARCHAR2"
    TableName="HR_APPRAISALS">
    <DesignTime>
      <Attr Name="_DisplaySize" Value="100"/>
    </DesignTime>
  </Attribute>
  <Attribute
    Name="Notes"
    Precision="1000"
    ColumnName="NOTES"
    SQLType="VARCHAR"
    Type="java.lang.String"
    ColumnType="VARCHAR2"
    TableName="HR_APPRAISALS">
    <DesignTime>
      <Attr Name="_DisplaySize" Value="1000"/>
    </DesignTime>
  </Attribute>
  <Attribute
    Name="Kpi2"
    Precision="100"
    ColumnName="KPI_2"
    SQLType="VARCHAR"
    Type="java.lang.String"
    ColumnType="VARCHAR2"
    TableName="HR_APPRAISALS">
    <DesignTime>
      <Attr Name="_DisplaySize" Value="100"/>
    </DesignTime>
  </Attribute>
  <Attribute
    Name="Kpi3"
    Precision="100"
    ColumnName="KPI_3"
    SQLType="VARCHAR"
    Type="java.lang.String"
    ColumnType="VARCHAR2"
    TableName="HR_APPRAISALS">
    <DesignTime>
      <Attr Name="_DisplaySize" Value="100"/>
    </DesignTime>
  </Attribute>
  <Attribute
    Name="Kpi4"
    Precision="100"
    ColumnName="KPI_4"
    SQLType="VARCHAR"
    Type="java.lang.String"
    ColumnType="VARCHAR2"
    TableName="HR_APPRAISALS">
    <DesignTime>
      <Attr Name="_DisplaySize" Value="100"/>
    </DesignTime>
  </Attribute>
  <Attribute
    Name="Kpi5"
    Precision="100"
    ColumnName="KPI_5"
    SQLType="VARCHAR"
    Type="java.lang.String"
    ColumnType="VARCHAR2"
    TableName="HR_APPRAISALS">
    <DesignTime>
      <Attr Name="_DisplaySize" Value="100"/>
    </DesignTime>
  </Attribute>
  <Attribute
    Name="AppraisalYear"
    IsNotNull="true"
    Precision="20"
    ColumnName="APPRAISAL_YEAR"
    SQLType="VARCHAR"
    Type="java.lang.String"
    ColumnType="VARCHAR2"
    TableName="HR_APPRAISALS"
    PrimaryKey="true">
    <DesignTime>
      <Attr Name="_DisplaySize" Value="20"/>
    </DesignTime>
  </Attribute>
  <Attribute
    Name="JobCode"
    IsNotNull="true"
    Precision="32"
    ColumnName="JOB_CODE"
    SQLType="VARCHAR"
    Type="java.lang.String"
    ColumnType="VARCHAR2"
    TableName="HR_APPRAISALS"
    PrimaryKey="true">
    <DesignTime>
      <Attr Name="_DisplaySize" Value="32"/>
    </DesignTime>
  </Attribute>
  <AccessorAttribute
    Name="HrAppraisalYear"
    Association="erp.model.HrAppraisalsFk1Assoc"
    AssociationEnd="erp.model.HrAppraisalsFk1Assoc.HrAppraisalYear"
    AssociationOtherEnd="erp.model.HrAppraisalsFk1Assoc.HrAppraisals"
    Type="oracle.jbo.server.EntityImpl"
    IsUpdateable="true"/>
  <AccessorAttribute
    Name="HrKpis"
    Association="erp.model.HrKpisFk1Assoc"
    AssociationEnd="erp.model.HrKpisFk1Assoc.HrKpis"
    AssociationOtherEnd="erp.model.HrKpisFk1Assoc.HrAppraisals"
    Type="oracle.jbo.RowIterator"
    IsUpdateable="false"/>
  <Key
    Name="HrAppraisalsPk"
    PrimaryKey="true">
    <DesignTime>
      <Attr Name="_DBObjectName" Value="HR_APPRAISALS_PK"/>
    </DesignTime>
    <AttrArray Name="Attributes">
      <Item Value="erp.model.HrAppraisals.AppraisalYear"/>
      <Item Value="erp.model.HrAppraisals.JobCode"/>
    </AttrArray>
  </Key>
  <Key
    Name="HrAppraisalsFk1">
    <DesignTime>
      <Attr Name="_isCascadeDelete" Value="true"/>
      <Attr Name="_referencedKey" Value="SYS_C006994"/>
      <Attr Name="_isForeign" Value="true"/>
      <Attr Name="_DBObjectName" Value="HR_APPRAISALS_FK1"/>
    </DesignTime>
    <AttrArray Name="Attributes">
      <Item Value="erp.model.HrAppraisals.AppraisalYear"/>
    </AttrArray>
  </Key>
</Entity>
