<?xml version="1.0" encoding="windows-1252" ?>
<!DOCTYPE Entity SYSTEM "jbo_03_01.dtd">
<!---->
<Entity
  xmlns="http://xmlns.oracle.com/bc4j"
  Name="HrBusinessUnits"
  Version="12.2.1.12.24"
  InheritPersonalization="merge"
  DBObjectType="table"
  DBObjectName="HR_BUSINESS_UNITS"
  AliasName="HrBusinessUnits"
  BindingStyle="OracleName">
  <Attribute
    Name="BusinessUnitCode"
    IsNotNull="true"
    Precision="32"
    ColumnName="BUSINESS_UNIT_CODE"
    SQLType="VARCHAR"
    Type="java.lang.String"
    ColumnType="VARCHAR2"
    TableName="HR_BUSINESS_UNITS"
    PrimaryKey="true">
    <DesignTime>
      <Attr Name="_DisplaySize" Value="32"/>
    </DesignTime>
  </Attribute>
  <Attribute
    Name="BusinessUnitName"
    IsNotNull="true"
    Precision="64"
    ColumnName="BUSINESS_UNIT_NAME"
    SQLType="VARCHAR"
    Type="java.lang.String"
    ColumnType="VARCHAR2"
    TableName="HR_BUSINESS_UNITS">
    <DesignTime>
      <Attr Name="_DisplaySize" Value="64"/>
    </DesignTime>
  </Attribute>
  <Attribute
    Name="BusinessUnitDesc"
    Precision="100"
    ColumnName="BUSINESS_UNIT_DESC"
    SQLType="VARCHAR"
    Type="java.lang.String"
    ColumnType="VARCHAR2"
    TableName="HR_BUSINESS_UNITS">
    <DesignTime>
      <Attr Name="_DisplaySize" Value="100"/>
    </DesignTime>
  </Attribute>
  <Attribute
    Name="Notes"
    Precision="1000"
    ColumnName="NOTES"
    SQLType="VARCHAR"
    Type="java.lang.String"
    ColumnType="VARCHAR2"
    TableName="HR_BUSINESS_UNITS">
    <DesignTime>
      <Attr Name="_DisplaySize" Value="1000"/>
    </DesignTime>
  </Attribute>
  <AccessorAttribute
    Name="HrDepartments"
    Association="erp.model.HrDepartmentsFk1Assoc"
    AssociationEnd="erp.model.HrDepartmentsFk1Assoc.HrDepartments"
    AssociationOtherEnd="erp.model.HrDepartmentsFk1Assoc.HrBusinessUnits"
    Type="oracle.jbo.RowIterator"
    IsUpdateable="false"/>
  <Key
    Name="HrDirectoresPk"
    PrimaryKey="true">
    <DesignTime>
      <Attr Name="_DBObjectName" Value="HR_DIRECTORES_PK"/>
    </DesignTime>
    <AttrArray Name="Attributes">
      <Item Value="erp.model.HrBusinessUnits.BusinessUnitCode"/>
    </AttrArray>
  </Key>
</Entity>
