<?xml version="1.0" encoding="windows-1252" ?>
<!DOCTYPE Entity SYSTEM "jbo_03_01.dtd">
<!---->
<Entity
  xmlns="http://xmlns.oracle.com/bc4j"
  Name="HrCountryTbl"
  Version="12.2.1.12.24"
  InheritPersonalization="merge"
  DBObjectType="table"
  DBObjectName="HR_COUNTRY_TBL"
  AliasName="HrCountryTbl"
  BindingStyle="OracleName">
  <Attribute
    Name="CountryCode"
    IsNotNull="true"
    Precision="5"
    Scale="0"
    ColumnName="COUNTRY_CODE"
    SQLType="NUMERIC"
    Type="java.lang.Integer"
    ColumnType="NUMBER"
    TableName="HR_COUNTRY_TBL"
    PrimaryKey="true"/>
  <Attribute
    Name="CountryName"
    Precision="32"
    ColumnName="COUNTRY_NAME"
    SQLType="VARCHAR"
    Type="java.lang.String"
    ColumnType="VARCHAR2"
    TableName="HR_COUNTRY_TBL">
    <DesignTime>
      <Attr Name="_DisplaySize" Value="32"/>
    </DesignTime>
  </Attribute>
  <Attribute
    Name="Language"
    Precision="32"
    ColumnName="LANGUAGE"
    SQLType="VARCHAR"
    Type="java.lang.String"
    ColumnType="VARCHAR2"
    TableName="HR_COUNTRY_TBL">
    <DesignTime>
      <Attr Name="_DisplaySize" Value="32"/>
    </DesignTime>
  </Attribute>
  <Key
    Name="SysC007031"
    PrimaryKey="true">
    <DesignTime>
      <Attr Name="_DBObjectName" Value="SYS_C007031"/>
    </DesignTime>
    <AttrArray Name="Attributes">
      <Item Value="erp.model.HrCountryTbl.CountryCode"/>
    </AttrArray>
  </Key>
</Entity>
