<?xml version="1.0" encoding="windows-1252" ?>
<!DOCTYPE ViewLink SYSTEM "jbo_03_01.dtd">
<!---->
<ViewLink
  xmlns="http://xmlns.oracle.com/bc4j"
  Name="HrDepartmentsFk1Link"
  Version="12.2.1.12.24"
  InheritPersonalization="merge"
  EntityAssociation="erp.model.HrDepartmentsFk1Assoc">
  <ViewLinkDefEnd
    Name="HrBusinessUnitsView"
    Cardinality="1"
    Source="true"
    Owner="erp.model.HrBusinessUnitsView">
    <DesignTime>
      <Attr Name="_isUpdateable" Value="true"/>
      <Attr Name="_minCardinality" Value="1"/>
      <Attr Name="_finderName" Value="HrBusinessUnitsView"/>
    </DesignTime>
    <AttrArray Name="Attributes">
      <Item Value="erp.model.HrBusinessUnitsView.BusinessUnitCode"/>
    </AttrArray>
  </ViewLinkDefEnd>
  <ViewLinkDefEnd
    Name="HrDepartmentsView"
    Cardinality="-1"
    Owner="erp.model.HrDepartmentsView">
    <DesignTime>
      <Attr Name="_isUpdateable" Value="true"/>
      <Attr Name="_finderName" Value="HrDepartmentsView"/>
    </DesignTime>
    <AttrArray Name="Attributes">
      <Item Value="erp.model.HrDepartmentsView.BusinessUnitCode"/>
    </AttrArray>
  </ViewLinkDefEnd>
</ViewLink>
