<?xml version="1.0" encoding="windows-1252" ?>
<!DOCTYPE Association SYSTEM "jbo_03_01.dtd">
<!---->
<Association
  xmlns="http://xmlns.oracle.com/bc4j"
  Name="HrDepartmentsFk1Assoc"
  Version="12.2.1.12.24"
  InheritPersonalization="merge">
  <DesignTime>
    <Attr Name="_isCodegen" Value="true"/>
  </DesignTime>
  <AssociationEnd
    Name="HrBusinessUnits"
    Cardinality="1"
    Source="true"
    Owner="erp.model.HrBusinessUnits">
    <DesignTime>
      <Attr Name="_isUpdateable" Value="true"/>
      <Attr Name="_minCardinality" Value="1"/>
      <Attr Name="_aggregation" Value="0"/>
      <Attr Name="_finderName" Value="HrBusinessUnits"/>
      <Attr Name="_foreignKey" Value="erp.model.HrBusinessUnits.HrDirectoresPk"/>
    </DesignTime>
    <AttrArray Name="Attributes">
      <Item Value="erp.model.HrBusinessUnits.BusinessUnitCode"/>
    </AttrArray>
  </AssociationEnd>
  <AssociationEnd
    Name="HrDepartments"
    Cardinality="-1"
    Owner="erp.model.HrDepartments">
    <DesignTime>
      <Attr Name="_isUpdateable" Value="true"/>
      <Attr Name="_aggregation" Value="0"/>
      <Attr Name="_finderName" Value="HrDepartments"/>
      <Attr Name="_foreignKey" Value="erp.model.HrDepartments.HrDepartmentsFk1"/>
    </DesignTime>
    <AttrArray Name="Attributes">
      <Item Value="erp.model.HrDepartments.BusinessUnitCode"/>
    </AttrArray>
  </AssociationEnd>
</Association>
