<?xml version="1.0" encoding="windows-1252" ?>
<!DOCTYPE Entity SYSTEM "jbo_03_01.dtd">
<!---->
<Entity
  xmlns="http://xmlns.oracle.com/bc4j"
  Name="HrDepartments"
  Version="12.2.1.12.24"
  InheritPersonalization="merge"
  DBObjectType="table"
  DBObjectName="HR_DEPARTMENTS"
  AliasName="HrDepartments"
  BindingStyle="OracleName">
  <Attribute
    Name="DepartmentCode"
    IsNotNull="true"
    Precision="16"
    ColumnName="DEPARTMENT_CODE"
    SQLType="VARCHAR"
    Type="java.lang.String"
    ColumnType="VARCHAR2"
    TableName="HR_DEPARTMENTS"
    PrimaryKey="true">
    <DesignTime>
      <Attr Name="_DisplaySize" Value="16"/>
    </DesignTime>
  </Attribute>
  <Attribute
    Name="DepartmentName"
    Precision="64"
    ColumnName="DEPARTMENT_NAME"
    SQLType="VARCHAR"
    Type="java.lang.String"
    ColumnType="VARCHAR2"
    TableName="HR_DEPARTMENTS">
    <DesignTime>
      <Attr Name="_DisplaySize" Value="64"/>
    </DesignTime>
  </Attribute>
  <Attribute
    Name="BusinessUnitCode"
    IsNotNull="true"
    Precision="32"
    ColumnName="BUSINESS_UNIT_CODE"
    SQLType="VARCHAR"
    Type="java.lang.String"
    ColumnType="VARCHAR2"
    TableName="HR_DEPARTMENTS">
    <DesignTime>
      <Attr Name="_DisplaySize" Value="32"/>
    </DesignTime>
  </Attribute>
  <Attribute
    Name="DepartmentDesc"
    Precision="100"
    ColumnName="DEPARTMENT_DESC"
    SQLType="VARCHAR"
    Type="java.lang.String"
    ColumnType="VARCHAR2"
    TableName="HR_DEPARTMENTS">
    <DesignTime>
      <Attr Name="_DisplaySize" Value="100"/>
    </DesignTime>
  </Attribute>
  <Attribute
    Name="Notes"
    Precision="1000"
    ColumnName="NOTES"
    SQLType="VARCHAR"
    Type="java.lang.String"
    ColumnType="VARCHAR2"
    TableName="HR_DEPARTMENTS">
    <DesignTime>
      <Attr Name="_DisplaySize" Value="1000"/>
    </DesignTime>
  </Attribute>
  <AccessorAttribute
    Name="HrBusinessUnits"
    Association="erp.model.HrDepartmentsFk1Assoc"
    AssociationEnd="erp.model.HrDepartmentsFk1Assoc.HrBusinessUnits"
    AssociationOtherEnd="erp.model.HrDepartmentsFk1Assoc.HrDepartments"
    Type="oracle.jbo.server.EntityImpl"
    IsUpdateable="true"/>
  <Key
    Name="SysC007117"
    PrimaryKey="true">
    <DesignTime>
      <Attr Name="_DBObjectName" Value="SYS_C007117"/>
    </DesignTime>
    <AttrArray Name="Attributes">
      <Item Value="erp.model.HrDepartments.DepartmentCode"/>
    </AttrArray>
  </Key>
  <Key
    Name="HrDepartmentsFk1">
    <DesignTime>
      <Attr Name="_isCascadeDelete" Value="true"/>
      <Attr Name="_referencedKey" Value="HR_DIRECTORES_PK"/>
      <Attr Name="_isForeign" Value="true"/>
      <Attr Name="_DBObjectName" Value="HR_DEPARTMENTS_FK1"/>
    </DesignTime>
    <AttrArray Name="Attributes">
      <Item Value="erp.model.HrDepartments.BusinessUnitCode"/>
    </AttrArray>
  </Key>
</Entity>
