<?xml version="1.0" encoding="windows-1252" ?>
<!DOCTYPE Entity SYSTEM "jbo_03_01.dtd">
<!---->
<Entity
  xmlns="http://xmlns.oracle.com/bc4j"
  Name="HrDentalPlan"
  Version="12.2.1.12.24"
  InheritPersonalization="merge"
  DBObjectType="table"
  DBObjectName="HR_DENTAL_PLAN"
  AliasName="HrDentalPlan"
  BindingStyle="OracleName">
  <Attribute
    Name="DentalPlanCode"
    IsNotNull="true"
    Precision="32"
    ColumnName="DENTAL_PLAN_CODE"
    SQLType="VARCHAR"
    Type="java.lang.String"
    ColumnType="VARCHAR2"
    TableName="HR_DENTAL_PLAN"
    PrimaryKey="true">
    <DesignTime>
      <Attr Name="_DisplaySize" Value="32"/>
    </DesignTime>
  </Attribute>
  <Attribute
    Name="DentalPlanProvider"
    Precision="100"
    ColumnName="DENTAL_PLAN_PROVIDER"
    SQLType="VARCHAR"
    Type="java.lang.String"
    ColumnType="VARCHAR2"
    TableName="HR_DENTAL_PLAN">
    <DesignTime>
      <Attr Name="_DisplaySize" Value="100"/>
    </DesignTime>
  </Attribute>
  <Attribute
    Name="DentalPlanTitle"
    Precision="100"
    ColumnName="DENTAL_PLAN_TITLE"
    SQLType="VARCHAR"
    Type="java.lang.String"
    ColumnType="VARCHAR2"
    TableName="HR_DENTAL_PLAN">
    <DesignTime>
      <Attr Name="_DisplaySize" Value="100"/>
    </DesignTime>
  </Attribute>
  <Attribute
    Name="StartDate"
    ColumnName="START_DATE"
    SQLType="DATE"
    Type="java.sql.Timestamp"
    ColumnType="DATE"
    TableName="HR_DENTAL_PLAN"/>
  <Attribute
    Name="ExpectedEndDate"
    ColumnName="EXPECTED_END_DATE"
    SQLType="DATE"
    Type="java.sql.Timestamp"
    ColumnType="DATE"
    TableName="HR_DENTAL_PLAN"/>
  <Attribute
    Name="EffectiveFrom"
    ColumnName="EFFECTIVE_FROM"
    SQLType="DATE"
    Type="java.sql.Timestamp"
    ColumnType="DATE"
    TableName="HR_DENTAL_PLAN"/>
  <Attribute
    Name="DentalPlanStatus"
    Precision="32"
    ColumnName="DENTAL_PLAN_STATUS"
    SQLType="VARCHAR"
    Type="java.lang.String"
    ColumnType="VARCHAR2"
    TableName="HR_DENTAL_PLAN">
    <DesignTime>
      <Attr Name="_DisplaySize" Value="32"/>
    </DesignTime>
  </Attribute>
  <Attribute
    Name="NotesRemarks"
    Precision="1000"
    ColumnName="NOTES_REMARKS"
    SQLType="VARCHAR"
    Type="java.lang.String"
    ColumnType="VARCHAR2"
    TableName="HR_DENTAL_PLAN">
    <DesignTime>
      <Attr Name="_DisplaySize" Value="1000"/>
    </DesignTime>
  </Attribute>
  <Key
    Name="HrDentalPlanPk"
    PrimaryKey="true">
    <DesignTime>
      <Attr Name="_DBObjectName" Value="HR_DENTAL_PLAN_PK"/>
    </DesignTime>
    <AttrArray Name="Attributes">
      <Item Value="erp.model.HrDentalPlan.DentalPlanCode"/>
    </AttrArray>
  </Key>
</Entity>
