<?xml version="1.0" encoding="windows-1252" ?>
<!DOCTYPE Entity SYSTEM "jbo_03_01.dtd">
<!---->
<Entity
  xmlns="http://xmlns.oracle.com/bc4j"
  Name="HrEmplProfile"
  Version="12.2.1.12.24"
  InheritPersonalization="merge"
  DBObjectType="table"
  DBObjectName="HR_EMPL_PROFILE"
  AliasName="HrEmplProfile"
  BindingStyle="OracleName"
  xmlns:validation="http://xmlns.oracle.com/adfm/validation">
  <Attribute
    Name="EmployeeNo"
    IsNotNull="true"
    ColumnName="EMPLOYEE_NO"
    SQLType="NUMERIC"
    Type="java.math.BigDecimal"
    ColumnType="NUMBER"
    TableName="HR_EMPL_PROFILE"
    PrimaryKey="true"/>
  <Attribute
    Name="Firstname"
    IsNotNull="true"
    Precision="32"
    ColumnName="FIRSTNAME"
    SQLType="VARCHAR"
    Type="java.lang.String"
    ColumnType="VARCHAR2"
    TableName="HR_EMPL_PROFILE">
    <DesignTime>
      <Attr Name="_DisplaySize" Value="32"/>
    </DesignTime>
  </Attribute>
  <Attribute
    Name="MiddleName"
    Precision="32"
    ColumnName="MIDDLE_NAME"
    SQLType="VARCHAR"
    Type="java.lang.String"
    ColumnType="VARCHAR2"
    TableName="HR_EMPL_PROFILE">
    <DesignTime>
      <Attr Name="_DisplaySize" Value="32"/>
    </DesignTime>
  </Attribute>
  <Attribute
    Name="Lastname"
    IsNotNull="true"
    Precision="32"
    ColumnName="LASTNAME"
    SQLType="VARCHAR"
    Type="java.lang.String"
    ColumnType="VARCHAR2"
    TableName="HR_EMPL_PROFILE">
    <DesignTime>
      <Attr Name="_DisplaySize" Value="32"/>
    </DesignTime>
  </Attribute>
  <Attribute
    Name="Gender"
    Precision="16"
    ColumnName="GENDER"
    SQLType="VARCHAR"
    Type="java.lang.String"
    ColumnType="VARCHAR2"
    TableName="HR_EMPL_PROFILE">
    <DesignTime>
      <Attr Name="_DisplaySize" Value="16"/>
    </DesignTime>
  </Attribute>
  <Attribute
    Name="DateOfBirth"
    IsNotNull="true"
    ColumnName="DATE_OF_BIRTH"
    SQLType="DATE"
    Type="java.sql.Timestamp"
    ColumnType="DATE"
    TableName="HR_EMPL_PROFILE"/>
  <Attribute
    Name="EmployeeStatus"
    Precision="32"
    ColumnName="EMPLOYEE_STATUS"
    SQLType="VARCHAR"
    Type="java.lang.String"
    ColumnType="VARCHAR2"
    TableName="HR_EMPL_PROFILE">
    <DesignTime>
      <Attr Name="_DisplaySize" Value="32"/>
    </DesignTime>
  </Attribute>
  <Attribute
    Name="MarStatus"
    Precision="32"
    ColumnName="MAR_STATUS"
    SQLType="VARCHAR"
    Type="java.lang.String"
    ColumnType="VARCHAR2"
    TableName="HR_EMPL_PROFILE">
    <DesignTime>
      <Attr Name="_DisplaySize" Value="32"/>
    </DesignTime>
  </Attribute>
  <Attribute
    Name="Email"
    Precision="20"
    ColumnName="EMAIL"
    SQLType="VARCHAR"
    Type="java.lang.String"
    ColumnType="VARCHAR2"
    TableName="HR_EMPL_PROFILE">
    <DesignTime>
      <Attr Name="_DisplaySize" Value="20"/>
    </DesignTime>
    <validation:RegExpValidationBean
      Name="EmailRule0"
      ResId="erp.model.HrEmplContactInfoView.Email_Rule"
      OnAttribute="Email"
      Pattern="[a-zA-Z0-9._%+-]+@[a-zA-Z0-9.-]+\.[a-zA-Z]{2,4}"
      Inverse="false"/>
  </Attribute>
  <Attribute
    Name="Phoneno"
    Precision="20"
    ColumnName="PHONENO"
    SQLType="VARCHAR"
    Type="java.lang.String"
    ColumnType="VARCHAR2"
    TableName="HR_EMPL_PROFILE">
    <DesignTime>
      <Attr Name="_DisplaySize" Value="20"/>
    </DesignTime>
    <validation:LengthValidationBean
      Name="PhonenoRule0"
      ResId="erp.model.HrEmplContactInfoView.Phoneno_Rule"
      OnAttribute="Phoneno"
      CompareType="EQUALTO"
      DataType="CHARACTER"
      CompareLength="8"
      Inverse="false"/>
  </Attribute>
  <Attribute
    Name="JobTitle"
    Precision="20"
    ColumnName="JOB_TITLE"
    SQLType="VARCHAR"
    Type="java.lang.String"
    ColumnType="VARCHAR2"
    TableName="HR_EMPL_PROFILE">
    <DesignTime>
      <Attr Name="_DisplaySize" Value="20"/>
    </DesignTime>
  </Attribute>
  <Attribute
    Name="Department"
    Precision="20"
    ColumnName="DEPARTMENT"
    SQLType="VARCHAR"
    Type="java.lang.String"
    ColumnType="VARCHAR2"
    TableName="HR_EMPL_PROFILE">
    <DesignTime>
      <Attr Name="_DisplaySize" Value="20"/>
    </DesignTime>
  </Attribute>
  <Attribute
    Name="EmplStatus"
    Precision="20"
    ColumnName="EMPL_STATUS"
    SQLType="VARCHAR"
    Type="java.lang.String"
    ColumnType="VARCHAR2"
    TableName="HR_EMPL_PROFILE">
    <DesignTime>
      <Attr Name="_DisplaySize" Value="20"/>
    </DesignTime>
  </Attribute>
  <AccessorAttribute
    Name="HrEmplInfo"
    Association="erp.model.HrEmplProfileFk1Assoc"
    AssociationEnd="erp.model.HrEmplProfileFk1Assoc.HrEmplInfo"
    AssociationOtherEnd="erp.model.HrEmplProfileFk1Assoc.HrEmplProfile"
    Type="oracle.jbo.server.EntityImpl"
    IsUpdateable="true"/>
  <Key
    Name="SysC007026"
    PrimaryKey="true">
    <DesignTime>
      <Attr Name="_DBObjectName" Value="SYS_C007026"/>
    </DesignTime>
    <AttrArray Name="Attributes">
      <Item Value="erp.model.HrEmplProfile.EmployeeNo"/>
    </AttrArray>
  </Key>
  <Key
    Name="HrEmplProfileFk1">
    <DesignTime>
      <Attr Name="_isCascadeDelete" Value="true"/>
      <Attr Name="_referencedKey" Value="SYS_C007012"/>
      <Attr Name="_isForeign" Value="true"/>
      <Attr Name="_DBObjectName" Value="HR_EMPL_PROFILE_FK1"/>
    </DesignTime>
    <AttrArray Name="Attributes">
      <Item Value="erp.model.HrEmplProfile.EmployeeNo"/>
    </AttrArray>
  </Key>
  <ResourceBundle>
    <PropertiesBundle
      PropertiesFile="erp.model.SUNWAY_ERP_ModelBundle"/>
  </ResourceBundle>
</Entity>
