<?xml version="1.0" encoding="windows-1252" ?>
<!DOCTYPE Entity SYSTEM "jbo_03_01.dtd">
<!---->
<Entity
  xmlns="http://xmlns.oracle.com/bc4j"
  Name="HrEmplContactInfo"
  Version="12.2.1.12.24"
  InheritPersonalization="merge"
  DBObjectType="table"
  DBObjectName="HR_EMPL_CONTACT_INFO"
  AliasName="HrEmplContactInfo"
  BindingStyle="OracleName"
  xmlns:validation="http://xmlns.oracle.com/adfm/validation"
  RowClass="erp.model.HrEmplContactInfoImpl">
  <DesignTime>
    <Attr Name="_codeGenFlag2" Value="Init|Access"/>
    <Attr Name="_isCodegen" Value="true"/>
  </DesignTime>
  <Attribute
    Name="EmployeeNo"
    IsNotNull="true"
    ColumnName="EMPLOYEE_NO"
    SQLType="NUMERIC"
    Type="java.math.BigDecimal"
    ColumnType="NUMBER"
    TableName="HR_EMPL_CONTACT_INFO"
    PrimaryKey="true"/>
  <Attribute
    Name="EffectFrom"
    ColumnName="EFFECT_FROM"
    SQLType="DATE"
    Type="java.sql.Timestamp"
    ColumnType="DATE"
    TableName="HR_EMPL_CONTACT_INFO"/>
  <Attribute
    Name="AddressType"
    IsNotNull="true"
    Precision="32"
    ColumnName="ADDRESS_TYPE"
    SQLType="VARCHAR"
    Type="java.lang.String"
    ColumnType="VARCHAR2"
    TableName="HR_EMPL_CONTACT_INFO">
    <DesignTime>
      <Attr Name="_DisplaySize" Value="32"/>
    </DesignTime>
  </Attribute>
  <Attribute
    Name="Preferred"
    Precision="8"
    ColumnName="PREFERRED"
    SQLType="VARCHAR"
    Type="java.lang.String"
    ColumnType="VARCHAR2"
    TableName="HR_EMPL_CONTACT_INFO">
    <DesignTime>
      <Attr Name="_DisplaySize" Value="8"/>
    </DesignTime>
  </Attribute>
  <Attribute
    Name="Street"
    Precision="32"
    ColumnName="STREET"
    SQLType="VARCHAR"
    Type="java.lang.String"
    ColumnType="VARCHAR2"
    TableName="HR_EMPL_CONTACT_INFO">
    <DesignTime>
      <Attr Name="_DisplaySize" Value="32"/>
    </DesignTime>
  </Attribute>
  <Attribute
    Name="City"
    Precision="32"
    ColumnName="CITY"
    SQLType="VARCHAR"
    Type="java.lang.String"
    ColumnType="VARCHAR2"
    TableName="HR_EMPL_CONTACT_INFO">
    <DesignTime>
      <Attr Name="_DisplaySize" Value="32"/>
    </DesignTime>
  </Attribute>
  <Attribute
    Name="State"
    Precision="32"
    ColumnName="STATE"
    SQLType="VARCHAR"
    Type="java.lang.String"
    ColumnType="VARCHAR2"
    TableName="HR_EMPL_CONTACT_INFO">
    <DesignTime>
      <Attr Name="_DisplaySize" Value="32"/>
    </DesignTime>
  </Attribute>
  <Attribute
    Name="Country"
    Precision="32"
    ColumnName="COUNTRY"
    SQLType="VARCHAR"
    Type="java.lang.String"
    ColumnType="VARCHAR2"
    TableName="HR_EMPL_CONTACT_INFO">
    <DesignTime>
      <Attr Name="_DisplaySize" Value="32"/>
    </DesignTime>
  </Attribute>
  <Attribute
    Name="Email"
    IsNotNull="true"
    Precision="32"
    ColumnName="EMAIL"
    SQLType="VARCHAR"
    Type="java.lang.String"
    ColumnType="VARCHAR2"
    TableName="HR_EMPL_CONTACT_INFO"
    PrimaryKey="true">
    <DesignTime>
      <Attr Name="_DisplaySize" Value="32"/>
    </DesignTime>
    <validation:RegExpValidationBean
      Name="EmailRule0"
      ResId="erp.model.HrEmplContactInfoView.Email_Rule"
      OnAttribute="Email"
      Pattern="[a-zA-Z0-9._%+-]+@[a-zA-Z0-9.-]+\.[a-zA-Z]{2,4}"
      Inverse="false"/>
  </Attribute>
  <Attribute
    Name="Phoneno"
    IsNotNull="true"
    Precision="20"
    ColumnName="PHONENO"
    SQLType="VARCHAR"
    Type="java.lang.String"
    ColumnType="VARCHAR2"
    TableName="HR_EMPL_CONTACT_INFO"
    PrimaryKey="true">
    <DesignTime>
      <Attr Name="_DisplaySize" Value="20"/>
    </DesignTime>
    <validation:LengthValidationBean
      Name="PhonenoRule0"
      ResId="erp.model.inv.InvCustomersView.Phoneno_Rule"
      OnAttribute="Phoneno"
      CompareType="EQUALTO"
      DataType="CHARACTER"
      CompareLength="8"
      Inverse="false"/>
  </Attribute>
  <Attribute
    Name="Notes"
    Precision="1000"
    ColumnName="NOTES"
    SQLType="VARCHAR"
    Type="java.lang.String"
    ColumnType="VARCHAR2"
    TableName="HR_EMPL_CONTACT_INFO">
    <DesignTime>
      <Attr Name="_DisplaySize" Value="1000"/>
    </DesignTime>
  </Attribute>
  <AccessorAttribute
    Name="HrEmplInfo"
    Association="erp.model.HrEmplAddressFk1Assoc"
    AssociationEnd="erp.model.HrEmplAddressFk1Assoc.HrEmplInfo"
    AssociationOtherEnd="erp.model.HrEmplAddressFk1Assoc.HrEmplContactInfo"
    Type="oracle.jbo.server.EntityImpl"
    IsUpdateable="true"/>
  <Key
    Name="HrEmplAddressPk"
    PrimaryKey="true">
    <DesignTime>
      <Attr Name="_DBObjectName" Value="HR_EMPL_ADDRESS_PK"/>
    </DesignTime>
    <AttrArray Name="Attributes">
      <Item Value="erp.model.HrEmplContactInfo.Email"/>
      <Item Value="erp.model.HrEmplContactInfo.EmployeeNo"/>
      <Item Value="erp.model.HrEmplContactInfo.Phoneno"/>
    </AttrArray>
  </Key>
  <Key
    Name="HrEmplAddressFk1">
    <DesignTime>
      <Attr Name="_isCascadeDelete" Value="true"/>
      <Attr Name="_referencedKey" Value="SYS_C007012"/>
      <Attr Name="_isForeign" Value="true"/>
      <Attr Name="_DBObjectName" Value="HR_EMPL_ADDRESS_FK1"/>
    </DesignTime>
    <AttrArray Name="Attributes">
      <Item Value="erp.model.HrEmplContactInfo.EmployeeNo"/>
    </AttrArray>
  </Key>
  <ResourceBundle>
    <PropertiesBundle
      PropertiesFile="erp.model.SUNWAY_ERP_ModelBundle"/>
  </ResourceBundle>
</Entity>
