<?xml version="1.0" encoding="windows-1252" ?>
<!DOCTYPE Entity SYSTEM "jbo_03_01.dtd">
<!---->
<Entity
  xmlns="http://xmlns.oracle.com/bc4j"
  Name="HrEmplInfo"
  Version="12.2.1.9.14"
  InheritPersonalization="merge"
  DBObjectType="table"
  DBObjectName="HR_EMPL_INFO"
  AliasName="HrEmplInfo"
  BindingStyle="OracleName"
  xmlns:validation="http://xmlns.oracle.com/adfm/validation">
  <Attribute
    Name="EmployeeNo"
    ColumnName="EMPLOYEE_NO"
    SQLType="NUMERIC"
    Type="oracle.jbo.domain.DBSequence"
    ColumnType="NUMBER"
    TableName="HR_EMPL_INFO"
    PrimaryKey="true"
    IsUpdateable="while_insert"
    DefaultValue="@0"
    Domain="oracle.jbo.domain.DBSequence"
    RetrievedOnInsert="true"/>
  <Attribute
    Name="Prefix"
    Precision="8"
    ColumnName="PREFIX"
    SQLType="VARCHAR"
    Type="java.lang.String"
    ColumnType="VARCHAR2"
    TableName="HR_EMPL_INFO">
    <DesignTime>
      <Attr Name="_DisplaySize" Value="8"/>
    </DesignTime>
  </Attribute>
  <Attribute
    Name="FirstName"
    IsNotNull="true"
    Precision="32"
    ColumnName="FIRST_NAME"
    SQLType="VARCHAR"
    Type="java.lang.String"
    ColumnType="VARCHAR2"
    TableName="HR_EMPL_INFO">
    <DesignTime>
      <Attr Name="_DisplaySize" Value="32"/>
    </DesignTime>
  </Attribute>
  <Attribute
    Name="MiddleName"
    Precision="32"
    ColumnName="MIDDLE_NAME"
    SQLType="VARCHAR"
    Type="java.lang.String"
    ColumnType="VARCHAR2"
    TableName="HR_EMPL_INFO">
    <DesignTime>
      <Attr Name="_DisplaySize" Value="32"/>
    </DesignTime>
  </Attribute>
  <Attribute
    Name="LastName"
    IsNotNull="true"
    Precision="32"
    ColumnName="LAST_NAME"
    SQLType="VARCHAR"
    Type="java.lang.String"
    ColumnType="VARCHAR2"
    TableName="HR_EMPL_INFO">
    <DesignTime>
      <Attr Name="_DisplaySize" Value="32"/>
    </DesignTime>
  </Attribute>
  <Attribute
    Name="DateOfBirth"
    IsNotNull="true"
    ColumnName="DATE_OF_BIRTH"
    SQLType="DATE"
    Type="java.sql.Timestamp"
    ColumnType="DATE"
    TableName="HR_EMPL_INFO">
    <validation:CompareValidationBean
      Name="DoBValidation"
      ResId="erp.model.HrEmplInfo.DateOfBirth_Rule_0"
      Description="Date of Birth should be before today's date"
      OnAttribute="DateOfBirth"
      OperandType="EXPR"
      Inverse="false"
      CompareType="LESSTHAN">
      <validation:TransientExpression
        Name="ValidationRuleScript"
        trustMode="untrusted"
        CodeSourceName="HrEmplInfoRow"/>
    </validation:CompareValidationBean>
  </Attribute>
  <Attribute
    Name="Gender"
    IsNotNull="true"
    Precision="8"
    ColumnName="GENDER"
    SQLType="VARCHAR"
    Type="java.lang.String"
    ColumnType="VARCHAR2"
    TableName="HR_EMPL_INFO">
    <DesignTime>
      <Attr Name="_DisplaySize" Value="8"/>
    </DesignTime>
  </Attribute>
  <Attribute
    Name="MarStatus"
    IsNotNull="true"
    Precision="32"
    ColumnName="MAR_STATUS"
    SQLType="VARCHAR"
    Type="java.lang.String"
    ColumnType="VARCHAR2"
    TableName="HR_EMPL_INFO">
    <DesignTime>
      <Attr Name="_DisplaySize" Value="32"/>
    </DesignTime>
  </Attribute>
  <Attribute
    Name="Nationality"
    Precision="100"
    ColumnName="NATIONALITY"
    SQLType="VARCHAR"
    Type="java.lang.String"
    ColumnType="VARCHAR2"
    TableName="HR_EMPL_INFO">
    <DesignTime>
      <Attr Name="_DisplaySize" Value="100"/>
    </DesignTime>
  </Attribute>
  <Attribute
    Name="EmplStatus"
    IsNotNull="true"
    Precision="32"
    ColumnName="EMPL_STATUS"
    SQLType="VARCHAR"
    Type="java.lang.String"
    ColumnType="VARCHAR2"
    TableName="HR_EMPL_INFO">
    <DesignTime>
      <Attr Name="_DisplaySize" Value="32"/>
    </DesignTime>
  </Attribute>
  <Attribute
    Name="EmplId"
    Precision="32"
    ColumnName="EMPL_ID"
    SQLType="VARCHAR"
    Type="java.lang.String"
    ColumnType="VARCHAR2"
    TableName="HR_EMPL_INFO">
    <DesignTime>
      <Attr Name="_DisplaySize" Value="32"/>
    </DesignTime>
  </Attribute>
  <Attribute
    Name="EmplPic"
    IsQueriable="false"
    ColumnName="EMPL_PIC"
    SQLType="BLOB"
    Type="oracle.jbo.domain.BlobDomain"
    ColumnType="BLOB"
    TableName="HR_EMPL_INFO"/>
  <Attribute
    Name="Notesremarks"
    Precision="1000"
    ColumnName="NOTESREMARKS"
    SQLType="VARCHAR"
    Type="java.lang.String"
    ColumnType="VARCHAR2"
    TableName="HR_EMPL_INFO">
    <DesignTime>
      <Attr Name="_DisplaySize" Value="1000"/>
    </DesignTime>
  </Attribute>
  <AccessorAttribute
    Name="HrEmplBenefits"
    Association="erp.model.EmplBenefitsAssoc"
    AssociationEnd="erp.model.EmplBenefitsAssoc.HrEmplBenefits"
    AssociationOtherEnd="erp.model.EmplBenefitsAssoc.HrEmplInfo"
    Type="oracle.jbo.server.EntityImpl"
    IsUpdateable="true"/>
  <AccessorAttribute
    Name="HrEmplExperience"
    Association="erp.model.EmplExperienceAssoc"
    AssociationEnd="erp.model.EmplExperienceAssoc.HrEmplExperience"
    AssociationOtherEnd="erp.model.EmplExperienceAssoc.HrEmplInfo"
    Type="oracle.jbo.RowIterator"
    IsUpdateable="false"/>
  <AccessorAttribute
    Name="HrEmplBankInfo"
    Association="erp.model.EmplBankinfoAssoc"
    AssociationEnd="erp.model.EmplBankinfoAssoc.HrEmplBankInfo"
    AssociationOtherEnd="erp.model.EmplBankinfoAssoc.HrEmplInfo"
    Type="oracle.jbo.RowIterator"
    IsUpdateable="false"/>
  <AccessorAttribute
    Name="HrEmplEducation"
    Association="erp.model.EmplEducationAssoc"
    AssociationEnd="erp.model.EmplEducationAssoc.HrEmplEducation"
    AssociationOtherEnd="erp.model.EmplEducationAssoc.HrEmplInfo"
    Type="oracle.jbo.RowIterator"
    IsUpdateable="false"/>
  <AccessorAttribute
    Name="HrEmplCompanyProperties"
    Association="erp.model.EmplCompanypropertiesAssoc"
    AssociationEnd="erp.model.EmplCompanypropertiesAssoc.HrEmplCompanyProperties"
    AssociationOtherEnd="erp.model.EmplCompanypropertiesAssoc.HrEmplInfo"
    Type="oracle.jbo.RowIterator"
    IsUpdateable="false"/>
  <AccessorAttribute
    Name="HrEmplContactInfo"
    Association="erp.model.HrEmplAddressFk1Assoc"
    AssociationEnd="erp.model.HrEmplAddressFk1Assoc.HrEmplContactInfo"
    AssociationOtherEnd="erp.model.HrEmplAddressFk1Assoc.HrEmplInfo"
    Type="oracle.jbo.RowIterator"
    IsUpdateable="false"/>
  <AccessorAttribute
    Name="HrEmplAppraisal"
    Association="erp.model.EmplAppraisalAssoc"
    AssociationEnd="erp.model.EmplAppraisalAssoc.HrEmplAppraisal"
    AssociationOtherEnd="erp.model.EmplAppraisalAssoc.HrEmplInfo"
    Type="oracle.jbo.RowIterator"
    IsUpdateable="false"/>
  <AccessorAttribute
    Name="HrEmplCompensation"
    Association="erp.model.EmplCompensationsAssoc"
    AssociationEnd="erp.model.EmplCompensationsAssoc.HrEmplCompensation"
    AssociationOtherEnd="erp.model.EmplCompensationsAssoc.HrEmplInfo"
    Type="oracle.jbo.server.EntityImpl"
    IsUpdateable="true"/>
  <AccessorAttribute
    Name="HrEmplJob"
    Association="erp.model.EmplJobAssoc"
    AssociationEnd="erp.model.EmplJobAssoc.HrEmplJob"
    AssociationOtherEnd="erp.model.EmplJobAssoc.HrEmplInfo"
    Type="oracle.jbo.RowIterator"
    IsUpdateable="false"/>
  <AccessorAttribute
    Name="HrEmplLeaves"
    Association="erp.model.EmplLeavesAssoc"
    AssociationEnd="erp.model.EmplLeavesAssoc.HrEmplLeaves"
    AssociationOtherEnd="erp.model.EmplLeavesAssoc.HrEmplInfo"
    Type="oracle.jbo.RowIterator"
    IsUpdateable="false"/>
  <AccessorAttribute
    Name="HrEmplLoan"
    Association="erp.model.EmplLoanAssoc"
    AssociationEnd="erp.model.EmplLoanAssoc.HrEmplLoan"
    AssociationOtherEnd="erp.model.EmplLoanAssoc.HrEmplInfo"
    Type="oracle.jbo.RowIterator"
    IsUpdateable="false"/>
  <AccessorAttribute
    Name="HrEmplPassport"
    Association="erp.model.EmplPassportAssoc"
    AssociationEnd="erp.model.EmplPassportAssoc.HrEmplPassport"
    AssociationOtherEnd="erp.model.EmplPassportAssoc.HrEmplInfo"
    Type="oracle.jbo.RowIterator"
    IsUpdateable="false"/>
  <AccessorAttribute
    Name="HrEmplProfile"
    Association="erp.model.HrEmplProfileFk1Assoc"
    AssociationEnd="erp.model.HrEmplProfileFk1Assoc.HrEmplProfile"
    AssociationOtherEnd="erp.model.HrEmplProfileFk1Assoc.HrEmplInfo"
    Type="oracle.jbo.server.EntityImpl"
    IsUpdateable="true"/>
  <AccessorAttribute
    Name="HrEmplRelatives"
    Association="erp.model.EmplDependentsAssoc"
    AssociationEnd="erp.model.EmplDependentsAssoc.HrEmplRelatives"
    AssociationOtherEnd="erp.model.EmplDependentsAssoc.HrEmplInfo"
    Type="oracle.jbo.RowIterator"
    IsUpdateable="false"/>
  <AccessorAttribute
    Name="HrEmplResidencePermit"
    Association="erp.model.HrResidencePermitFk1Assoc"
    AssociationEnd="erp.model.HrResidencePermitFk1Assoc.HrEmplResidencePermit"
    AssociationOtherEnd="erp.model.HrResidencePermitFk1Assoc.HrEmplInfo"
    Type="oracle.jbo.RowIterator"
    IsUpdateable="false"/>
  <AccessorAttribute
    Name="HrEmplTrainings"
    Association="erp.model.EmplCourseAssoc"
    AssociationEnd="erp.model.EmplCourseAssoc.HrEmplTrainings"
    AssociationOtherEnd="erp.model.EmplCourseAssoc.HrEmplInfo"
    Type="oracle.jbo.RowIterator"
    IsUpdateable="false"/>
  <Key
    Name="SysC007012"
    PrimaryKey="true">
    <DesignTime>
      <Attr Name="_DBObjectName" Value="SYS_C007012"/>
    </DesignTime>
    <AttrArray Name="Attributes">
      <Item Value="erp.model.HrEmplInfo.EmployeeNo"/>
    </AttrArray>
  </Key>
  <ResourceBundle>
    <PropertiesBundle
      PropertiesFile="erp.model.SUNWAY_ERP_ModelBundle"/>
  </ResourceBundle>
</Entity>
