<?xml version="1.0" encoding="windows-1252" ?>
<!DOCTYPE ViewObject SYSTEM "jbo_03_01.dtd">
<!---->
<ViewObject
  xmlns="http://xmlns.oracle.com/bc4j"
  Name="HrEmplResidencePermit1View"
  Version="12.2.1.12.24"
  InheritPersonalization="merge"
  SelectListFlags="1"
  FromListFlags="1"
  WhereFlags="1"
  BindingStyle="OracleName"
  CustomQuery="false"
  SelectAllAttributes="false"
  PageIterMode="Full"
  FetchMode="FETCH_AS_NEEDED"
  MaxFetchSize="0">
  <ViewAccessor
    Name="LookupCode1"
    ViewObjectName="erp.model.LookupCode"
    RowLevelBinds="true">
    <ParameterMap>
      <PIMap Variable="BindLookupType">
        <TransientExpression
          trustMode="untrusted"
          Name="ExpressionScript"><![CDATA['VISA_TYPE']]></TransientExpression>
      </PIMap>
    </ParameterMap>
  </ViewAccessor>
  <ViewAccessor
    Name="LookupCode2"
    ViewObjectName="erp.model.LookupCode"
    RowLevelBinds="true">
    <ParameterMap>
      <PIMap Variable="BindLookupType">
        <TransientExpression
          trustMode="untrusted"
          Name="ExpressionScript"><![CDATA['DURATION_TYPE']]></TransientExpression>
      </PIMap>
    </ParameterMap>
  </ViewAccessor>
  <ViewAccessor
    Name="LookupCode3"
    ViewObjectName="erp.model.LookupCode"
    RowLevelBinds="true">
    <ParameterMap>
      <PIMap Variable="BindLookupType">
        <TransientExpression
          trustMode="untrusted"
          Name="ExpressionScript"><![CDATA['VISA_STATUS']]></TransientExpression>
      </PIMap>
    </ParameterMap>
  </ViewAccessor>
  <ListBinding
    Name="LOV_VisaStatus"
    ListVOName="LookupCode3"
    NullValueFlag="none"
    MRUCount="0">
    <AttrArray Name="AttrNames">
      <Item Value="VisaStatus"/>
    </AttrArray>
    <AttrArray Name="AttrExpressions"/>
    <AttrArray Name="ListAttrNames">
      <Item Value="LookupCode"/>
    </AttrArray>
    <AttrArray Name="ListDisplayAttrNames">
      <Item Value="Meaning"/>
    </AttrArray>
    <DisplayCriteria/>
  </ListBinding>
  <ListBinding
    Name="LOV_VisaType"
    ListVOName="LookupCode1"
    NullValueFlag="start"
    NullValueId="${adfBundle['oracle.javatools.resourcebundle.SystemBundle']['NULL_VALUE_RESID']}"
    MRUCount="0">
    <AttrArray Name="AttrNames">
      <Item Value="VisaType"/>
    </AttrArray>
    <AttrArray Name="AttrExpressions"/>
    <AttrArray Name="ListAttrNames">
      <Item Value="LookupCode"/>
    </AttrArray>
    <AttrArray Name="ListDisplayAttrNames">
      <Item Value="Meaning"/>
    </AttrArray>
    <DisplayCriteria/>
  </ListBinding>
  <ListBinding
    Name="LOV_DurationType"
    ListVOName="LookupCode2"
    NullValueFlag="start"
    NullValueId="${adfBundle['oracle.javatools.resourcebundle.SystemBundle']['NULL_VALUE_RESID']}"
    MRUCount="0">
    <AttrArray Name="AttrNames">
      <Item Value="DurationType"/>
    </AttrArray>
    <AttrArray Name="AttrExpressions"/>
    <AttrArray Name="ListAttrNames">
      <Item Value="LookupCode"/>
    </AttrArray>
    <AttrArray Name="ListDisplayAttrNames">
      <Item Value="Meaning"/>
    </AttrArray>
    <DisplayCriteria/>
  </ListBinding>
  <EntityUsage
    Name="HrEmplResidencePermit1"
    Entity="erp.model.HrEmplResidencePermit1"/>
  <ViewAttribute
    Name="EmployeeNo"
    IsNotNull="true"
    PrecisionRule="true"
    EntityAttrName="EmployeeNo"
    EntityUsage="HrEmplResidencePermit1"
    AliasName="EMPLOYEE_NO">
    <Properties>
      <SchemaBasedProperties>
        <LABEL
          ResId="erp.model.HrEmplResidencePermit1View.EmployeeNo_LABEL"/>
      </SchemaBasedProperties>
    </Properties>
  </ViewAttribute>
  <ViewAttribute
    Name="VisaType"
    PrecisionRule="true"
    EntityAttrName="VisaType"
    EntityUsage="HrEmplResidencePermit1"
    AliasName="VISA_TYPE"
    LOVName="LOV_VisaType">
    <Properties>
      <SchemaBasedProperties>
        <LABEL
          ResId="erp.model.HrEmplResidencePermit1View.VisaType_LABEL"/>
        <CONTROLTYPE
          Value="choice"/>
      </SchemaBasedProperties>
    </Properties>
  </ViewAttribute>
  <ViewAttribute
    Name="Id"
    IsNotNull="true"
    PrecisionRule="true"
    EntityAttrName="Id"
    EntityUsage="HrEmplResidencePermit1"
    AliasName="ID">
    <Properties>
      <SchemaBasedProperties>
        <LABEL
          ResId="erp.model.HrEmplResidencePermit1View.Id_LABEL"/>
      </SchemaBasedProperties>
    </Properties>
  </ViewAttribute>
  <ViewAttribute
    Name="Nationality"
    PrecisionRule="true"
    EntityAttrName="Nationality"
    EntityUsage="HrEmplResidencePermit1"
    AliasName="NATIONALITY">
    <Properties>
      <SchemaBasedProperties>
        <LABEL
          ResId="erp.model.HrEmplResidencePermit1View.Nationality_LABEL"/>
      </SchemaBasedProperties>
    </Properties>
  </ViewAttribute>
  <ViewAttribute
    Name="VisaStatus"
    IsNotNull="true"
    PrecisionRule="true"
    EntityAttrName="VisaStatus"
    EntityUsage="HrEmplResidencePermit1"
    AliasName="VISA_STATUS"
    LOVName="LOV_VisaStatus">
    <Properties>
      <SchemaBasedProperties>
        <LABEL
          ResId="erp.model.HrEmplResidencePermit1View.VisaStatus_LABEL"/>
        <CONTROLTYPE
          Value="choice"/>
      </SchemaBasedProperties>
    </Properties>
  </ViewAttribute>
  <ViewAttribute
    Name="StartDate"
    IsNotNull="true"
    PrecisionRule="true"
    EntityAttrName="StartDate"
    EntityUsage="HrEmplResidencePermit1"
    AliasName="START_DATE">
    <Properties>
      <SchemaBasedProperties>
        <LABEL
          ResId="erp.model.HrEmplResidencePermit1View.StartDate_LABEL"/>
      </SchemaBasedProperties>
    </Properties>
  </ViewAttribute>
  <ViewAttribute
    Name="EndDate"
    IsNotNull="true"
    PrecisionRule="true"
    EntityAttrName="EndDate"
    EntityUsage="HrEmplResidencePermit1"
    AliasName="END_DATE">
    <Properties>
      <SchemaBasedProperties>
        <LABEL
          ResId="erp.model.HrEmplResidencePermit1View.EndDate_LABEL"/>
      </SchemaBasedProperties>
    </Properties>
  </ViewAttribute>
  <ViewAttribute
    Name="DurationType"
    PrecisionRule="true"
    EntityAttrName="DurationType"
    EntityUsage="HrEmplResidencePermit1"
    AliasName="DURATION_TYPE"
    LOVName="LOV_DurationType">
    <Properties>
      <SchemaBasedProperties>
        <LABEL
          ResId="erp.model.HrEmplResidencePermit1View.DurationType_LABEL"/>
        <CONTROLTYPE
          Value="choice"/>
      </SchemaBasedProperties>
    </Properties>
  </ViewAttribute>
  <ViewAttribute
    Name="VisaDuration"
    PrecisionRule="true"
    EntityAttrName="VisaDuration"
    EntityUsage="HrEmplResidencePermit1"
    AliasName="VISA_DURATION">
    <Properties>
      <SchemaBasedProperties>
        <LABEL
          ResId="erp.model.HrEmplResidencePermit1View.VisaDuration_LABEL"/>
      </SchemaBasedProperties>
    </Properties>
  </ViewAttribute>
  <ViewAttribute
    Name="IssuePlace"
    PrecisionRule="true"
    EntityAttrName="IssuePlace"
    EntityUsage="HrEmplResidencePermit1"
    AliasName="ISSUE_PLACE">
    <Properties>
      <SchemaBasedProperties>
        <LABEL
          ResId="erp.model.HrEmplResidencePermit1View.IssuePlace_LABEL"/>
      </SchemaBasedProperties>
    </Properties>
  </ViewAttribute>
  <ViewAttribute
    Name="IssuedAuthority"
    PrecisionRule="true"
    EntityAttrName="IssuedAuthority"
    EntityUsage="HrEmplResidencePermit1"
    AliasName="ISSUED_AUTHORITY">
    <Properties>
      <SchemaBasedProperties>
        <LABEL
          ResId="erp.model.HrEmplResidencePermit1View.IssuedAuthority_LABEL"/>
      </SchemaBasedProperties>
    </Properties>
  </ViewAttribute>
  <ViewAttribute
    Name="Occupation"
    PrecisionRule="true"
    EntityAttrName="Occupation"
    EntityUsage="HrEmplResidencePermit1"
    AliasName="OCCUPATION">
    <Properties>
      <SchemaBasedProperties>
        <LABEL
          ResId="erp.model.HrEmplResidencePermit1View.Occupation_LABEL"/>
      </SchemaBasedProperties>
    </Properties>
  </ViewAttribute>
  <ResourceBundle>
    <PropertiesBundle
      PropertiesFile="erp.model.SUNWAY_ERP_ModelBundle"/>
  </ResourceBundle>
</ViewObject>
