<?xml version="1.0" encoding="windows-1252" ?>
<!DOCTYPE ViewObject SYSTEM "jbo_03_01.dtd">
<!---->
<ViewObject
  xmlns="http://xmlns.oracle.com/bc4j"
  Name="HrEmplAppraisal1View"
  Version="12.2.1.12.24"
  InheritPersonalization="merge"
  SelectListFlags="1"
  FromListFlags="1"
  WhereFlags="1"
  BindingStyle="OracleName"
  CustomQuery="false"
  SelectAllAttributes="false"
  PageIterMode="Full"
  FetchMode="FETCH_AS_NEEDED"
  MaxFetchSize="0">
  <EntityUsage
    Name="HrEmplAppraisal1"
    Entity="erp.model.HrEmplAppraisal1"/>
  <ViewAttribute
    Name="EmployeeNo"
    IsNotNull="true"
    PrecisionRule="true"
    EntityAttrName="EmployeeNo"
    EntityUsage="HrEmplAppraisal1"
    AliasName="EMPLOYEE_NO">
    <Properties>
      <SchemaBasedProperties>
        <LABEL
          ResId="erp.model.HrEmplAppraisal1View.EmployeeNo_LABEL"/>
      </SchemaBasedProperties>
    </Properties>
  </ViewAttribute>
  <ViewAttribute
    Name="AppraisalYear"
    PrecisionRule="true"
    EntityAttrName="AppraisalYear"
    EntityUsage="HrEmplAppraisal1"
    AliasName="APPRAISAL_YEAR">
    <Properties>
      <SchemaBasedProperties>
        <LABEL
          ResId="erp.model.HrEmplAppraisal1View.AppraisalYear_LABEL"/>
      </SchemaBasedProperties>
    </Properties>
  </ViewAttribute>
  <ViewAttribute
    Name="Kpi1"
    PrecisionRule="true"
    EntityAttrName="Kpi1"
    EntityUsage="HrEmplAppraisal1"
    AliasName="KPI_1">
    <Properties>
      <SchemaBasedProperties>
        <LABEL
          ResId="erp.model.HrEmplAppraisal1View.Kpi1_LABEL"/>
      </SchemaBasedProperties>
    </Properties>
  </ViewAttribute>
  <ViewAttribute
    Name="Kpi2"
    PrecisionRule="true"
    EntityAttrName="Kpi2"
    EntityUsage="HrEmplAppraisal1"
    AliasName="KPI_2">
    <Properties>
      <SchemaBasedProperties>
        <LABEL
          ResId="erp.model.HrEmplAppraisal1View.Kpi2_LABEL"/>
      </SchemaBasedProperties>
    </Properties>
  </ViewAttribute>
  <ViewAttribute
    Name="Kpi3"
    PrecisionRule="true"
    EntityAttrName="Kpi3"
    EntityUsage="HrEmplAppraisal1"
    AliasName="KPI_3">
    <Properties>
      <SchemaBasedProperties>
        <LABEL
          ResId="erp.model.HrEmplAppraisal1View.Kpi3_LABEL"/>
      </SchemaBasedProperties>
    </Properties>
  </ViewAttribute>
  <ViewAttribute
    Name="Kpi4"
    PrecisionRule="true"
    EntityAttrName="Kpi4"
    EntityUsage="HrEmplAppraisal1"
    AliasName="KPI_4">
    <Properties>
      <SchemaBasedProperties>
        <LABEL
          ResId="erp.model.HrEmplAppraisal1View.Kpi4_LABEL"/>
      </SchemaBasedProperties>
    </Properties>
  </ViewAttribute>
  <ViewAttribute
    Name="Kpi5"
    PrecisionRule="true"
    EntityAttrName="Kpi5"
    EntityUsage="HrEmplAppraisal1"
    AliasName="KPI_5">
    <Properties>
      <SchemaBasedProperties>
        <LABEL
          ResId="erp.model.HrEmplAppraisal1View.Kpi5_LABEL"/>
      </SchemaBasedProperties>
    </Properties>
  </ViewAttribute>
  <ViewAttribute
    Name="Notesremarks"
    PrecisionRule="true"
    EntityAttrName="Notesremarks"
    EntityUsage="HrEmplAppraisal1"
    AliasName="NOTESREMARKS">
    <Properties>
      <SchemaBasedProperties>
        <LABEL
          ResId="erp.model.HrEmplAppraisal1View.Notesremarks_LABEL"/>
      </SchemaBasedProperties>
    </Properties>
  </ViewAttribute>
  <ResourceBundle>
    <PropertiesBundle
      PropertiesFile="erp.model.SUNWAY_ERP_ModelBundle"/>
  </ResourceBundle>
</ViewObject>
