<?xml version="1.0" encoding="windows-1252" ?>
<!DOCTYPE Entity SYSTEM "jbo_03_01.dtd">
<!---->
<Entity
  xmlns="http://xmlns.oracle.com/bc4j"
  Name="HrEmplTrainings"
  Version="12.2.1.12.24"
  InheritPersonalization="merge"
  DBObjectType="table"
  DBObjectName="HR_EMPL_TRAININGS"
  AliasName="HrEmplTrainings"
  BindingStyle="OracleName">
  <Attribute
    Name="EmployeeNo"
    IsNotNull="true"
    ColumnName="EMPLOYEE_NO"
    SQLType="NUMERIC"
    Type="java.math.BigDecimal"
    ColumnType="NUMBER"
    TableName="HR_EMPL_TRAININGS"
    PrimaryKey="true"/>
  <Attribute
    Name="TrainingCode"
    IsNotNull="true"
    Precision="32"
    ColumnName="TRAINING_CODE"
    SQLType="VARCHAR"
    Type="java.lang.String"
    ColumnType="VARCHAR2"
    TableName="HR_EMPL_TRAININGS"
    PrimaryKey="true">
    <DesignTime>
      <Attr Name="_DisplaySize" Value="32"/>
    </DesignTime>
  </Attribute>
  <AccessorAttribute
    Name="HrEmplInfo"
    Association="erp.model.EmplCourseAssoc"
    AssociationEnd="erp.model.EmplCourseAssoc.HrEmplInfo"
    AssociationOtherEnd="erp.model.EmplCourseAssoc.HrEmplTrainings"
    Type="oracle.jbo.server.EntityImpl"
    IsUpdateable="true"/>
  <AccessorAttribute
    Name="HrTrainingsSeminars"
    Association="erp.model.HrEmplTrainingsFk1Assoc"
    AssociationEnd="erp.model.HrEmplTrainingsFk1Assoc.HrTrainingsSeminars"
    AssociationOtherEnd="erp.model.HrEmplTrainingsFk1Assoc.HrEmplTrainings"
    Type="oracle.jbo.server.EntityImpl"
    IsUpdateable="true"/>
  <Key
    Name="SysC007063"
    PrimaryKey="true">
    <DesignTime>
      <Attr Name="_DBObjectName" Value="SYS_C007063"/>
    </DesignTime>
    <AttrArray Name="Attributes">
      <Item Value="erp.model.HrEmplTrainings.EmployeeNo"/>
      <Item Value="erp.model.HrEmplTrainings.TrainingCode"/>
    </AttrArray>
  </Key>
  <Key
    Name="EmplCourse">
    <DesignTime>
      <Attr Name="_isCascadeDelete" Value="true"/>
      <Attr Name="_referencedKey" Value="SYS_C007012"/>
      <Attr Name="_isForeign" Value="true"/>
      <Attr Name="_DBObjectName" Value="EMPL_COURSE"/>
    </DesignTime>
    <AttrArray Name="Attributes">
      <Item Value="erp.model.HrEmplTrainings.EmployeeNo"/>
    </AttrArray>
  </Key>
  <Key
    Name="HrEmplTrainingsFk1">
    <DesignTime>
      <Attr Name="_isCascadeDelete" Value="true"/>
      <Attr Name="_referencedKey" Value="SYS_C007106"/>
      <Attr Name="_isForeign" Value="true"/>
      <Attr Name="_DBObjectName" Value="HR_EMPL_TRAININGS_FK1"/>
    </DesignTime>
    <AttrArray Name="Attributes">
      <Item Value="erp.model.HrEmplTrainings.TrainingCode"/>
    </AttrArray>
  </Key>
</Entity>
