<?xml version="1.0" encoding="windows-1252" ?>
<!DOCTYPE ViewObject SYSTEM "jbo_03_01.dtd">
<!---->
<ViewObject
  xmlns="http://xmlns.oracle.com/bc4j"
  Name="HrEmplInfoView"
  Version="12.2.1.9.14"
  InheritPersonalization="merge"
  SelectListFlags="1"
  FromListFlags="1"
  WhereFlags="1"
  BindingStyle="OracleName"
  CustomQuery="false"
  SelectAllAttributes="false"
  PageIterMode="Full">
  <ViewAccessor
    Name="LookupCode1"
    ViewObjectName="erp.model.LookupCode"
    RowLevelBinds="true">
    <ParameterMap>
      <PIMap Variable="BindLookupType">
        <TransientExpression
          Name="ExpressionScript"
          trustMode="untrusted"
          CodeSourceName="HrEmplInfoView"/>
      </PIMap>
    </ParameterMap>
  </ViewAccessor>
  <ViewAccessor
    Name="LookupCode2"
    ViewObjectName="erp.model.LookupCode"
    RowLevelBinds="true">
    <ParameterMap>
      <PIMap Variable="BindLookupType">
        <TransientExpression
          Name="ExpressionScript"
          trustMode="untrusted"
          CodeSourceName="HrEmplInfoView"/>
      </PIMap>
    </ParameterMap>
  </ViewAccessor>
  <ViewAccessor
    Name="LookupCode3"
    ViewObjectName="erp.model.LookupCode"
    RowLevelBinds="true">
    <ParameterMap>
      <PIMap Variable="BindLookupType">
        <TransientExpression
          Name="ExpressionScript"
          trustMode="untrusted"
          CodeSourceName="HrEmplInfoView"/>
      </PIMap>
    </ParameterMap>
  </ViewAccessor>
  <ViewAccessor
    Name="LookupCode4"
    ViewObjectName="erp.model.LookupCode"
    RowLevelBinds="true">
    <ParameterMap>
      <PIMap Variable="BindLookupType">
        <TransientExpression
          Name="ExpressionScript"
          trustMode="untrusted"
          CodeSourceName="HrEmplInfoView"/>
      </PIMap>
    </ParameterMap>
  </ViewAccessor>
  <ListBinding
    Name="LOV_Prefix"
    ListVOName="LookupCode4"
    NullValueFlag="none"
    MRUCount="0">
    <AttrArray Name="AttrNames">
      <Item Value="Prefix"/>
    </AttrArray>
    <AttrArray Name="AttrExpressions"/>
    <AttrArray Name="ListAttrNames">
      <Item Value="LookupCode"/>
    </AttrArray>
    <AttrArray Name="ListDisplayAttrNames">
      <Item Value="Meaning"/>
    </AttrArray>
    <DisplayCriteria/>
  </ListBinding>
  <ListBinding
    Name="LOV_Gender"
    ListVOName="LookupCode1"
    NullValueFlag="none"
    MRUCount="0">
    <AttrArray Name="AttrNames">
      <Item Value="Gender"/>
    </AttrArray>
    <AttrArray Name="AttrExpressions"/>
    <AttrArray Name="ListAttrNames">
      <Item Value="LookupCode"/>
    </AttrArray>
    <AttrArray Name="ListDisplayAttrNames">
      <Item Value="Meaning"/>
    </AttrArray>
    <DisplayCriteria/>
  </ListBinding>
  <ListBinding
    Name="LOV_MarStatus"
    ListVOName="LookupCode2"
    NullValueFlag="none"
    MRUCount="0">
    <AttrArray Name="AttrNames">
      <Item Value="MarStatus"/>
    </AttrArray>
    <AttrArray Name="AttrExpressions"/>
    <AttrArray Name="ListAttrNames">
      <Item Value="LookupCode"/>
    </AttrArray>
    <AttrArray Name="ListDisplayAttrNames">
      <Item Value="Meaning"/>
    </AttrArray>
    <DisplayCriteria/>
  </ListBinding>
  <ListBinding
    Name="LOV_EmplStatus"
    ListVOName="LookupCode3"
    NullValueFlag="none"
    MRUCount="0">
    <AttrArray Name="AttrNames">
      <Item Value="EmplStatus"/>
    </AttrArray>
    <AttrArray Name="AttrExpressions"/>
    <AttrArray Name="ListAttrNames">
      <Item Value="LookupCode"/>
    </AttrArray>
    <AttrArray Name="ListDisplayAttrNames">
      <Item Value="Meaning"/>
    </AttrArray>
    <DisplayCriteria/>
  </ListBinding>
  <EntityUsage
    Name="HrEmplInfo"
    Entity="erp.model.HrEmplInfo"/>
  <ViewAttribute
    Name="EmployeeNo"
    IsNotNull="true"
    PrecisionRule="true"
    EntityAttrName="EmployeeNo"
    EntityUsage="HrEmplInfo"
    AliasName="EMPLOYEE_NO"
    IsUpdateable="while_insert">
    <Properties>
      <SchemaBasedProperties>
        <LABEL
          ResId="erp.model.HrEmplInfoView.EmployeeNo_LABEL"/>
      </SchemaBasedProperties>
    </Properties>
  </ViewAttribute>
  <ViewAttribute
    Name="Prefix"
    PrecisionRule="true"
    EntityAttrName="Prefix"
    EntityUsage="HrEmplInfo"
    AliasName="PREFIX"
    LOVName="LOV_Prefix">
    <Properties>
      <SchemaBasedProperties>
        <LABEL
          ResId="erp.model.HrEmplInfoView.Prefix_LABEL"/>
        <CONTROLTYPE
          Value="choice"/>
      </SchemaBasedProperties>
    </Properties>
  </ViewAttribute>
  <ViewAttribute
    Name="FirstName"
    IsNotNull="true"
    PrecisionRule="true"
    EntityAttrName="FirstName"
    EntityUsage="HrEmplInfo"
    AliasName="FIRST_NAME">
    <Properties>
      <SchemaBasedProperties>
        <LABEL
          ResId="erp.model.HrEmplInfoView.FirstName_LABEL"/>
      </SchemaBasedProperties>
    </Properties>
  </ViewAttribute>
  <ViewAttribute
    Name="MiddleName"
    PrecisionRule="true"
    EntityAttrName="MiddleName"
    EntityUsage="HrEmplInfo"
    AliasName="MIDDLE_NAME">
    <Properties>
      <SchemaBasedProperties>
        <LABEL
          ResId="erp.model.HrEmplInfoView.MiddleName_LABEL"/>
      </SchemaBasedProperties>
    </Properties>
  </ViewAttribute>
  <ViewAttribute
    Name="LastName"
    IsNotNull="true"
    PrecisionRule="true"
    EntityAttrName="LastName"
    EntityUsage="HrEmplInfo"
    AliasName="LAST_NAME">
    <Properties>
      <SchemaBasedProperties>
        <LABEL
          ResId="erp.model.HrEmplInfoView.LastName_LABEL"/>
      </SchemaBasedProperties>
    </Properties>
  </ViewAttribute>
  <ViewAttribute
    Name="DateOfBirth"
    IsNotNull="true"
    PrecisionRule="true"
    EntityAttrName="DateOfBirth"
    EntityUsage="HrEmplInfo"
    AliasName="DATE_OF_BIRTH">
    <Properties>
      <SchemaBasedProperties>
        <LABEL
          ResId="erp.model.HrEmplInfoView.DateOfBirth_LABEL"/>
      </SchemaBasedProperties>
    </Properties>
  </ViewAttribute>
  <ViewAttribute
    Name="Gender"
    IsNotNull="true"
    PrecisionRule="true"
    EntityAttrName="Gender"
    EntityUsage="HrEmplInfo"
    AliasName="GENDER"
    LOVName="LOV_Gender">
    <Properties>
      <SchemaBasedProperties>
        <LABEL
          ResId="erp.model.HrEmplInfoView.Gender_LABEL"/>
        <CONTROLTYPE
          Value="choice"/>
      </SchemaBasedProperties>
    </Properties>
  </ViewAttribute>
  <ViewAttribute
    Name="MarStatus"
    IsNotNull="true"
    PrecisionRule="true"
    EntityAttrName="MarStatus"
    EntityUsage="HrEmplInfo"
    AliasName="MAR_STATUS"
    LOVName="LOV_MarStatus">
    <Properties>
      <SchemaBasedProperties>
        <LABEL
          ResId="erp.model.HrEmplInfoView.MarStatus_LABEL"/>
        <CONTROLTYPE
          Value="choice"/>
      </SchemaBasedProperties>
    </Properties>
  </ViewAttribute>
  <ViewAttribute
    Name="Nationality"
    PrecisionRule="true"
    EntityAttrName="Nationality"
    EntityUsage="HrEmplInfo"
    AliasName="NATIONALITY">
    <Properties>
      <SchemaBasedProperties>
        <LABEL
          ResId="erp.model.HrEmplInfoView.Nationality_LABEL"/>
      </SchemaBasedProperties>
    </Properties>
  </ViewAttribute>
  <ViewAttribute
    Name="EmplStatus"
    IsNotNull="true"
    PrecisionRule="true"
    EntityAttrName="EmplStatus"
    EntityUsage="HrEmplInfo"
    AliasName="EMPL_STATUS"
    LOVName="LOV_EmplStatus">
    <Properties>
      <SchemaBasedProperties>
        <LABEL
          ResId="erp.model.HrEmplInfoView.EmplStatus_LABEL"/>
        <CONTROLTYPE
          Value="choice"/>
      </SchemaBasedProperties>
    </Properties>
  </ViewAttribute>
  <ViewAttribute
    Name="EmplId"
    PrecisionRule="true"
    EntityAttrName="EmplId"
    EntityUsage="HrEmplInfo"
    AliasName="EMPL_ID">
    <Properties>
      <SchemaBasedProperties>
        <LABEL
          ResId="erp.model.HrEmplInfoView.EmplId_LABEL"/>
      </SchemaBasedProperties>
    </Properties>
  </ViewAttribute>
  <ViewAttribute
    Name="EmplPic"
    IsQueriable="false"
    PrecisionRule="true"
    EntityAttrName="EmplPic"
    EntityUsage="HrEmplInfo"
    AliasName="EMPL_PIC">
    <Properties>
      <SchemaBasedProperties>
        <LABEL
          ResId="erp.model.HrEmplInfoView.EmplPic_LABEL"/>
      </SchemaBasedProperties>
    </Properties>
  </ViewAttribute>
  <ViewAttribute
    Name="Notesremarks"
    PrecisionRule="true"
    EntityAttrName="Notesremarks"
    EntityUsage="HrEmplInfo"
    AliasName="NOTESREMARKS">
    <Properties>
      <SchemaBasedProperties>
        <LABEL
          ResId="erp.model.HrEmplInfoView.Notesremarks_LABEL"/>
      </SchemaBasedProperties>
    </Properties>
  </ViewAttribute>
  <ViewCriteria
    Name="HrEmplInfoViewCriteria"
    ViewObjectName="erp.model.HrEmplInfoView"
    Conjunction="AND">
    <Properties Name="_Props">
      <CustomProperties>
        <Property
          Name="autoExecute"
          Value="false"/>
        <Property
          Name="mode"
          Value="Basic"/>
        <Property
          Name="allowConjunctionOverride"
          Value="false"/>
        <Property
          Name="showInList"
          Value="true"/>
        <Property
          Name="displayName"
          ResId="erp.model.HrEmplInfoView.HrEmplInfoViewCriteria_displayName"/>
        <Property
          Name="displayOperators"
          Value="InAdvancedMode"/>
      </CustomProperties>
    </Properties>
    <ViewCriteriaRow
      Name="HrEmplInfoViewCriteria_row_0"
      UpperColumns="1">
      <ViewCriteriaItem
        Name="EmployeeNo"
        ViewAttribute="EmployeeNo"
        Operator="="
        Conjunction="AND"
        Required="Optional"/>
      <ViewCriteriaItem
        Name="LastName"
        ViewAttribute="LastName"
        Operator="="
        Conjunction="AND"
        Required="Optional"/>
      <ViewCriteriaItem
        Name="EmplStatus"
        ViewAttribute="EmplStatus"
        Operator="="
        Conjunction="AND"
        Required="Optional"/>
    </ViewCriteriaRow>
  </ViewCriteria>
  <ViewLinkAccessor
    Name="HrEmplBenefitsView"
    ViewLink="erp.model.EmplBenefitsLink"
    Type="oracle.jbo.server.ViewRowImpl"
    IsUpdateable="false"/>
  <ViewLinkAccessor
    Name="HrEmplExperienceView"
    ViewLink="erp.model.EmplExperienceLink"
    Type="oracle.jbo.RowIterator"
    IsUpdateable="false"/>
  <ViewLinkAccessor
    Name="HrEmplBankInfoView"
    ViewLink="erp.model.EmplBankinfoLink"
    Type="oracle.jbo.RowIterator"
    IsUpdateable="false"/>
  <ViewLinkAccessor
    Name="HrEmplEducationView"
    ViewLink="erp.model.EmplEducationLink"
    Type="oracle.jbo.RowIterator"
    IsUpdateable="false"/>
  <ViewLinkAccessor
    Name="HrEmplCompanyPropertiesView"
    ViewLink="erp.model.EmplCompanypropertiesLink"
    Type="oracle.jbo.RowIterator"
    IsUpdateable="false"/>
  <ViewLinkAccessor
    Name="HrEmplContactInfoView"
    ViewLink="erp.model.HrEmplAddressFk1Link"
    Type="oracle.jbo.RowIterator"
    IsUpdateable="false"/>
  <ViewLinkAccessor
    Name="HrEmplAppraisalView"
    ViewLink="erp.model.EmplAppraisalLink"
    Type="oracle.jbo.RowIterator"
    IsUpdateable="false"/>
  <ViewLinkAccessor
    Name="HrEmplCompensationView"
    ViewLink="erp.model.EmplCompensationsLink"
    Type="oracle.jbo.server.ViewRowImpl"
    IsUpdateable="false"/>
  <ViewLinkAccessor
    Name="HrEmplJobView"
    ViewLink="erp.model.EmplJobLink"
    Type="oracle.jbo.RowIterator"
    IsUpdateable="false"/>
  <ViewLinkAccessor
    Name="HrEmplLeavesView"
    ViewLink="erp.model.EmplLeavesLink"
    Type="oracle.jbo.RowIterator"
    IsUpdateable="false"/>
  <ViewLinkAccessor
    Name="HrEmplLoanView"
    ViewLink="erp.model.EmplLoanLink"
    Type="oracle.jbo.RowIterator"
    IsUpdateable="false"/>
  <ViewLinkAccessor
    Name="HrEmplPassportView"
    ViewLink="erp.model.EmplPassportLink"
    Type="oracle.jbo.RowIterator"
    IsUpdateable="false"/>
  <ViewLinkAccessor
    Name="HrEmplProfileView"
    ViewLink="erp.model.HrEmplProfileFk1Link"
    Type="oracle.jbo.server.ViewRowImpl"
    IsUpdateable="false"/>
  <ViewLinkAccessor
    Name="HrEmplRelativesView"
    ViewLink="erp.model.EmplDependentsLink"
    Type="oracle.jbo.RowIterator"
    IsUpdateable="false"/>
  <ViewLinkAccessor
    Name="HrEmplResidencePermitView"
    ViewLink="erp.model.HrResidencePermitFk1Link"
    Type="oracle.jbo.RowIterator"
    IsUpdateable="false"/>
  <ViewLinkAccessor
    Name="HrEmplTrainingsView"
    ViewLink="erp.model.EmplCourseLink"
    Type="oracle.jbo.RowIterator"
    IsUpdateable="false"/>
  <ViewLinkAccessor
    Name="HrEmplPayrollView1"
    ViewLink="erp.model.emplInfo_EmplPayrollLink"
    Type="oracle.jbo.RowIterator"
    IsUpdateable="false"/>
  <ViewLinkAccessor
    Name="HrEmplContactInfo1View"
    ViewLink="erp.model.emplInfo_contact1ViewLink"
    Type="oracle.jbo.RowIterator"
    IsUpdateable="false"/>
  <ViewLinkAccessor
    Name="HrEmplJob1View"
    ViewLink="erp.model.EmpInfo_Job1ViewLink"
    Type="oracle.jbo.RowIterator"
    IsUpdateable="false"/>
  <ViewLinkAccessor
    Name="HrEmplCompensation1View"
    ViewLink="erp.model.EmplInfo_comp1ViewLink"
    Type="oracle.jbo.RowIterator"
    IsUpdateable="false"/>
  <ViewLinkAccessor
    Name="HrEmplEducation1View"
    ViewLink="erp.model.EmplInfo_educ1ViewLink"
    Type="oracle.jbo.RowIterator"
    IsUpdateable="false"/>
  <ViewLinkAccessor
    Name="HrEmplExperience1View"
    ViewLink="erp.model.EmplInfo_exp1ViewLink"
    Type="oracle.jbo.RowIterator"
    IsUpdateable="false"/>
  <ViewLinkAccessor
    Name="HrEmplBankInfo1View"
    ViewLink="erp.model.EmplInfo_Bank1ViewLink"
    Type="oracle.jbo.RowIterator"
    IsUpdateable="false"/>
  <ViewLinkAccessor
    Name="HrEmplRelatives1View"
    ViewLink="erp.model.EmplInfo_relatives1ViewLink"
    Type="oracle.jbo.RowIterator"
    IsUpdateable="false"/>
  <ViewLinkAccessor
    Name="HrEmplLeaves1View"
    ViewLink="erp.model.EMplInfo_leaves1ViewLink"
    Type="oracle.jbo.RowIterator"
    IsUpdateable="false"/>
  <ResourceBundle>
    <PropertiesBundle
      PropertiesFile="erp.model.SUNWAY_ERP_ModelBundle"/>
  </ResourceBundle>
  <DeclarativeWhereClause
    Name="DeclarativeWhereClause">
    <ViewCriteria
      Name="HrEmplInfoViewWhereCriteria"
      ViewObjectName="erp.model.HrEmplInfoView"
      Conjunction="AND"
      Mode="3">
      <ViewCriteriaRow
        Name="HrEmplInfoViewWhereCriteria_row_0"
        UpperColumns="1">
        <ViewCriteriaItem
          Name="EmplStatus"
          ViewAttribute="EmplStatus"
          Operator="&lt;>"
          Conjunction="AND"
          Value="'I'"
          Required="Optional"/>
      </ViewCriteriaRow>
    </ViewCriteria>
  </DeclarativeWhereClause>
  <SortCriteria>
    <Sort
      Attribute="EmployeeNo"/>
  </SortCriteria>
  <SortCriteria>
    <Sort
      Attribute="EmployeeNo"/>
  </SortCriteria>
  <SortCriteria>
    <Sort
      Attribute="EmployeeNo"/>
  </SortCriteria>
  <SortCriteria>
    <Sort
      Attribute="EmployeeNo"/>
  </SortCriteria>
</ViewObject>
