<?xml version="1.0" encoding="windows-1252" ?>
<!DOCTYPE Entity SYSTEM "jbo_03_01.dtd">
<!---->
<Entity
  xmlns="http://xmlns.oracle.com/bc4j"
  Name="HrEmplBenefits"
  Version="12.2.1.12.24"
  InheritPersonalization="merge"
  DBObjectType="table"
  DBObjectName="HR_EMPL_BENEFITS"
  AliasName="HrEmplBenefits"
  BindingStyle="OracleName">
  <Attribute
    Name="Employeeno"
    IsNotNull="true"
    ColumnName="EMPLOYEENO"
    SQLType="NUMERIC"
    Type="java.math.BigDecimal"
    ColumnType="NUMBER"
    TableName="HR_EMPL_BENEFITS"
    PrimaryKey="true"/>
  <Attribute
    Name="LeaveEntitledYn"
    IsNotNull="true"
    Precision="8"
    ColumnName="LEAVE_ENTITLED_YN"
    SQLType="VARCHAR"
    Type="java.lang.String"
    ColumnType="VARCHAR2"
    TableName="HR_EMPL_BENEFITS">
    <DesignTime>
      <Attr Name="_DisplaySize" Value="8"/>
    </DesignTime>
  </Attribute>
  <Attribute
    Name="LeaveEntitled"
    Precision="10"
    Scale="2"
    ColumnName="LEAVE_ENTITLED"
    SQLType="NUMERIC"
    Type="java.math.BigDecimal"
    ColumnType="NUMBER"
    TableName="HR_EMPL_BENEFITS"/>
  <Attribute
    Name="LeaveBalance"
    Precision="10"
    Scale="0"
    ColumnName="LEAVE_BALANCE"
    SQLType="NUMERIC"
    Type="java.lang.Long"
    ColumnType="NUMBER"
    TableName="HR_EMPL_BENEFITS"/>
  <Attribute
    Name="EosType"
    Precision="32"
    ColumnName="EOS_TYPE"
    SQLType="VARCHAR"
    Type="java.lang.String"
    ColumnType="VARCHAR2"
    TableName="HR_EMPL_BENEFITS">
    <DesignTime>
      <Attr Name="_DisplaySize" Value="32"/>
    </DesignTime>
  </Attribute>
  <Attribute
    Name="Eos"
    Precision="10"
    Scale="0"
    ColumnName="EOS"
    SQLType="NUMERIC"
    Type="java.lang.Long"
    ColumnType="NUMBER"
    TableName="HR_EMPL_BENEFITS"/>
  <Attribute
    Name="TicketYn"
    Precision="8"
    ColumnName="TICKET_YN"
    SQLType="VARCHAR"
    Type="java.lang.String"
    ColumnType="VARCHAR2"
    TableName="HR_EMPL_BENEFITS">
    <DesignTime>
      <Attr Name="_DisplaySize" Value="8"/>
    </DesignTime>
  </Attribute>
  <Attribute
    Name="TicketClass"
    Precision="32"
    ColumnName="TICKET_CLASS"
    SQLType="VARCHAR"
    Type="java.lang.String"
    ColumnType="VARCHAR2"
    TableName="HR_EMPL_BENEFITS">
    <DesignTime>
      <Attr Name="_DisplaySize" Value="32"/>
    </DesignTime>
  </Attribute>
  <Attribute
    Name="FamilyTiketYn"
    Precision="8"
    ColumnName="FAMILY_TIKET_YN"
    SQLType="VARCHAR"
    Type="java.lang.String"
    ColumnType="VARCHAR2"
    TableName="HR_EMPL_BENEFITS">
    <DesignTime>
      <Attr Name="_DisplaySize" Value="8"/>
    </DesignTime>
  </Attribute>
  <Attribute
    Name="PointOfHire"
    Precision="64"
    ColumnName="POINT_OF_HIRE"
    SQLType="VARCHAR"
    Type="java.lang.String"
    ColumnType="VARCHAR2"
    TableName="HR_EMPL_BENEFITS">
    <DesignTime>
      <Attr Name="_DisplaySize" Value="64"/>
    </DesignTime>
  </Attribute>
  <Attribute
    Name="HealthPlanCode"
    Precision="32"
    ColumnName="HEALTH_PLAN_CODE"
    SQLType="VARCHAR"
    Type="java.lang.String"
    ColumnType="VARCHAR2"
    TableName="HR_EMPL_BENEFITS">
    <DesignTime>
      <Attr Name="_DisplaySize" Value="32"/>
    </DesignTime>
  </Attribute>
  <Attribute
    Name="HealthPlanTitle"
    Precision="100"
    ColumnName="HEALTH_PLAN_TITLE"
    SQLType="VARCHAR"
    Type="java.lang.String"
    ColumnType="VARCHAR2"
    TableName="HR_EMPL_BENEFITS">
    <DesignTime>
      <Attr Name="_DisplaySize" Value="100"/>
    </DesignTime>
  </Attribute>
  <Attribute
    Name="DentalPlanCode"
    Precision="32"
    ColumnName="DENTAL_PLAN_CODE"
    SQLType="VARCHAR"
    Type="java.lang.String"
    ColumnType="VARCHAR2"
    TableName="HR_EMPL_BENEFITS">
    <DesignTime>
      <Attr Name="_DisplaySize" Value="32"/>
    </DesignTime>
  </Attribute>
  <Attribute
    Name="DentalPlanTitle"
    Precision="100"
    ColumnName="DENTAL_PLAN_TITLE"
    SQLType="VARCHAR"
    Type="java.lang.String"
    ColumnType="VARCHAR2"
    TableName="HR_EMPL_BENEFITS">
    <DesignTime>
      <Attr Name="_DisplaySize" Value="100"/>
    </DesignTime>
  </Attribute>
  <Attribute
    Name="Others"
    Precision="32"
    ColumnName="OTHERS"
    SQLType="VARCHAR"
    Type="java.lang.String"
    ColumnType="VARCHAR2"
    TableName="HR_EMPL_BENEFITS">
    <DesignTime>
      <Attr Name="_DisplaySize" Value="32"/>
    </DesignTime>
  </Attribute>
  <Attribute
    Name="Notesremarks"
    Precision="1000"
    ColumnName="NOTESREMARKS"
    SQLType="VARCHAR"
    Type="java.lang.String"
    ColumnType="VARCHAR2"
    TableName="HR_EMPL_BENEFITS">
    <DesignTime>
      <Attr Name="_DisplaySize" Value="1000"/>
    </DesignTime>
  </Attribute>
  <AccessorAttribute
    Name="HrEmplInfo"
    Association="erp.model.EmplBenefitsAssoc"
    AssociationEnd="erp.model.EmplBenefitsAssoc.HrEmplInfo"
    AssociationOtherEnd="erp.model.EmplBenefitsAssoc.HrEmplBenefits"
    Type="oracle.jbo.server.EntityImpl"
    IsUpdateable="true"/>
  <Key
    Name="SysC007112"
    PrimaryKey="true">
    <DesignTime>
      <Attr Name="_DBObjectName" Value="SYS_C007112"/>
    </DesignTime>
    <AttrArray Name="Attributes">
      <Item Value="erp.model.HrEmplBenefits.Employeeno"/>
    </AttrArray>
  </Key>
  <Key
    Name="EmplBenefits">
    <DesignTime>
      <Attr Name="_isCascadeDelete" Value="true"/>
      <Attr Name="_referencedKey" Value="SYS_C007012"/>
      <Attr Name="_isForeign" Value="true"/>
      <Attr Name="_DBObjectName" Value="EMPL_BENEFITS"/>
    </DesignTime>
    <AttrArray Name="Attributes">
      <Item Value="erp.model.HrEmplBenefits.Employeeno"/>
    </AttrArray>
  </Key>
</Entity>
