<?xml version="1.0" encoding="windows-1252" ?>
<!DOCTYPE ViewObject SYSTEM "jbo_03_01.dtd">
<!---->
<ViewObject
  xmlns="http://xmlns.oracle.com/bc4j"
  Name="HrEmplAppraisalView"
  Version="12.2.1.12.24"
  InheritPersonalization="merge"
  SelectListFlags="1"
  FromListFlags="1"
  WhereFlags="1"
  BindingStyle="OracleName"
  CustomQuery="false"
  SelectAllAttributes="false"
  PageIterMode="Full">
  <ViewAccessor
    Name="LookupCode1"
    ViewObjectName="erp.model.LookupCode"
    RowLevelBinds="true">
    <ParameterMap>
      <PIMap Variable="BindLookupType">
        <TransientExpression
          trustMode="untrusted"
          Name="ExpressionScript"><![CDATA['OVER_ALL_PERFORMANCE']]></TransientExpression>
      </PIMap>
    </ParameterMap>
  </ViewAccessor>
  <ListBinding
    Name="LOV_OverReview"
    ListVOName="LookupCode1"
    NullValueFlag="start"
    NullValueId="${adfBundle['oracle.javatools.resourcebundle.SystemBundle']['NULL_VALUE_RESID']}"
    MRUCount="0">
    <AttrArray Name="AttrNames">
      <Item Value="OverReview"/>
    </AttrArray>
    <AttrArray Name="AttrExpressions"/>
    <AttrArray Name="ListAttrNames">
      <Item Value="LookupCode"/>
    </AttrArray>
    <AttrArray Name="ListDisplayAttrNames">
      <Item Value="Meaning"/>
    </AttrArray>
    <DisplayCriteria/>
  </ListBinding>
  <EntityUsage
    Name="HrEmplAppraisal"
    Entity="erp.model.HrEmplAppraisal"/>
  <ViewAttribute
    Name="EmployeeNo"
    IsNotNull="true"
    PrecisionRule="true"
    EntityAttrName="EmployeeNo"
    EntityUsage="HrEmplAppraisal"
    AliasName="EMPLOYEE_NO">
    <Properties>
      <SchemaBasedProperties>
        <LABEL
          ResId="erp.model.HrEmplAppraisalView.EmployeeNo_LABEL"/>
      </SchemaBasedProperties>
    </Properties>
  </ViewAttribute>
  <ViewAttribute
    Name="Kpi2"
    PrecisionRule="true"
    EntityAttrName="Kpi2"
    EntityUsage="HrEmplAppraisal"
    AliasName="KPI_2">
    <Properties>
      <SchemaBasedProperties>
        <LABEL
          ResId="erp.model.HrEmplAppraisalView.Kpi2_LABEL"/>
      </SchemaBasedProperties>
    </Properties>
  </ViewAttribute>
  <ViewAttribute
    Name="Notesremarks"
    PrecisionRule="true"
    EntityAttrName="Notesremarks"
    EntityUsage="HrEmplAppraisal"
    AliasName="NOTESREMARKS">
    <Properties>
      <SchemaBasedProperties>
        <LABEL
          ResId="erp.model.HrEmplAppraisalView.Notesremarks_LABEL"/>
      </SchemaBasedProperties>
    </Properties>
  </ViewAttribute>
  <ViewAttribute
    Name="OverReview"
    PrecisionRule="true"
    EntityAttrName="OverReview"
    EntityUsage="HrEmplAppraisal"
    AliasName="OVER_REVIEW"
    LOVName="LOV_OverReview">
    <Properties>
      <SchemaBasedProperties>
        <LABEL
          ResId="erp.model.HrEmplAppraisalView.OverReview_LABEL"/>
        <CONTROLTYPE
          Value="choice"/>
      </SchemaBasedProperties>
    </Properties>
  </ViewAttribute>
  <ViewAttribute
    Name="Kpi1"
    PrecisionRule="true"
    EntityAttrName="Kpi1"
    EntityUsage="HrEmplAppraisal"
    AliasName="KPI_1">
    <Properties>
      <SchemaBasedProperties>
        <LABEL
          ResId="erp.model.HrEmplAppraisalView.Kpi1_LABEL"/>
      </SchemaBasedProperties>
    </Properties>
  </ViewAttribute>
  <ViewAttribute
    Name="Kpi3"
    PrecisionRule="true"
    EntityAttrName="Kpi3"
    EntityUsage="HrEmplAppraisal"
    AliasName="KPI_3">
    <Properties>
      <SchemaBasedProperties>
        <LABEL
          ResId="erp.model.HrEmplAppraisalView.Kpi3_LABEL"/>
      </SchemaBasedProperties>
    </Properties>
  </ViewAttribute>
  <ViewAttribute
    Name="Kpi4"
    PrecisionRule="true"
    EntityAttrName="Kpi4"
    EntityUsage="HrEmplAppraisal"
    AliasName="KPI_4">
    <Properties>
      <SchemaBasedProperties>
        <LABEL
          ResId="erp.model.HrEmplAppraisalView.Kpi4_LABEL"/>
      </SchemaBasedProperties>
    </Properties>
  </ViewAttribute>
  <ViewAttribute
    Name="Kpi5"
    PrecisionRule="true"
    EntityAttrName="Kpi5"
    EntityUsage="HrEmplAppraisal"
    AliasName="KPI_5">
    <Properties>
      <SchemaBasedProperties>
        <LABEL
          ResId="erp.model.HrEmplAppraisalView.Kpi5_LABEL"/>
      </SchemaBasedProperties>
    </Properties>
  </ViewAttribute>
  <ViewAttribute
    Name="Review1"
    PrecisionRule="true"
    EntityAttrName="Review1"
    EntityUsage="HrEmplAppraisal"
    AliasName="REVIEW_1">
    <Properties>
      <SchemaBasedProperties>
        <LABEL
          ResId="erp.model.HrEmplAppraisalView.Review1_LABEL"/>
      </SchemaBasedProperties>
    </Properties>
  </ViewAttribute>
  <ViewAttribute
    Name="Review2"
    PrecisionRule="true"
    EntityAttrName="Review2"
    EntityUsage="HrEmplAppraisal"
    AliasName="REVIEW_2">
    <Properties>
      <SchemaBasedProperties>
        <LABEL
          ResId="erp.model.HrEmplAppraisalView.Review2_LABEL"/>
      </SchemaBasedProperties>
    </Properties>
  </ViewAttribute>
  <ViewAttribute
    Name="Review3"
    PrecisionRule="true"
    EntityAttrName="Review3"
    EntityUsage="HrEmplAppraisal"
    AliasName="REVIEW_3">
    <Properties>
      <SchemaBasedProperties>
        <LABEL
          ResId="erp.model.HrEmplAppraisalView.Review3_LABEL"/>
      </SchemaBasedProperties>
    </Properties>
  </ViewAttribute>
  <ViewAttribute
    Name="Review4"
    PrecisionRule="true"
    EntityAttrName="Review4"
    EntityUsage="HrEmplAppraisal"
    AliasName="REVIEW_4">
    <Properties>
      <SchemaBasedProperties>
        <LABEL
          ResId="erp.model.HrEmplAppraisalView.Review4_LABEL"/>
      </SchemaBasedProperties>
    </Properties>
  </ViewAttribute>
  <ViewAttribute
    Name="Review5"
    PrecisionRule="true"
    EntityAttrName="Review5"
    EntityUsage="HrEmplAppraisal"
    AliasName="REVIEW_5">
    <Properties>
      <SchemaBasedProperties>
        <LABEL
          ResId="erp.model.HrEmplAppraisalView.Review5_LABEL"/>
      </SchemaBasedProperties>
    </Properties>
  </ViewAttribute>
  <ViewAttribute
    Name="JobCode"
    IsNotNull="true"
    PrecisionRule="true"
    EntityAttrName="JobCode"
    EntityUsage="HrEmplAppraisal"
    AliasName="JOB_CODE">
    <Properties>
      <SchemaBasedProperties>
        <LABEL
          ResId="erp.model.HrEmplAppraisalView.JobCode_LABEL"/>
      </SchemaBasedProperties>
    </Properties>
  </ViewAttribute>
  <ResourceBundle>
    <PropertiesBundle
      PropertiesFile="erp.model.SUNWAY_ERP_ModelBundle"/>
  </ResourceBundle>
</ViewObject>
