<?xml version="1.0" encoding="windows-1252" ?>
<!DOCTYPE Entity SYSTEM "jbo_03_01.dtd">
<!---->
<Entity
  xmlns="http://xmlns.oracle.com/bc4j"
  Name="HrEmplPayroll"
  Version="12.2.1.12.24"
  InheritPersonalization="merge"
  DBObjectType="table"
  DBObjectName="HR_EMPL_PAYROLL"
  AliasName="HrEmplPayroll"
  BindingStyle="OracleName"
  RowClass="erp.model.HrEmplPayrollImpl">
  <DesignTime>
    <Attr Name="_codeGenFlag2" Value="Init|Access|DML"/>
    <Attr Name="_isCodegen" Value="true"/>
  </DesignTime>
  <Attribute
    Name="EmpoyeeNo"
    IsNotNull="true"
    ColumnName="EMPOYEE_NO"
    SQLType="NUMERIC"
    Type="java.math.BigDecimal"
    ColumnType="NUMBER"
    TableName="HR_EMPL_PAYROLL"
    PrimaryKey="true"/>
  <Attribute
    Name="PayrollCode"
    Precision="20"
    ColumnName="PAYROLL_CODE"
    SQLType="VARCHAR"
    Type="java.lang.String"
    ColumnType="VARCHAR2"
    TableName="HR_EMPL_PAYROLL"
    PrimaryKey="true">
    <DesignTime>
      <Attr Name="_DisplaySize" Value="20"/>
    </DesignTime>
  </Attribute>
  <Attribute
    Name="PayStart"
    ColumnName="PAY_START"
    SQLType="DATE"
    Type="java.sql.Timestamp"
    ColumnType="DATE"
    TableName="HR_EMPL_PAYROLL"/>
  <Attribute
    Name="PayEnd"
    ColumnName="PAY_END"
    SQLType="DATE"
    Type="java.sql.Timestamp"
    ColumnType="DATE"
    TableName="HR_EMPL_PAYROLL"/>
  <Attribute
    Name="WorkPeriod"
    ColumnName="WORK_PERIOD"
    SQLType="NUMERIC"
    Type="java.lang.Integer"
    ColumnType="NUMBER"
    TableName="HR_EMPL_PAYROLL"/>
  <Attribute
    Name="GrossPay"
    ColumnName="GROSS_PAY"
    SQLType="NUMERIC"
    Type="java.math.BigDecimal"
    ColumnType="NUMBER"
    TableName="HR_EMPL_PAYROLL"/>
  <Attribute
    Name="NetPy"
    ColumnName="NET_PY"
    SQLType="NUMERIC"
    Type="java.math.BigDecimal"
    ColumnType="NUMBER"
    TableName="HR_EMPL_PAYROLL"/>
  <Attribute
    Name="Payday"
    ColumnName="PAYDAY"
    SQLType="DATE"
    Type="java.sql.Timestamp"
    ColumnType="DATE"
    TableName="HR_EMPL_PAYROLL"/>
  <Key
    Name="HrEmplPayrollPk"
    PrimaryKey="true">
    <DesignTime>
      <Attr Name="_DBObjectName" Value="HR_EMPL_PAYROLL_PK"/>
    </DesignTime>
    <AttrArray Name="Attributes">
      <Item Value="erp.model.HrEmplPayroll.EmpoyeeNo"/>
      <Item Value="erp.model.HrEmplPayroll.PayrollCode"/>
    </AttrArray>
  </Key>
  <Key
    Name="HrEmplPayrollFk1">
    <DesignTime>
      <Attr Name="_isCascadeDelete" Value="true"/>
      <Attr Name="_referencedKey" Value="SYS_C007012"/>
      <Attr Name="_isForeign" Value="true"/>
      <Attr Name="_DBObjectName" Value="HR_EMPL_PAYROLL_FK1"/>
    </DesignTime>
    <AttrArray Name="Attributes">
      <Item Value="erp.model.HrEmplPayroll.EmpoyeeNo"/>
    </AttrArray>
  </Key>
</Entity>
