<?xml version="1.0" encoding="windows-1252" ?>
<!DOCTYPE Entity SYSTEM "jbo_03_01.dtd">
<!---->
<Entity
  xmlns="http://xmlns.oracle.com/bc4j"
  Name="HrEmplContactInfo1"
  Version="12.2.1.12.24"
  InheritPersonalization="merge"
  DBObjectType="table"
  DBObjectName="HR_EMPL_CONTACT_INFO"
  AliasName="HrEmplContactInfo1"
  BindingStyle="OracleName">
  <Attribute
    Name="EmployeeNo"
    IsNotNull="true"
    ColumnName="EMPLOYEE_NO"
    SQLType="NUMERIC"
    Type="java.math.BigDecimal"
    ColumnType="NUMBER"
    TableName="HR_EMPL_CONTACT_INFO"
    PrimaryKey="true">
    <Properties>
      <SchemaBasedProperties>
        <LABEL
          ResId="erp.model.HrEmplContactInfo1.EmployeeNo_LABEL"/>
      </SchemaBasedProperties>
    </Properties>
  </Attribute>
  <Attribute
    Name="EffectFrom"
    ColumnName="EFFECT_FROM"
    SQLType="DATE"
    Type="java.sql.Timestamp"
    ColumnType="DATE"
    TableName="HR_EMPL_CONTACT_INFO">
    <Properties>
      <SchemaBasedProperties>
        <LABEL
          ResId="erp.model.HrEmplContactInfo1.EffectFrom_LABEL"/>
      </SchemaBasedProperties>
    </Properties>
  </Attribute>
  <Attribute
    Name="AddressType"
    IsNotNull="true"
    Precision="32"
    ColumnName="ADDRESS_TYPE"
    SQLType="VARCHAR"
    Type="java.lang.String"
    ColumnType="VARCHAR2"
    TableName="HR_EMPL_CONTACT_INFO">
    <DesignTime>
      <Attr Name="_DisplaySize" Value="32"/>
    </DesignTime>
    <Properties>
      <SchemaBasedProperties>
        <LABEL
          ResId="erp.model.HrEmplContactInfo1.AddressType_LABEL"/>
      </SchemaBasedProperties>
    </Properties>
  </Attribute>
  <Attribute
    Name="Preferred"
    Precision="8"
    ColumnName="PREFERRED"
    SQLType="VARCHAR"
    Type="java.lang.String"
    ColumnType="VARCHAR2"
    TableName="HR_EMPL_CONTACT_INFO">
    <DesignTime>
      <Attr Name="_DisplaySize" Value="8"/>
    </DesignTime>
    <Properties>
      <SchemaBasedProperties>
        <LABEL
          ResId="erp.model.HrEmplContactInfo1.Preferred_LABEL"/>
      </SchemaBasedProperties>
    </Properties>
  </Attribute>
  <Attribute
    Name="Street"
    Precision="32"
    ColumnName="STREET"
    SQLType="VARCHAR"
    Type="java.lang.String"
    ColumnType="VARCHAR2"
    TableName="HR_EMPL_CONTACT_INFO">
    <DesignTime>
      <Attr Name="_DisplaySize" Value="32"/>
    </DesignTime>
    <Properties>
      <SchemaBasedProperties>
        <LABEL
          ResId="erp.model.HrEmplContactInfo1.Street_LABEL"/>
      </SchemaBasedProperties>
    </Properties>
  </Attribute>
  <Attribute
    Name="City"
    Precision="32"
    ColumnName="CITY"
    SQLType="VARCHAR"
    Type="java.lang.String"
    ColumnType="VARCHAR2"
    TableName="HR_EMPL_CONTACT_INFO">
    <DesignTime>
      <Attr Name="_DisplaySize" Value="32"/>
    </DesignTime>
    <Properties>
      <SchemaBasedProperties>
        <LABEL
          ResId="erp.model.HrEmplContactInfo1.City_LABEL"/>
      </SchemaBasedProperties>
    </Properties>
  </Attribute>
  <Attribute
    Name="State"
    Precision="32"
    ColumnName="STATE"
    SQLType="VARCHAR"
    Type="java.lang.String"
    ColumnType="VARCHAR2"
    TableName="HR_EMPL_CONTACT_INFO">
    <DesignTime>
      <Attr Name="_DisplaySize" Value="32"/>
    </DesignTime>
    <Properties>
      <SchemaBasedProperties>
        <LABEL
          ResId="erp.model.HrEmplContactInfo1.State_LABEL"/>
      </SchemaBasedProperties>
    </Properties>
  </Attribute>
  <Attribute
    Name="Country"
    Precision="32"
    ColumnName="COUNTRY"
    SQLType="VARCHAR"
    Type="java.lang.String"
    ColumnType="VARCHAR2"
    TableName="HR_EMPL_CONTACT_INFO">
    <DesignTime>
      <Attr Name="_DisplaySize" Value="32"/>
    </DesignTime>
    <Properties>
      <SchemaBasedProperties>
        <LABEL
          ResId="erp.model.HrEmplContactInfo1.Country_LABEL"/>
      </SchemaBasedProperties>
    </Properties>
  </Attribute>
  <Attribute
    Name="Email"
    IsNotNull="true"
    Precision="32"
    ColumnName="EMAIL"
    SQLType="VARCHAR"
    Type="java.lang.String"
    ColumnType="VARCHAR2"
    TableName="HR_EMPL_CONTACT_INFO"
    PrimaryKey="true">
    <DesignTime>
      <Attr Name="_DisplaySize" Value="32"/>
    </DesignTime>
    <Properties>
      <SchemaBasedProperties>
        <LABEL
          ResId="erp.model.HrEmplContactInfo1.Email_LABEL"/>
      </SchemaBasedProperties>
    </Properties>
  </Attribute>
  <Attribute
    Name="Phoneno"
    IsNotNull="true"
    Precision="20"
    ColumnName="PHONENO"
    SQLType="VARCHAR"
    Type="java.lang.String"
    ColumnType="VARCHAR2"
    TableName="HR_EMPL_CONTACT_INFO"
    PrimaryKey="true">
    <DesignTime>
      <Attr Name="_DisplaySize" Value="20"/>
    </DesignTime>
    <Properties>
      <SchemaBasedProperties>
        <LABEL
          ResId="erp.model.HrEmplContactInfo1.Phoneno_LABEL"/>
      </SchemaBasedProperties>
    </Properties>
  </Attribute>
  <Attribute
    Name="Notes"
    Precision="1000"
    ColumnName="NOTES"
    SQLType="VARCHAR"
    Type="java.lang.String"
    ColumnType="VARCHAR2"
    TableName="HR_EMPL_CONTACT_INFO">
    <DesignTime>
      <Attr Name="_DisplaySize" Value="1000"/>
    </DesignTime>
    <Properties>
      <SchemaBasedProperties>
        <LABEL
          ResId="erp.model.HrEmplContactInfo1.Notes_LABEL"/>
      </SchemaBasedProperties>
    </Properties>
  </Attribute>
  <Key
    Name="HrEmplAddressPk"
    PrimaryKey="true">
    <DesignTime>
      <Attr Name="_DBObjectName" Value="HR_EMPL_ADDRESS_PK"/>
    </DesignTime>
    <AttrArray Name="Attributes">
      <Item Value="erp.model.HrEmplContactInfo1.Email"/>
      <Item Value="erp.model.HrEmplContactInfo1.EmployeeNo"/>
      <Item Value="erp.model.HrEmplContactInfo1.Phoneno"/>
    </AttrArray>
  </Key>
  <Key
    Name="HrEmplAddressFk1">
    <DesignTime>
      <Attr Name="_isCascadeDelete" Value="true"/>
      <Attr Name="_referencedKey" Value="SYS_C007012"/>
      <Attr Name="_isForeign" Value="true"/>
      <Attr Name="_DBObjectName" Value="HR_EMPL_ADDRESS_FK1"/>
    </DesignTime>
    <AttrArray Name="Attributes">
      <Item Value="erp.model.HrEmplContactInfo1.EmployeeNo"/>
    </AttrArray>
  </Key>
  <ResourceBundle>
    <PropertiesBundle
      PropertiesFile="erp.model.SUNWAY_ERP_ModelBundle"/>
  </ResourceBundle>
</Entity>
