<?xml version="1.0" encoding="windows-1252" ?>
<!DOCTYPE Entity SYSTEM "jbo_03_01.dtd">
<!---->
<Entity
  xmlns="http://xmlns.oracle.com/bc4j"
  Name="HrEmplBankInfo"
  Version="12.2.1.12.24"
  InheritPersonalization="merge"
  DBObjectType="table"
  DBObjectName="HR_EMPL_BANK_INFO"
  AliasName="HrEmplBankInfo"
  BindingStyle="OracleName"
  RowClass="erp.model.HrEmplBankInfoImpl">
  <DesignTime>
    <Attr Name="_codeGenFlag2" Value="Init|Access"/>
    <Attr Name="_isCodegen" Value="true"/>
  </DesignTime>
  <Attribute
    Name="EmployeeNo"
    IsNotNull="true"
    ColumnName="EMPLOYEE_NO"
    SQLType="NUMERIC"
    Type="java.math.BigDecimal"
    ColumnType="NUMBER"
    TableName="HR_EMPL_BANK_INFO"
    PrimaryKey="true"/>
  <Attribute
    Name="BankName"
    Precision="100"
    ColumnName="BANK_NAME"
    SQLType="VARCHAR"
    Type="java.lang.String"
    ColumnType="VARCHAR2"
    TableName="HR_EMPL_BANK_INFO">
    <DesignTime>
      <Attr Name="_DisplaySize" Value="100"/>
    </DesignTime>
  </Attribute>
  <Attribute
    Name="BranchName"
    Precision="100"
    ColumnName="BRANCH_NAME"
    SQLType="VARCHAR"
    Type="java.lang.String"
    ColumnType="VARCHAR2"
    TableName="HR_EMPL_BANK_INFO">
    <DesignTime>
      <Attr Name="_DisplaySize" Value="100"/>
    </DesignTime>
  </Attribute>
  <Attribute
    Name="Accounttype"
    Precision="64"
    ColumnName="ACCOUNTTYPE"
    SQLType="VARCHAR"
    Type="java.lang.String"
    ColumnType="VARCHAR2"
    TableName="HR_EMPL_BANK_INFO">
    <DesignTime>
      <Attr Name="_DisplaySize" Value="64"/>
    </DesignTime>
  </Attribute>
  <Attribute
    Name="SwiftCode"
    Precision="32"
    ColumnName="SWIFT_CODE"
    SQLType="VARCHAR"
    Type="java.lang.String"
    ColumnType="VARCHAR2"
    TableName="HR_EMPL_BANK_INFO">
    <DesignTime>
      <Attr Name="_DisplaySize" Value="32"/>
    </DesignTime>
  </Attribute>
  <Attribute
    Name="AccountNo"
    IsNotNull="true"
    Precision="100"
    ColumnName="ACCOUNT_NO"
    SQLType="VARCHAR"
    Type="java.lang.String"
    ColumnType="VARCHAR2"
    TableName="HR_EMPL_BANK_INFO"
    PrimaryKey="true">
    <DesignTime>
      <Attr Name="_DisplaySize" Value="100"/>
    </DesignTime>
  </Attribute>
  <Attribute
    Name="Location"
    Precision="100"
    ColumnName="LOCATION"
    SQLType="VARCHAR"
    Type="java.lang.String"
    ColumnType="VARCHAR2"
    TableName="HR_EMPL_BANK_INFO">
    <DesignTime>
      <Attr Name="_DisplaySize" Value="100"/>
    </DesignTime>
  </Attribute>
  <Attribute
    Name="City"
    Precision="100"
    ColumnName="CITY"
    SQLType="VARCHAR"
    Type="java.lang.String"
    ColumnType="VARCHAR2"
    TableName="HR_EMPL_BANK_INFO">
    <DesignTime>
      <Attr Name="_DisplaySize" Value="100"/>
    </DesignTime>
  </Attribute>
  <Attribute
    Name="State"
    Precision="100"
    ColumnName="STATE"
    SQLType="VARCHAR"
    Type="java.lang.String"
    ColumnType="VARCHAR2"
    TableName="HR_EMPL_BANK_INFO">
    <DesignTime>
      <Attr Name="_DisplaySize" Value="100"/>
    </DesignTime>
  </Attribute>
  <Attribute
    Name="Country"
    Precision="100"
    ColumnName="COUNTRY"
    SQLType="VARCHAR"
    Type="java.lang.String"
    ColumnType="VARCHAR2"
    TableName="HR_EMPL_BANK_INFO">
    <DesignTime>
      <Attr Name="_DisplaySize" Value="100"/>
    </DesignTime>
  </Attribute>
  <Attribute
    Name="Notes"
    Precision="1000"
    ColumnName="NOTES"
    SQLType="VARCHAR"
    Type="java.lang.String"
    ColumnType="VARCHAR2"
    TableName="HR_EMPL_BANK_INFO">
    <DesignTime>
      <Attr Name="_DisplaySize" Value="1000"/>
    </DesignTime>
  </Attribute>
  <AccessorAttribute
    Name="HrEmplInfo"
    Association="erp.model.EmplBankinfoAssoc"
    AssociationEnd="erp.model.EmplBankinfoAssoc.HrEmplInfo"
    AssociationOtherEnd="erp.model.EmplBankinfoAssoc.HrEmplBankInfo"
    Type="oracle.jbo.server.EntityImpl"
    IsUpdateable="true"/>
  <Key
    Name="SysC007003"
    PrimaryKey="true">
    <DesignTime>
      <Attr Name="_DBObjectName" Value="SYS_C007003"/>
    </DesignTime>
    <AttrArray Name="Attributes">
      <Item Value="erp.model.HrEmplBankInfo.EmployeeNo"/>
      <Item Value="erp.model.HrEmplBankInfo.AccountNo"/>
    </AttrArray>
  </Key>
  <Key
    Name="EmplBankinfo">
    <DesignTime>
      <Attr Name="_isCascadeDelete" Value="true"/>
      <Attr Name="_referencedKey" Value="SYS_C007012"/>
      <Attr Name="_isForeign" Value="true"/>
      <Attr Name="_DBObjectName" Value="EMPL_BANKINFO"/>
    </DesignTime>
    <AttrArray Name="Attributes">
      <Item Value="erp.model.HrEmplBankInfo.EmployeeNo"/>
    </AttrArray>
  </Key>
</Entity>
