<?xml version="1.0" encoding="windows-1252" ?>
<!DOCTYPE ViewObject SYSTEM "jbo_03_01.dtd">
<!---->
<ViewObject
  xmlns="http://xmlns.oracle.com/bc4j"
  Name="HrEmplPassportView"
  Version="12.2.1.12.24"
  InheritPersonalization="merge"
  SelectListFlags="1"
  FromListFlags="1"
  WhereFlags="1"
  BindingStyle="OracleName"
  CustomQuery="false"
  SelectAllAttributes="false"
  PageIterMode="Full">
  <EntityUsage
    Name="HrEmplPassport"
    Entity="erp.model.HrEmplPassport"/>
  <ViewAttribute
    Name="EmployeeNo"
    IsNotNull="true"
    PrecisionRule="true"
    EntityAttrName="EmployeeNo"
    EntityUsage="HrEmplPassport"
    AliasName="EMPLOYEE_NO">
    <Properties>
      <SchemaBasedProperties>
        <LABEL
          ResId="erp.model.HrEmplPassportView.EmployeeNo_LABEL"/>
      </SchemaBasedProperties>
    </Properties>
  </ViewAttribute>
  <ViewAttribute
    Name="PassportNo"
    IsNotNull="true"
    PrecisionRule="true"
    EntityAttrName="PassportNo"
    EntityUsage="HrEmplPassport"
    AliasName="PASSPORT_NO">
    <Properties>
      <SchemaBasedProperties>
        <LABEL
          ResId="erp.model.HrEmplPassportView.PassportNo_LABEL"/>
      </SchemaBasedProperties>
    </Properties>
  </ViewAttribute>
  <ViewAttribute
    Name="NameAsPassport"
    IsNotNull="true"
    PrecisionRule="true"
    EntityAttrName="NameAsPassport"
    EntityUsage="HrEmplPassport"
    AliasName="NAME_AS_PASSPORT">
    <Properties>
      <SchemaBasedProperties>
        <LABEL
          ResId="erp.model.HrEmplPassportView.NameAsPassport_LABEL"/>
      </SchemaBasedProperties>
    </Properties>
  </ViewAttribute>
  <ViewAttribute
    Name="IssueDate"
    PrecisionRule="true"
    EntityAttrName="IssueDate"
    EntityUsage="HrEmplPassport"
    AliasName="ISSUE_DATE">
    <Properties>
      <SchemaBasedProperties>
        <LABEL
          ResId="erp.model.HrEmplPassportView.IssueDate_LABEL"/>
      </SchemaBasedProperties>
    </Properties>
  </ViewAttribute>
  <ViewAttribute
    Name="ExpireDate"
    PrecisionRule="true"
    EntityAttrName="ExpireDate"
    EntityUsage="HrEmplPassport"
    AliasName="EXPIRE_DATE">
    <Properties>
      <SchemaBasedProperties>
        <LABEL
          ResId="erp.model.HrEmplPassportView.ExpireDate_LABEL"/>
      </SchemaBasedProperties>
    </Properties>
  </ViewAttribute>
  <ViewAttribute
    Name="IssueCountry"
    PrecisionRule="true"
    EntityAttrName="IssueCountry"
    EntityUsage="HrEmplPassport"
    AliasName="ISSUE_COUNTRY">
    <Properties>
      <SchemaBasedProperties>
        <LABEL
          ResId="erp.model.HrEmplPassportView.IssueCountry_LABEL"/>
      </SchemaBasedProperties>
    </Properties>
  </ViewAttribute>
  <ViewAttribute
    Name="PassportCopy"
    IsQueriable="false"
    PrecisionRule="true"
    EntityAttrName="PassportCopy"
    EntityUsage="HrEmplPassport"
    AliasName="PASSPORT_COPY">
    <Properties>
      <SchemaBasedProperties>
        <LABEL
          ResId="erp.model.HrEmplPassportView.PassportCopy_LABEL"/>
      </SchemaBasedProperties>
    </Properties>
  </ViewAttribute>
  <ViewAttribute
    Name="Nationality"
    PrecisionRule="true"
    EntityAttrName="Nationality"
    EntityUsage="HrEmplPassport"
    AliasName="NATIONALITY">
    <Properties>
      <SchemaBasedProperties>
        <LABEL
          ResId="erp.model.HrEmplPassportView.Nationality_LABEL"/>
      </SchemaBasedProperties>
    </Properties>
  </ViewAttribute>
  <ResourceBundle>
    <PropertiesBundle
      PropertiesFile="erp.model.SUNWAY_ERP_ModelBundle"/>
  </ResourceBundle>
</ViewObject>
