<?xml version="1.0" encoding="windows-1252" ?>
<!DOCTYPE Entity SYSTEM "jbo_03_01.dtd">
<!---->
<Entity
  xmlns="http://xmlns.oracle.com/bc4j"
  Name="HrEmplEducation1"
  Version="12.2.1.12.24"
  InheritPersonalization="merge"
  DBObjectType="table"
  DBObjectName="HR_EMPL_EDUCATION"
  AliasName="HrEmplEducation1"
  BindingStyle="OracleName">
  <Attribute
    Name="EmployeeNo"
    IsNotNull="true"
    ColumnName="EMPLOYEE_NO"
    SQLType="NUMERIC"
    Type="java.math.BigDecimal"
    ColumnType="NUMBER"
    TableName="HR_EMPL_EDUCATION"
    PrimaryKey="true"/>
  <Attribute
    Name="SchoolName"
    IsNotNull="true"
    Precision="100"
    ColumnName="SCHOOL_NAME"
    SQLType="VARCHAR"
    Type="java.lang.String"
    ColumnType="VARCHAR2"
    TableName="HR_EMPL_EDUCATION">
    <DesignTime>
      <Attr Name="_DisplaySize" Value="100"/>
    </DesignTime>
  </Attribute>
  <Attribute
    Name="Street"
    Precision="100"
    ColumnName="STREET"
    SQLType="VARCHAR"
    Type="java.lang.String"
    ColumnType="VARCHAR2"
    TableName="HR_EMPL_EDUCATION">
    <DesignTime>
      <Attr Name="_DisplaySize" Value="100"/>
    </DesignTime>
  </Attribute>
  <Attribute
    Name="City"
    Precision="100"
    ColumnName="CITY"
    SQLType="VARCHAR"
    Type="java.lang.String"
    ColumnType="VARCHAR2"
    TableName="HR_EMPL_EDUCATION">
    <DesignTime>
      <Attr Name="_DisplaySize" Value="100"/>
    </DesignTime>
  </Attribute>
  <Attribute
    Name="State"
    Precision="100"
    ColumnName="STATE"
    SQLType="VARCHAR"
    Type="java.lang.String"
    ColumnType="VARCHAR2"
    TableName="HR_EMPL_EDUCATION">
    <DesignTime>
      <Attr Name="_DisplaySize" Value="100"/>
    </DesignTime>
  </Attribute>
  <Attribute
    Name="PostalNo"
    Precision="16"
    ColumnName="POSTAL_NO"
    SQLType="VARCHAR"
    Type="java.lang.String"
    ColumnType="VARCHAR2"
    TableName="HR_EMPL_EDUCATION">
    <DesignTime>
      <Attr Name="_DisplaySize" Value="16"/>
    </DesignTime>
  </Attribute>
  <Attribute
    Name="Country"
    Precision="100"
    ColumnName="COUNTRY"
    SQLType="VARCHAR"
    Type="java.lang.String"
    ColumnType="VARCHAR2"
    TableName="HR_EMPL_EDUCATION">
    <DesignTime>
      <Attr Name="_DisplaySize" Value="100"/>
    </DesignTime>
  </Attribute>
  <Attribute
    Name="YearGraduated"
    IsNotNull="true"
    ColumnName="YEAR_GRADUATED"
    SQLType="DATE"
    Type="java.sql.Timestamp"
    ColumnType="DATE"
    TableName="HR_EMPL_EDUCATION"/>
  <Attribute
    Name="Major"
    Precision="100"
    ColumnName="MAJOR"
    SQLType="VARCHAR"
    Type="java.lang.String"
    ColumnType="VARCHAR2"
    TableName="HR_EMPL_EDUCATION">
    <DesignTime>
      <Attr Name="_DisplaySize" Value="100"/>
    </DesignTime>
  </Attribute>
  <Attribute
    Name="DegreeEarned"
    IsNotNull="true"
    Precision="32"
    ColumnName="DEGREE_EARNED"
    SQLType="VARCHAR"
    Type="java.lang.String"
    ColumnType="VARCHAR2"
    TableName="HR_EMPL_EDUCATION"
    PrimaryKey="true">
    <DesignTime>
      <Attr Name="_DisplaySize" Value="32"/>
    </DesignTime>
  </Attribute>
  <Attribute
    Name="AwardsCertificates"
    Precision="1000"
    ColumnName="AWARDS_CERTIFICATES"
    SQLType="VARCHAR"
    Type="java.lang.String"
    ColumnType="VARCHAR2"
    TableName="HR_EMPL_EDUCATION">
    <DesignTime>
      <Attr Name="_DisplaySize" Value="1000"/>
    </DesignTime>
  </Attribute>
  <Attribute
    Name="Notesremarks"
    Precision="1000"
    ColumnName="NOTESREMARKS"
    SQLType="VARCHAR"
    Type="java.lang.String"
    ColumnType="VARCHAR2"
    TableName="HR_EMPL_EDUCATION">
    <DesignTime>
      <Attr Name="_DisplaySize" Value="1000"/>
    </DesignTime>
  </Attribute>
  <Key
    Name="SysC007039"
    PrimaryKey="true">
    <DesignTime>
      <Attr Name="_DBObjectName" Value="SYS_C007039"/>
    </DesignTime>
    <AttrArray Name="Attributes">
      <Item Value="erp.model.HrEmplEducation1.EmployeeNo"/>
      <Item Value="erp.model.HrEmplEducation1.DegreeEarned"/>
    </AttrArray>
  </Key>
  <Key
    Name="EmplEducation">
    <DesignTime>
      <Attr Name="_isCascadeDelete" Value="true"/>
      <Attr Name="_referencedKey" Value="SYS_C007012"/>
      <Attr Name="_isForeign" Value="true"/>
      <Attr Name="_DBObjectName" Value="EMPL_EDUCATION"/>
    </DesignTime>
    <AttrArray Name="Attributes">
      <Item Value="erp.model.HrEmplEducation1.EmployeeNo"/>
    </AttrArray>
  </Key>
</Entity>
