<?xml version="1.0" encoding="windows-1252" ?>
<!DOCTYPE ViewObject SYSTEM "jbo_03_01.dtd">
<!---->
<ViewObject
  xmlns="http://xmlns.oracle.com/bc4j"
  Name="HrEmplContactInfoView"
  Version="12.2.1.12.24"
  InheritPersonalization="merge"
  SelectListFlags="1"
  FromListFlags="1"
  WhereFlags="1"
  BindingStyle="OracleName"
  CustomQuery="false"
  SelectAllAttributes="false"
  PageIterMode="Full">
  <ViewAccessor
    Name="LookupCode1"
    ViewObjectName="erp.model.LookupCode"
    RowLevelBinds="true">
    <ParameterMap>
      <PIMap Variable="BindLookupType">
        <TransientExpression
          trustMode="untrusted"
          Name="ExpressionScript"><![CDATA['Yes/No']]></TransientExpression>
      </PIMap>
    </ParameterMap>
  </ViewAccessor>
  <ViewAccessor
    Name="LookupCode2"
    ViewObjectName="erp.model.LookupCode"
    RowLevelBinds="true">
    <ParameterMap>
      <PIMap Variable="BindLookupType">
        <TransientExpression
          trustMode="untrusted"
          Name="ExpressionScript"><![CDATA['ADDR_TYPE']]></TransientExpression>
      </PIMap>
    </ParameterMap>
  </ViewAccessor>
  <ListBinding
    Name="LOV_Preferred"
    ListVOName="LookupCode1"
    NullValueFlag="start"
    NullValueId="${adfBundle['oracle.javatools.resourcebundle.SystemBundle']['NULL_VALUE_RESID']}"
    MRUCount="0">
    <AttrArray Name="AttrNames">
      <Item Value="Preferred"/>
    </AttrArray>
    <AttrArray Name="AttrExpressions"/>
    <AttrArray Name="ListAttrNames">
      <Item Value="LookupCode"/>
    </AttrArray>
    <AttrArray Name="ListDisplayAttrNames">
      <Item Value="Meaning"/>
    </AttrArray>
    <DisplayCriteria/>
  </ListBinding>
  <ListBinding
    Name="LOV_AddressType"
    ListVOName="LookupCode2"
    NullValueFlag="none"
    MRUCount="0">
    <AttrArray Name="AttrNames">
      <Item Value="AddressType"/>
    </AttrArray>
    <AttrArray Name="AttrExpressions"/>
    <AttrArray Name="ListAttrNames">
      <Item Value="LookupCode"/>
    </AttrArray>
    <AttrArray Name="ListDisplayAttrNames">
      <Item Value="Meaning"/>
    </AttrArray>
    <DisplayCriteria/>
  </ListBinding>
  <EntityUsage
    Name="HrEmplContactInfo"
    Entity="erp.model.HrEmplContactInfo"/>
  <ViewAttribute
    Name="EmployeeNo"
    IsNotNull="true"
    PrecisionRule="true"
    EntityAttrName="EmployeeNo"
    EntityUsage="HrEmplContactInfo"
    AliasName="EMPLOYEE_NO">
    <Properties>
      <SchemaBasedProperties>
        <LABEL
          ResId="erp.model.HrEmplContactInfoView.EmployeeNo_LABEL"/>
      </SchemaBasedProperties>
    </Properties>
  </ViewAttribute>
  <ViewAttribute
    Name="EffectFrom"
    PrecisionRule="true"
    EntityAttrName="EffectFrom"
    EntityUsage="HrEmplContactInfo"
    AliasName="EFFECT_FROM">
    <Properties>
      <SchemaBasedProperties>
        <LABEL
          ResId="erp.model.HrEmplContactInfoView.EffectFrom_LABEL"/>
      </SchemaBasedProperties>
    </Properties>
  </ViewAttribute>
  <ViewAttribute
    Name="AddressType"
    IsNotNull="true"
    PrecisionRule="true"
    EntityAttrName="AddressType"
    EntityUsage="HrEmplContactInfo"
    AliasName="ADDRESS_TYPE"
    LOVName="LOV_AddressType">
    <Properties>
      <SchemaBasedProperties>
        <LABEL
          ResId="erp.model.HrEmplContactInfoView.AddressType_LABEL"/>
        <CONTROLTYPE
          Value="choice"/>
      </SchemaBasedProperties>
    </Properties>
  </ViewAttribute>
  <ViewAttribute
    Name="Preferred"
    PrecisionRule="true"
    EntityAttrName="Preferred"
    EntityUsage="HrEmplContactInfo"
    AliasName="PREFERRED"
    LOVName="LOV_Preferred">
    <Properties>
      <SchemaBasedProperties>
        <LABEL
          ResId="erp.model.HrEmplContactInfoView.Preferred_LABEL"/>
        <CONTROLTYPE
          Value="choice"/>
      </SchemaBasedProperties>
    </Properties>
  </ViewAttribute>
  <ViewAttribute
    Name="Street"
    PrecisionRule="true"
    EntityAttrName="Street"
    EntityUsage="HrEmplContactInfo"
    AliasName="STREET">
    <Properties>
      <SchemaBasedProperties>
        <LABEL
          ResId="erp.model.HrEmplContactInfoView.Street_LABEL"/>
      </SchemaBasedProperties>
    </Properties>
  </ViewAttribute>
  <ViewAttribute
    Name="City"
    PrecisionRule="true"
    EntityAttrName="City"
    EntityUsage="HrEmplContactInfo"
    AliasName="CITY">
    <Properties>
      <SchemaBasedProperties>
        <LABEL
          ResId="erp.model.HrEmplContactInfoView.City_LABEL"/>
      </SchemaBasedProperties>
    </Properties>
  </ViewAttribute>
  <ViewAttribute
    Name="State"
    PrecisionRule="true"
    EntityAttrName="State"
    EntityUsage="HrEmplContactInfo"
    AliasName="STATE">
    <Properties>
      <SchemaBasedProperties>
        <LABEL
          ResId="erp.model.HrEmplContactInfoView.State_LABEL"/>
      </SchemaBasedProperties>
    </Properties>
  </ViewAttribute>
  <ViewAttribute
    Name="Country"
    PrecisionRule="true"
    EntityAttrName="Country"
    EntityUsage="HrEmplContactInfo"
    AliasName="COUNTRY">
    <Properties>
      <SchemaBasedProperties>
        <LABEL
          ResId="erp.model.HrEmplContactInfoView.Country_LABEL"/>
      </SchemaBasedProperties>
    </Properties>
  </ViewAttribute>
  <ViewAttribute
    Name="Email"
    IsNotNull="true"
    PrecisionRule="true"
    EntityAttrName="Email"
    EntityUsage="HrEmplContactInfo"
    AliasName="EMAIL">
    <Properties>
      <SchemaBasedProperties>
        <LABEL
          ResId="erp.model.HrEmplContactInfoView.Email_LABEL"/>
      </SchemaBasedProperties>
    </Properties>
  </ViewAttribute>
  <ViewAttribute
    Name="Phoneno"
    IsNotNull="true"
    PrecisionRule="true"
    EntityAttrName="Phoneno"
    EntityUsage="HrEmplContactInfo"
    AliasName="PHONENO">
    <Properties>
      <SchemaBasedProperties>
        <LABEL
          ResId="erp.model.HrEmplContactInfoView.Phoneno_LABEL"/>
      </SchemaBasedProperties>
    </Properties>
  </ViewAttribute>
  <ViewAttribute
    Name="Notes"
    PrecisionRule="true"
    EntityAttrName="Notes"
    EntityUsage="HrEmplContactInfo"
    AliasName="NOTES">
    <Properties>
      <SchemaBasedProperties>
        <LABEL
          ResId="erp.model.HrEmplContactInfoView.Notes_LABEL"/>
      </SchemaBasedProperties>
    </Properties>
  </ViewAttribute>
  <ResourceBundle>
    <PropertiesBundle
      PropertiesFile="erp.model.SUNWAY_ERP_ModelBundle"/>
  </ResourceBundle>
</ViewObject>
