<?xml version="1.0" encoding="windows-1252" ?>
<!DOCTYPE ViewObject SYSTEM "jbo_03_01.dtd">
<!---->
<ViewObject
  xmlns="http://xmlns.oracle.com/bc4j"
  Name="HrEmplPayrollView"
  Version="12.2.1.12.24"
  InheritPersonalization="merge"
  SelectListFlags="1"
  FromListFlags="1"
  WhereFlags="1"
  BindingStyle="OracleName"
  CustomQuery="false"
  SelectAllAttributes="false"
  PageIterMode="Full">
  <EntityUsage
    Name="HrEmplPayroll"
    Entity="erp.model.HrEmplPayroll"/>
  <ViewAttribute
    Name="EmpoyeeNo"
    IsNotNull="true"
    PrecisionRule="true"
    EntityAttrName="EmpoyeeNo"
    EntityUsage="HrEmplPayroll"
    AliasName="EMPOYEE_NO">
    <Properties>
      <SchemaBasedProperties>
        <LABEL
          ResId="erp.model.HrEmplPayrollView.EmpoyeeNo_LABEL"/>
      </SchemaBasedProperties>
    </Properties>
  </ViewAttribute>
  <ViewAttribute
    Name="PayrollCode"
    PrecisionRule="true"
    EntityAttrName="PayrollCode"
    EntityUsage="HrEmplPayroll"
    AliasName="PAYROLL_CODE">
    <Properties>
      <SchemaBasedProperties>
        <LABEL
          ResId="erp.model.HrEmplPayrollView.PayrollCode_LABEL"/>
      </SchemaBasedProperties>
    </Properties>
  </ViewAttribute>
  <ViewAttribute
    Name="PayStart"
    PrecisionRule="true"
    EntityAttrName="PayStart"
    EntityUsage="HrEmplPayroll"
    AliasName="PAY_START">
    <Properties>
      <SchemaBasedProperties>
        <LABEL
          ResId="erp.model.HrEmplPayrollView.PayStart_LABEL"/>
      </SchemaBasedProperties>
    </Properties>
  </ViewAttribute>
  <ViewAttribute
    Name="PayEnd"
    PrecisionRule="true"
    EntityAttrName="PayEnd"
    EntityUsage="HrEmplPayroll"
    AliasName="PAY_END">
    <Properties>
      <SchemaBasedProperties>
        <LABEL
          ResId="erp.model.HrEmplPayrollView.PayEnd_LABEL"/>
      </SchemaBasedProperties>
    </Properties>
  </ViewAttribute>
  <ViewAttribute
    Name="WorkPeriod"
    PrecisionRule="true"
    EntityAttrName="WorkPeriod"
    EntityUsage="HrEmplPayroll"
    AliasName="WORK_PERIOD">
    <Properties>
      <SchemaBasedProperties>
        <LABEL
          ResId="erp.model.HrEmplPayrollView.WorkPeriod_LABEL"/>
      </SchemaBasedProperties>
    </Properties>
  </ViewAttribute>
  <ViewAttribute
    Name="GrossPay"
    PrecisionRule="true"
    EntityAttrName="GrossPay"
    EntityUsage="HrEmplPayroll"
    AliasName="GROSS_PAY">
    <Properties>
      <SchemaBasedProperties>
        <LABEL
          ResId="erp.model.HrEmplPayrollView.GrossPay_LABEL"/>
      </SchemaBasedProperties>
    </Properties>
  </ViewAttribute>
  <ViewAttribute
    Name="NetPy"
    PrecisionRule="true"
    EntityAttrName="NetPy"
    EntityUsage="HrEmplPayroll"
    AliasName="NET_PY">
    <Properties>
      <SchemaBasedProperties>
        <LABEL
          ResId="erp.model.HrEmplPayrollView.NetPy_LABEL"/>
      </SchemaBasedProperties>
    </Properties>
  </ViewAttribute>
  <ViewAttribute
    Name="Payday"
    PrecisionRule="true"
    EntityAttrName="Payday"
    EntityUsage="HrEmplPayroll"
    AliasName="PAYDAY">
    <Properties>
      <SchemaBasedProperties>
        <LABEL
          ResId="erp.model.HrEmplPayrollView.Payday_LABEL"/>
      </SchemaBasedProperties>
    </Properties>
  </ViewAttribute>
  <ResourceBundle>
    <PropertiesBundle
      PropertiesFile="erp.model.SUNWAY_ERP_ModelBundle"/>
  </ResourceBundle>
</ViewObject>
