<?xml version="1.0" encoding="windows-1252" ?>
<!DOCTYPE Entity SYSTEM "jbo_03_01.dtd">
<!---->
<Entity
  xmlns="http://xmlns.oracle.com/bc4j"
  Name="HrEmplCompensation1"
  Version="12.2.1.12.24"
  InheritPersonalization="merge"
  DBObjectType="table"
  DBObjectName="HR_EMPL_COMPENSATION"
  AliasName="HrEmplCompensation1"
  BindingStyle="OracleName">
  <Attribute
    Name="EmployeeNo"
    IsNotNull="true"
    ColumnName="EMPLOYEE_NO"
    SQLType="NUMERIC"
    Type="java.math.BigDecimal"
    ColumnType="NUMBER"
    TableName="HR_EMPL_COMPENSATION"
    PrimaryKey="true"/>
  <Attribute
    Name="EffectFrom"
    ColumnName="EFFECT_FROM"
    SQLType="DATE"
    Type="java.sql.Timestamp"
    ColumnType="DATE"
    TableName="HR_EMPL_COMPENSATION"/>
  <Attribute
    Name="CompStatus"
    Precision="16"
    ColumnName="COMP_STATUS"
    SQLType="VARCHAR"
    Type="java.lang.String"
    ColumnType="VARCHAR2"
    TableName="HR_EMPL_COMPENSATION">
    <DesignTime>
      <Attr Name="_DisplaySize" Value="16"/>
    </DesignTime>
  </Attribute>
  <Attribute
    Name="BasicSalary"
    IsNotNull="true"
    Precision="10"
    Scale="2"
    ColumnName="BASIC_SALARY"
    SQLType="NUMERIC"
    Type="java.math.BigDecimal"
    ColumnType="NUMBER"
    TableName="HR_EMPL_COMPENSATION"/>
  <Attribute
    Name="HousingYn"
    Precision="8"
    ColumnName="HOUSING_YN"
    SQLType="VARCHAR"
    Type="java.lang.String"
    ColumnType="VARCHAR2"
    TableName="HR_EMPL_COMPENSATION">
    <DesignTime>
      <Attr Name="_DisplaySize" Value="8"/>
    </DesignTime>
  </Attribute>
  <Attribute
    Name="HousingAlwn"
    Precision="10"
    Scale="2"
    ColumnName="HOUSING_ALWN"
    SQLType="NUMERIC"
    Type="java.math.BigDecimal"
    ColumnType="NUMBER"
    TableName="HR_EMPL_COMPENSATION"/>
  <Attribute
    Name="GsmAlwn"
    Precision="10"
    Scale="2"
    ColumnName="GSM_ALWN"
    SQLType="NUMERIC"
    Type="java.math.BigDecimal"
    ColumnType="NUMBER"
    TableName="HR_EMPL_COMPENSATION"/>
  <Attribute
    Name="TranspYn"
    Precision="8"
    ColumnName="TRANSP_YN"
    SQLType="VARCHAR"
    Type="java.lang.String"
    ColumnType="VARCHAR2"
    TableName="HR_EMPL_COMPENSATION">
    <DesignTime>
      <Attr Name="_DisplaySize" Value="8"/>
    </DesignTime>
  </Attribute>
  <Attribute
    Name="TranspAlwn"
    Precision="10"
    Scale="2"
    ColumnName="TRANSP_ALWN"
    SQLType="NUMERIC"
    Type="java.math.BigDecimal"
    ColumnType="NUMBER"
    TableName="HR_EMPL_COMPENSATION"/>
  <Attribute
    Name="TicketYn"
    Precision="8"
    ColumnName="TICKET_YN"
    SQLType="VARCHAR"
    Type="java.lang.String"
    ColumnType="VARCHAR2"
    TableName="HR_EMPL_COMPENSATION">
    <DesignTime>
      <Attr Name="_DisplaySize" Value="8"/>
    </DesignTime>
  </Attribute>
  <Attribute
    Name="TicketAlwn"
    Precision="10"
    Scale="2"
    ColumnName="TICKET_ALWN"
    SQLType="NUMERIC"
    Type="java.math.BigDecimal"
    ColumnType="NUMBER"
    TableName="HR_EMPL_COMPENSATION"/>
  <Attribute
    Name="OtherComp"
    ColumnName="OTHER_COMP"
    SQLType="NUMERIC"
    Type="java.math.BigDecimal"
    ColumnType="NUMBER"
    TableName="HR_EMPL_COMPENSATION"/>
  <Attribute
    Name="Notesremarks"
    Precision="1000"
    ColumnName="NOTESREMARKS"
    SQLType="VARCHAR"
    Type="java.lang.String"
    ColumnType="VARCHAR2"
    TableName="HR_EMPL_COMPENSATION">
    <DesignTime>
      <Attr Name="_DisplaySize" Value="1000"/>
    </DesignTime>
  </Attribute>
  <Attribute
    Name="Grosspay"
    ColumnName="GROSSPAY"
    SQLType="NUMERIC"
    Type="java.math.BigDecimal"
    ColumnType="NUMBER"
    TableName="HR_EMPL_COMPENSATION"/>
  <Key
    Name="HrEmplCompensationsPk"
    PrimaryKey="true">
    <DesignTime>
      <Attr Name="_DBObjectName" Value="HR_EMPL_COMPENSATIONS_PK"/>
    </DesignTime>
    <AttrArray Name="Attributes">
      <Item Value="erp.model.HrEmplCompensation1.EmployeeNo"/>
    </AttrArray>
  </Key>
  <Key
    Name="EmplCompensations">
    <DesignTime>
      <Attr Name="_isCascadeDelete" Value="true"/>
      <Attr Name="_referencedKey" Value="SYS_C007012"/>
      <Attr Name="_isForeign" Value="true"/>
      <Attr Name="_DBObjectName" Value="EMPL_COMPENSATIONS"/>
    </DesignTime>
    <AttrArray Name="Attributes">
      <Item Value="erp.model.HrEmplCompensation1.EmployeeNo"/>
    </AttrArray>
  </Key>
</Entity>
