<?xml version="1.0" encoding="windows-1252" ?>
<!DOCTYPE ViewObject SYSTEM "jbo_03_01.dtd">
<!---->
<ViewObject
  xmlns="http://xmlns.oracle.com/bc4j"
  Name="HrEmplContactInfo1View"
  Version="12.2.1.12.24"
  InheritPersonalization="merge"
  SelectListFlags="1"
  FromListFlags="1"
  WhereFlags="1"
  BindingStyle="OracleName"
  CustomQuery="false"
  SelectAllAttributes="false"
  PageIterMode="Full">
  <ViewAccessor
    Name="LookupCode1"
    ViewObjectName="erp.model.LookupCode"
    RowLevelBinds="true">
    <ParameterMap>
      <PIMap Variable="BindLookupType">
        <TransientExpression
          trustMode="untrusted"
          Name="ExpressionScript"><![CDATA['Yes/No']]></TransientExpression>
      </PIMap>
    </ParameterMap>
  </ViewAccessor>
  <ListBinding
    Name="LOV_Preferred"
    ListVOName="LookupCode1"
    NullValueFlag="start"
    NullValueId="${adfBundle['oracle.javatools.resourcebundle.SystemBundle']['NULL_VALUE_RESID']}"
    MRUCount="0">
    <AttrArray Name="AttrNames">
      <Item Value="Preferred"/>
    </AttrArray>
    <AttrArray Name="AttrExpressions"/>
    <AttrArray Name="ListAttrNames">
      <Item Value="LookupCode"/>
    </AttrArray>
    <AttrArray Name="ListDisplayAttrNames">
      <Item Value="Meaning"/>
    </AttrArray>
    <DisplayCriteria/>
  </ListBinding>
  <EntityUsage
    Name="HrEmplContactInfo1"
    Entity="erp.model.HrEmplContactInfo1"/>
  <ViewAttribute
    Name="EmployeeNo"
    IsNotNull="true"
    PrecisionRule="true"
    EntityAttrName="EmployeeNo"
    EntityUsage="HrEmplContactInfo1"
    AliasName="EMPLOYEE_NO"/>
  <ViewAttribute
    Name="EffectFrom"
    PrecisionRule="true"
    EntityAttrName="EffectFrom"
    EntityUsage="HrEmplContactInfo1"
    AliasName="EFFECT_FROM"/>
  <ViewAttribute
    Name="AddressType"
    IsNotNull="true"
    PrecisionRule="true"
    EntityAttrName="AddressType"
    EntityUsage="HrEmplContactInfo1"
    AliasName="ADDRESS_TYPE"/>
  <ViewAttribute
    Name="Preferred"
    PrecisionRule="true"
    EntityAttrName="Preferred"
    EntityUsage="HrEmplContactInfo1"
    AliasName="PREFERRED"
    LOVName="LOV_Preferred">
    <Properties>
      <SchemaBasedProperties>
        <CONTROLTYPE
          Value="choice"/>
      </SchemaBasedProperties>
    </Properties>
  </ViewAttribute>
  <ViewAttribute
    Name="Street"
    PrecisionRule="true"
    EntityAttrName="Street"
    EntityUsage="HrEmplContactInfo1"
    AliasName="STREET"/>
  <ViewAttribute
    Name="City"
    PrecisionRule="true"
    EntityAttrName="City"
    EntityUsage="HrEmplContactInfo1"
    AliasName="CITY"/>
  <ViewAttribute
    Name="State"
    PrecisionRule="true"
    EntityAttrName="State"
    EntityUsage="HrEmplContactInfo1"
    AliasName="STATE"/>
  <ViewAttribute
    Name="Country"
    PrecisionRule="true"
    EntityAttrName="Country"
    EntityUsage="HrEmplContactInfo1"
    AliasName="COUNTRY"/>
  <ViewAttribute
    Name="Email"
    IsNotNull="true"
    PrecisionRule="true"
    EntityAttrName="Email"
    EntityUsage="HrEmplContactInfo1"
    AliasName="EMAIL"/>
  <ViewAttribute
    Name="Phoneno"
    IsNotNull="true"
    PrecisionRule="true"
    EntityAttrName="Phoneno"
    EntityUsage="HrEmplContactInfo1"
    AliasName="PHONENO"/>
  <ViewAttribute
    Name="Notes"
    PrecisionRule="true"
    EntityAttrName="Notes"
    EntityUsage="HrEmplContactInfo1"
    AliasName="NOTES"/>
</ViewObject>
