<?xml version="1.0" encoding="windows-1252" ?>
<!DOCTYPE Entity SYSTEM "jbo_03_01.dtd">
<!---->
<Entity
  xmlns="http://xmlns.oracle.com/bc4j"
  Name="HrEmplPassport1"
  Version="12.2.1.12.24"
  InheritPersonalization="merge"
  DBObjectType="table"
  DBObjectName="HR_EMPL_PASSPORT"
  AliasName="HrEmplPassport1"
  BindingStyle="OracleName">
  <Attribute
    Name="EmployeeNo"
    IsNotNull="true"
    ColumnName="EMPLOYEE_NO"
    SQLType="NUMERIC"
    Type="java.math.BigDecimal"
    ColumnType="NUMBER"
    TableName="HR_EMPL_PASSPORT"
    PrimaryKey="true"/>
  <Attribute
    Name="PassportNo"
    IsNotNull="true"
    Precision="32"
    ColumnName="PASSPORT_NO"
    SQLType="VARCHAR"
    Type="java.lang.String"
    ColumnType="VARCHAR2"
    TableName="HR_EMPL_PASSPORT"
    PrimaryKey="true">
    <DesignTime>
      <Attr Name="_DisplaySize" Value="32"/>
    </DesignTime>
  </Attribute>
  <Attribute
    Name="NameAsPassport"
    IsNotNull="true"
    Precision="100"
    ColumnName="NAME_AS_PASSPORT"
    SQLType="VARCHAR"
    Type="java.lang.String"
    ColumnType="VARCHAR2"
    TableName="HR_EMPL_PASSPORT">
    <DesignTime>
      <Attr Name="_DisplaySize" Value="100"/>
    </DesignTime>
  </Attribute>
  <Attribute
    Name="IssueDate"
    ColumnName="ISSUE_DATE"
    SQLType="DATE"
    Type="java.sql.Timestamp"
    ColumnType="DATE"
    TableName="HR_EMPL_PASSPORT"/>
  <Attribute
    Name="ExpireDate"
    ColumnName="EXPIRE_DATE"
    SQLType="DATE"
    Type="java.sql.Timestamp"
    ColumnType="DATE"
    TableName="HR_EMPL_PASSPORT"/>
  <Attribute
    Name="IssueCountry"
    Precision="32"
    ColumnName="ISSUE_COUNTRY"
    SQLType="VARCHAR"
    Type="java.lang.String"
    ColumnType="VARCHAR2"
    TableName="HR_EMPL_PASSPORT">
    <DesignTime>
      <Attr Name="_DisplaySize" Value="32"/>
    </DesignTime>
  </Attribute>
  <Attribute
    Name="PassportCopy"
    IsQueriable="false"
    ColumnName="PASSPORT_COPY"
    SQLType="BLOB"
    Type="oracle.jbo.domain.BlobDomain"
    ColumnType="BLOB"
    TableName="HR_EMPL_PASSPORT"/>
  <Attribute
    Name="Nationality"
    Precision="32"
    ColumnName="NATIONALITY"
    SQLType="VARCHAR"
    Type="java.lang.String"
    ColumnType="VARCHAR2"
    TableName="HR_EMPL_PASSPORT">
    <DesignTime>
      <Attr Name="_DisplaySize" Value="32"/>
    </DesignTime>
  </Attribute>
  <Key
    Name="SysC007033"
    PrimaryKey="true">
    <DesignTime>
      <Attr Name="_DBObjectName" Value="SYS_C007033"/>
    </DesignTime>
    <AttrArray Name="Attributes">
      <Item Value="erp.model.HrEmplPassport1.EmployeeNo"/>
      <Item Value="erp.model.HrEmplPassport1.PassportNo"/>
    </AttrArray>
  </Key>
  <Key
    Name="EmplPassport">
    <DesignTime>
      <Attr Name="_isCascadeDelete" Value="true"/>
      <Attr Name="_referencedKey" Value="SYS_C007012"/>
      <Attr Name="_isForeign" Value="true"/>
      <Attr Name="_DBObjectName" Value="EMPL_PASSPORT"/>
    </DesignTime>
    <AttrArray Name="Attributes">
      <Item Value="erp.model.HrEmplPassport1.EmployeeNo"/>
    </AttrArray>
  </Key>
</Entity>
