<?xml version="1.0" encoding="windows-1252" ?>
<!DOCTYPE Entity SYSTEM "jbo_03_01.dtd">
<!---->
<Entity
  xmlns="http://xmlns.oracle.com/bc4j"
  Name="HrEmplResidencePermit"
  Version="12.2.1.12.24"
  InheritPersonalization="merge"
  DBObjectType="table"
  DBObjectName="HR_EMPL_RESIDENCE_PERMIT"
  AliasName="HrEmplResidencePermit"
  BindingStyle="OracleName">
  <Attribute
    Name="EmployeeNo"
    IsNotNull="true"
    ColumnName="EMPLOYEE_NO"
    SQLType="NUMERIC"
    Type="java.math.BigDecimal"
    ColumnType="NUMBER"
    TableName="HR_EMPL_RESIDENCE_PERMIT"
    PrimaryKey="true"/>
  <Attribute
    Name="VisaType"
    Precision="32"
    ColumnName="VISA_TYPE"
    SQLType="VARCHAR"
    Type="java.lang.String"
    ColumnType="VARCHAR2"
    TableName="HR_EMPL_RESIDENCE_PERMIT">
    <DesignTime>
      <Attr Name="_DisplaySize" Value="32"/>
    </DesignTime>
  </Attribute>
  <Attribute
    Name="Id"
    IsNotNull="true"
    Precision="32"
    ColumnName="ID"
    SQLType="VARCHAR"
    Type="java.lang.String"
    ColumnType="VARCHAR2"
    TableName="HR_EMPL_RESIDENCE_PERMIT"
    PrimaryKey="true">
    <DesignTime>
      <Attr Name="_DisplaySize" Value="32"/>
    </DesignTime>
  </Attribute>
  <Attribute
    Name="Nationality"
    Precision="100"
    ColumnName="NATIONALITY"
    SQLType="VARCHAR"
    Type="java.lang.String"
    ColumnType="VARCHAR2"
    TableName="HR_EMPL_RESIDENCE_PERMIT">
    <DesignTime>
      <Attr Name="_DisplaySize" Value="100"/>
    </DesignTime>
  </Attribute>
  <Attribute
    Name="VisaStatus"
    IsNotNull="true"
    Precision="32"
    ColumnName="VISA_STATUS"
    SQLType="VARCHAR"
    Type="java.lang.String"
    ColumnType="VARCHAR2"
    TableName="HR_EMPL_RESIDENCE_PERMIT">
    <DesignTime>
      <Attr Name="_DisplaySize" Value="32"/>
    </DesignTime>
  </Attribute>
  <Attribute
    Name="StartDate"
    IsNotNull="true"
    ColumnName="START_DATE"
    SQLType="DATE"
    Type="java.sql.Timestamp"
    ColumnType="DATE"
    TableName="HR_EMPL_RESIDENCE_PERMIT"/>
  <Attribute
    Name="EndDate"
    IsNotNull="true"
    ColumnName="END_DATE"
    SQLType="DATE"
    Type="java.sql.Timestamp"
    ColumnType="DATE"
    TableName="HR_EMPL_RESIDENCE_PERMIT"/>
  <Attribute
    Name="DurationType"
    Precision="32"
    ColumnName="DURATION_TYPE"
    SQLType="VARCHAR"
    Type="java.lang.String"
    ColumnType="VARCHAR2"
    TableName="HR_EMPL_RESIDENCE_PERMIT">
    <DesignTime>
      <Attr Name="_DisplaySize" Value="32"/>
    </DesignTime>
  </Attribute>
  <Attribute
    Name="VisaDuration"
    Precision="10"
    Scale="0"
    ColumnName="VISA_DURATION"
    SQLType="NUMERIC"
    Type="java.lang.Long"
    ColumnType="NUMBER"
    TableName="HR_EMPL_RESIDENCE_PERMIT"/>
  <Attribute
    Name="IssuePlace"
    Precision="32"
    ColumnName="ISSUE_PLACE"
    SQLType="VARCHAR"
    Type="java.lang.String"
    ColumnType="VARCHAR2"
    TableName="HR_EMPL_RESIDENCE_PERMIT">
    <DesignTime>
      <Attr Name="_DisplaySize" Value="32"/>
    </DesignTime>
  </Attribute>
  <Attribute
    Name="IssuedAuthority"
    Precision="100"
    ColumnName="ISSUED_AUTHORITY"
    SQLType="VARCHAR"
    Type="java.lang.String"
    ColumnType="VARCHAR2"
    TableName="HR_EMPL_RESIDENCE_PERMIT">
    <DesignTime>
      <Attr Name="_DisplaySize" Value="100"/>
    </DesignTime>
  </Attribute>
  <Attribute
    Name="Occupation"
    Precision="100"
    ColumnName="OCCUPATION"
    SQLType="VARCHAR"
    Type="java.lang.String"
    ColumnType="VARCHAR2"
    TableName="HR_EMPL_RESIDENCE_PERMIT">
    <DesignTime>
      <Attr Name="_DisplaySize" Value="100"/>
    </DesignTime>
  </Attribute>
  <AccessorAttribute
    Name="HrEmplInfo"
    Association="erp.model.HrResidencePermitFk1Assoc"
    AssociationEnd="erp.model.HrResidencePermitFk1Assoc.HrEmplInfo"
    AssociationOtherEnd="erp.model.HrResidencePermitFk1Assoc.HrEmplResidencePermit"
    Type="oracle.jbo.server.EntityImpl"
    IsUpdateable="true"/>
  <Key
    Name="SysC007057"
    PrimaryKey="true">
    <DesignTime>
      <Attr Name="_DBObjectName" Value="SYS_C007057"/>
    </DesignTime>
    <AttrArray Name="Attributes">
      <Item Value="erp.model.HrEmplResidencePermit.EmployeeNo"/>
      <Item Value="erp.model.HrEmplResidencePermit.Id"/>
    </AttrArray>
  </Key>
  <Key
    Name="HrResidencePermitFk1">
    <DesignTime>
      <Attr Name="_isCascadeDelete" Value="true"/>
      <Attr Name="_referencedKey" Value="SYS_C007012"/>
      <Attr Name="_isForeign" Value="true"/>
      <Attr Name="_DBObjectName" Value="HR_RESIDENCE_PERMIT_FK1"/>
    </DesignTime>
    <AttrArray Name="Attributes">
      <Item Value="erp.model.HrEmplResidencePermit.EmployeeNo"/>
    </AttrArray>
  </Key>
</Entity>
