<?xml version="1.0" encoding="windows-1252" ?>
<!DOCTYPE Entity SYSTEM "jbo_03_01.dtd">
<!---->
<Entity
  xmlns="http://xmlns.oracle.com/bc4j"
  Name="HrGrades"
  Version="12.2.1.12.24"
  InheritPersonalization="merge"
  DBObjectType="table"
  DBObjectName="HR_GRADES"
  AliasName="HrGrades"
  BindingStyle="OracleName">
  <Attribute
    Name="GradeCode"
    IsNotNull="true"
    Precision="20"
    ColumnName="GRADE_CODE"
    SQLType="VARCHAR"
    Type="java.lang.String"
    ColumnType="VARCHAR2"
    TableName="HR_GRADES"
    PrimaryKey="true">
    <DesignTime>
      <Attr Name="_DisplaySize" Value="20"/>
    </DesignTime>
  </Attribute>
  <Attribute
    Name="GradeDesc"
    Precision="100"
    ColumnName="GRADE_DESC"
    SQLType="VARCHAR"
    Type="java.lang.String"
    ColumnType="VARCHAR2"
    TableName="HR_GRADES">
    <DesignTime>
      <Attr Name="_DisplaySize" Value="100"/>
    </DesignTime>
  </Attribute>
  <Attribute
    Name="Notes"
    Precision="1000"
    ColumnName="NOTES"
    SQLType="VARCHAR"
    Type="java.lang.String"
    ColumnType="VARCHAR2"
    TableName="HR_GRADES">
    <DesignTime>
      <Attr Name="_DisplaySize" Value="1000"/>
    </DesignTime>
  </Attribute>
  <AccessorAttribute
    Name="HrGradeAttributes"
    Association="erp.model.HrGradeAttributesFk1Assoc"
    AssociationEnd="erp.model.HrGradeAttributesFk1Assoc.HrGradeAttributes"
    AssociationOtherEnd="erp.model.HrGradeAttributesFk1Assoc.HrGrades"
    Type="oracle.jbo.RowIterator"
    IsUpdateable="false"/>
  <Key
    Name="SysC007094"
    PrimaryKey="true">
    <DesignTime>
      <Attr Name="_DBObjectName" Value="SYS_C007094"/>
    </DesignTime>
    <AttrArray Name="Attributes">
      <Item Value="erp.model.HrGrades.GradeCode"/>
    </AttrArray>
  </Key>
</Entity>
