<?xml version="1.0" encoding="windows-1252" ?>
<!DOCTYPE ViewLink SYSTEM "jbo_03_01.dtd">
<!---->
<ViewLink
  xmlns="http://xmlns.oracle.com/bc4j"
  Name="HrGradeAttributesFk1Link"
  Version="12.2.1.12.24"
  InheritPersonalization="merge"
  EntityAssociation="erp.model.HrGradeAttributesFk1Assoc">
  <ViewLinkDefEnd
    Name="HrGradesView"
    Cardinality="1"
    Source="true"
    Owner="erp.model.HrGradesView">
    <DesignTime>
      <Attr Name="_isUpdateable" Value="true"/>
      <Attr Name="_finderName" Value="HrGradesView"/>
    </DesignTime>
    <AttrArray Name="Attributes">
      <Item Value="erp.model.HrGradesView.GradeCode"/>
    </AttrArray>
  </ViewLinkDefEnd>
  <ViewLinkDefEnd
    Name="HrGradeAttributesView"
    Cardinality="-1"
    Owner="erp.model.HrGradeAttributesView">
    <DesignTime>
      <Attr Name="_isUpdateable" Value="true"/>
      <Attr Name="_finderName" Value="HrGradeAttributesView"/>
    </DesignTime>
    <AttrArray Name="Attributes">
      <Item Value="erp.model.HrGradeAttributesView.GradeCode"/>
    </AttrArray>
  </ViewLinkDefEnd>
</ViewLink>
