<?xml version="1.0" encoding="windows-1252" ?>
<!DOCTYPE Association SYSTEM "jbo_03_01.dtd">
<!---->
<Association
  xmlns="http://xmlns.oracle.com/bc4j"
  Name="HrGradeAttributesFk1Assoc"
  Version="12.2.1.12.24"
  InheritPersonalization="merge">
  <DesignTime>
    <Attr Name="_isCodegen" Value="true"/>
  </DesignTime>
  <AssociationEnd
    Name="HrGrades"
    Cardinality="1"
    Source="true"
    Owner="erp.model.HrGrades">
    <DesignTime>
      <Attr Name="_isUpdateable" Value="true"/>
      <Attr Name="_aggregation" Value="0"/>
      <Attr Name="_finderName" Value="HrGrades"/>
      <Attr Name="_foreignKey" Value="erp.model.HrGrades.SysC007094"/>
    </DesignTime>
    <AttrArray Name="Attributes">
      <Item Value="erp.model.HrGrades.GradeCode"/>
    </AttrArray>
  </AssociationEnd>
  <AssociationEnd
    Name="HrGradeAttributes"
    Cardinality="-1"
    Owner="erp.model.HrGradeAttributes">
    <DesignTime>
      <Attr Name="_isUpdateable" Value="true"/>
      <Attr Name="_aggregation" Value="0"/>
      <Attr Name="_finderName" Value="HrGradeAttributes"/>
      <Attr Name="_foreignKey" Value="erp.model.HrGradeAttributes.HrGradeAttributesFk1"/>
    </DesignTime>
    <AttrArray Name="Attributes">
      <Item Value="erp.model.HrGradeAttributes.GradeCode"/>
    </AttrArray>
  </AssociationEnd>
</Association>
