<?xml version="1.0" encoding="windows-1252" ?>
<!DOCTYPE Entity SYSTEM "jbo_03_01.dtd">
<!---->
<Entity
  xmlns="http://xmlns.oracle.com/bc4j"
  Name="HrGradeAttributes"
  Version="12.2.1.12.24"
  InheritPersonalization="merge"
  DBObjectType="table"
  DBObjectName="HR_GRADE_ATTRIBUTES"
  AliasName="HrGradeAttributes"
  BindingStyle="OracleName">
  <Attribute
    Name="GradeCode"
    Precision="20"
    ColumnName="GRADE_CODE"
    SQLType="VARCHAR"
    Type="java.lang.String"
    ColumnType="VARCHAR2"
    TableName="HR_GRADE_ATTRIBUTES">
    <DesignTime>
      <Attr Name="_DisplaySize" Value="20"/>
    </DesignTime>
  </Attribute>
  <Attribute
    Name="MaxSalary"
    IsNotNull="true"
    Precision="10"
    Scale="0"
    ColumnName="MAX_SALARY"
    SQLType="NUMERIC"
    Type="java.lang.Long"
    ColumnType="NUMBER"
    TableName="HR_GRADE_ATTRIBUTES"/>
  <Attribute
    Name="MinSalary"
    IsNotNull="true"
    Precision="10"
    Scale="0"
    ColumnName="MIN_SALARY"
    SQLType="NUMERIC"
    Type="java.lang.Long"
    ColumnType="NUMBER"
    TableName="HR_GRADE_ATTRIBUTES"/>
  <Attribute
    Name="NoVacationDays"
    IsNotNull="true"
    Precision="10"
    Scale="0"
    ColumnName="NO_VACATION_DAYS"
    SQLType="NUMERIC"
    Type="java.lang.Long"
    ColumnType="NUMBER"
    TableName="HR_GRADE_ATTRIBUTES"/>
  <Attribute
    Name="MaxPersonalLoan"
    IsNotNull="true"
    Precision="10"
    Scale="0"
    ColumnName="MAX_PERSONAL_LOAN"
    SQLType="NUMERIC"
    Type="java.lang.Long"
    ColumnType="NUMBER"
    TableName="HR_GRADE_ATTRIBUTES"/>
  <Attribute
    Name="TicketValue"
    IsNotNull="true"
    Precision="10"
    Scale="0"
    ColumnName="TICKET_VALUE"
    SQLType="NUMERIC"
    Type="java.lang.Long"
    ColumnType="NUMBER"
    TableName="HR_GRADE_ATTRIBUTES"/>
  <Attribute
    Name="Notesremarks"
    IsNotNull="true"
    Precision="1000"
    ColumnName="NOTESREMARKS"
    SQLType="VARCHAR"
    Type="java.lang.String"
    ColumnType="VARCHAR2"
    TableName="HR_GRADE_ATTRIBUTES">
    <DesignTime>
      <Attr Name="_DisplaySize" Value="1000"/>
    </DesignTime>
  </Attribute>
  <Attribute
    Name="TicketEntitled"
    IsNotNull="true"
    Precision="16"
    ColumnName="TICKET_ENTITLED"
    SQLType="VARCHAR"
    Type="java.lang.String"
    ColumnType="VARCHAR2"
    TableName="HR_GRADE_ATTRIBUTES">
    <DesignTime>
      <Attr Name="_DisplaySize" Value="16"/>
    </DesignTime>
  </Attribute>
  <Attribute
    Name="FamilyTicketEntitled"
    IsNotNull="true"
    Precision="16"
    ColumnName="FAMILY_TICKET_ENTITLED"
    SQLType="VARCHAR"
    Type="java.lang.String"
    ColumnType="VARCHAR2"
    TableName="HR_GRADE_ATTRIBUTES">
    <DesignTime>
      <Attr Name="_DisplaySize" Value="16"/>
    </DesignTime>
  </Attribute>
  <Attribute
    Name="TicketClass"
    IsNotNull="true"
    Precision="20"
    ColumnName="TICKET_CLASS"
    SQLType="VARCHAR"
    Type="java.lang.String"
    ColumnType="VARCHAR2"
    TableName="HR_GRADE_ATTRIBUTES">
    <DesignTime>
      <Attr Name="_DisplaySize" Value="20"/>
    </DesignTime>
  </Attribute>
  <Attribute
    Name="AttributeCode"
    IsNotNull="true"
    Precision="20"
    ColumnName="ATTRIBUTE_CODE"
    SQLType="VARCHAR"
    Type="java.lang.String"
    ColumnType="VARCHAR2"
    TableName="HR_GRADE_ATTRIBUTES"
    PrimaryKey="true">
    <DesignTime>
      <Attr Name="_DisplaySize" Value="20"/>
    </DesignTime>
  </Attribute>
  <AccessorAttribute
    Name="HrGrades"
    Association="erp.model.HrGradeAttributesFk1Assoc"
    AssociationEnd="erp.model.HrGradeAttributesFk1Assoc.HrGrades"
    AssociationOtherEnd="erp.model.HrGradeAttributesFk1Assoc.HrGradeAttributes"
    Type="oracle.jbo.server.EntityImpl"
    IsUpdateable="true"/>
  <Key
    Name="HrGradeAttributesPk"
    PrimaryKey="true">
    <DesignTime>
      <Attr Name="_DBObjectName" Value="HR_GRADE_ATTRIBUTES_PK"/>
    </DesignTime>
    <AttrArray Name="Attributes">
      <Item Value="erp.model.HrGradeAttributes.AttributeCode"/>
    </AttrArray>
  </Key>
  <Key
    Name="HrGradeAttributesFk1">
    <DesignTime>
      <Attr Name="_isCascadeDelete" Value="true"/>
      <Attr Name="_referencedKey" Value="SYS_C007094"/>
      <Attr Name="_isForeign" Value="true"/>
      <Attr Name="_DBObjectName" Value="HR_GRADE_ATTRIBUTES_FK1"/>
    </DesignTime>
    <AttrArray Name="Attributes">
      <Item Value="erp.model.HrGradeAttributes.GradeCode"/>
    </AttrArray>
  </Key>
</Entity>
