<?xml version="1.0" encoding="windows-1252" ?>
<!DOCTYPE Entity SYSTEM "jbo_03_01.dtd">
<!---->
<Entity
  xmlns="http://xmlns.oracle.com/bc4j"
  Name="HrHealthPlan"
  Version="12.2.1.12.24"
  InheritPersonalization="merge"
  DBObjectType="table"
  DBObjectName="HR_HEALTH_PLAN"
  AliasName="HrHealthPlan"
  BindingStyle="OracleName">
  <Attribute
    Name="HealthPlanCode"
    IsNotNull="true"
    Precision="25"
    ColumnName="HEALTH_PLAN_CODE"
    SQLType="VARCHAR"
    Type="java.lang.String"
    ColumnType="VARCHAR2"
    TableName="HR_HEALTH_PLAN"
    PrimaryKey="true">
    <DesignTime>
      <Attr Name="_DisplaySize" Value="25"/>
    </DesignTime>
  </Attribute>
  <Attribute
    Name="HealthPlan"
    Precision="100"
    ColumnName="HEALTH_PLAN"
    SQLType="VARCHAR"
    Type="java.lang.String"
    ColumnType="VARCHAR2"
    TableName="HR_HEALTH_PLAN">
    <DesignTime>
      <Attr Name="_DisplaySize" Value="100"/>
    </DesignTime>
  </Attribute>
  <Attribute
    Name="HealthPlanDesc"
    Precision="1000"
    ColumnName="HEALTH_PLAN_DESC"
    SQLType="VARCHAR"
    Type="java.lang.String"
    ColumnType="VARCHAR2"
    TableName="HR_HEALTH_PLAN">
    <DesignTime>
      <Attr Name="_DisplaySize" Value="1000"/>
    </DesignTime>
  </Attribute>
  <Attribute
    Name="HealthPlanProvider"
    Precision="100"
    ColumnName="HEALTH_PLAN_PROVIDER"
    SQLType="VARCHAR"
    Type="java.lang.String"
    ColumnType="VARCHAR2"
    TableName="HR_HEALTH_PLAN">
    <DesignTime>
      <Attr Name="_DisplaySize" Value="100"/>
    </DesignTime>
  </Attribute>
  <Attribute
    Name="StartDate"
    ColumnName="START_DATE"
    SQLType="DATE"
    Type="java.sql.Timestamp"
    ColumnType="DATE"
    TableName="HR_HEALTH_PLAN"/>
  <Attribute
    Name="EndDate"
    ColumnName="END_DATE"
    SQLType="DATE"
    Type="java.sql.Timestamp"
    ColumnType="DATE"
    TableName="HR_HEALTH_PLAN"/>
  <Attribute
    Name="HealthplanStatus"
    Precision="64"
    ColumnName="HEALTHPLAN_STATUS"
    SQLType="VARCHAR"
    Type="java.lang.String"
    ColumnType="VARCHAR2"
    TableName="HR_HEALTH_PLAN">
    <DesignTime>
      <Attr Name="_DisplaySize" Value="64"/>
    </DesignTime>
  </Attribute>
  <Attribute
    Name="NotesRemarks"
    Precision="1000"
    ColumnName="NOTES_REMARKS"
    SQLType="VARCHAR"
    Type="java.lang.String"
    ColumnType="VARCHAR2"
    TableName="HR_HEALTH_PLAN">
    <DesignTime>
      <Attr Name="_DisplaySize" Value="1000"/>
    </DesignTime>
  </Attribute>
  <Key
    Name="SysC007044"
    PrimaryKey="true">
    <DesignTime>
      <Attr Name="_DBObjectName" Value="SYS_C007044"/>
    </DesignTime>
    <AttrArray Name="Attributes">
      <Item Value="erp.model.HrHealthPlan.HealthPlanCode"/>
    </AttrArray>
  </Key>
</Entity>
