<?xml version="1.0" encoding="windows-1252" ?>
<!DOCTYPE Entity SYSTEM "jbo_03_01.dtd">
<!---->
<Entity
  xmlns="http://xmlns.oracle.com/bc4j"
  Name="HrHolidays"
  Version="12.2.1.12.24"
  InheritPersonalization="merge"
  DBObjectType="table"
  DBObjectName="HR_HOLIDAYS"
  AliasName="HrHolidays"
  BindingStyle="OracleName">
  <Attribute
    Name="HolidayType"
    IsNotNull="true"
    Precision="32"
    ColumnName="HOLIDAY_TYPE"
    SQLType="VARCHAR"
    Type="java.lang.String"
    ColumnType="VARCHAR2"
    TableName="HR_HOLIDAYS"
    PrimaryKey="true">
    <DesignTime>
      <Attr Name="_DisplaySize" Value="32"/>
    </DesignTime>
  </Attribute>
  <Attribute
    Name="HolidayDesc"
    Precision="100"
    ColumnName="HOLIDAY_DESC"
    SQLType="VARCHAR"
    Type="java.lang.String"
    ColumnType="VARCHAR2"
    TableName="HR_HOLIDAYS">
    <DesignTime>
      <Attr Name="_DisplaySize" Value="100"/>
    </DesignTime>
  </Attribute>
  <Attribute
    Name="StartDate"
    ColumnName="START_DATE"
    SQLType="DATE"
    Type="java.sql.Timestamp"
    ColumnType="DATE"
    TableName="HR_HOLIDAYS"/>
  <Attribute
    Name="EndDate"
    ColumnName="END_DATE"
    SQLType="DATE"
    Type="java.sql.Timestamp"
    ColumnType="DATE"
    TableName="HR_HOLIDAYS"/>
  <Attribute
    Name="Notes"
    Precision="1000"
    ColumnName="NOTES"
    SQLType="VARCHAR"
    Type="java.lang.String"
    ColumnType="VARCHAR2"
    TableName="HR_HOLIDAYS">
    <DesignTime>
      <Attr Name="_DisplaySize" Value="1000"/>
    </DesignTime>
  </Attribute>
  <Key
    Name="SysC007092"
    PrimaryKey="true">
    <DesignTime>
      <Attr Name="_DBObjectName" Value="SYS_C007092"/>
    </DesignTime>
    <AttrArray Name="Attributes">
      <Item Value="erp.model.HrHolidays.HolidayType"/>
    </AttrArray>
  </Key>
</Entity>
