<?xml version="1.0" encoding="windows-1252" ?>
<!DOCTYPE Entity SYSTEM "jbo_03_01.dtd">
<!---->
<Entity
  xmlns="http://xmlns.oracle.com/bc4j"
  Name="HrNewjobsInfo"
  Version="12.2.1.12.24"
  InheritPersonalization="merge"
  DBObjectType="table"
  DBObjectName="HR_NEWJOBS_INFO"
  AliasName="HrNewjobsInfo"
  BindingStyle="OracleName">
  <Attribute
    Name="PositionNbr"
    IsNotNull="true"
    Precision="32"
    ColumnName="POSITION_NBR"
    SQLType="VARCHAR"
    Type="java.lang.String"
    ColumnType="VARCHAR2"
    TableName="HR_NEWJOBS_INFO">
    <DesignTime>
      <Attr Name="_DisplaySize" Value="32"/>
    </DesignTime>
  </Attribute>
  <Attribute
    Name="PositionDate"
    ColumnName="POSITION_DATE"
    SQLType="DATE"
    Type="java.sql.Timestamp"
    ColumnType="DATE"
    TableName="HR_NEWJOBS_INFO"/>
  <Attribute
    Name="JobCode"
    IsNotNull="true"
    Precision="32"
    ColumnName="JOB_CODE"
    SQLType="VARCHAR"
    Type="java.lang.String"
    ColumnType="VARCHAR2"
    TableName="HR_NEWJOBS_INFO"
    PrimaryKey="true">
    <DesignTime>
      <Attr Name="_DisplaySize" Value="32"/>
    </DesignTime>
  </Attribute>
  <Attribute
    Name="JobTitle"
    IsNotNull="true"
    Precision="32"
    ColumnName="JOB_TITLE"
    SQLType="VARCHAR"
    Type="java.lang.String"
    ColumnType="VARCHAR2"
    TableName="HR_NEWJOBS_INFO"
    PrimaryKey="true">
    <DesignTime>
      <Attr Name="_DisplaySize" Value="32"/>
    </DesignTime>
  </Attribute>
  <Attribute
    Name="JobLevel"
    Precision="32"
    ColumnName="JOB_LEVEL"
    SQLType="VARCHAR"
    Type="java.lang.String"
    ColumnType="VARCHAR2"
    TableName="HR_NEWJOBS_INFO">
    <DesignTime>
      <Attr Name="_DisplaySize" Value="32"/>
    </DesignTime>
  </Attribute>
  <Attribute
    Name="DepartmentCode"
    IsNotNull="true"
    Precision="32"
    ColumnName="DEPARTMENT_CODE"
    SQLType="VARCHAR"
    Type="java.lang.String"
    ColumnType="VARCHAR2"
    TableName="HR_NEWJOBS_INFO">
    <DesignTime>
      <Attr Name="_DisplaySize" Value="32"/>
    </DesignTime>
  </Attribute>
  <Attribute
    Name="Department"
    Precision="32"
    ColumnName="DEPARTMENT"
    SQLType="VARCHAR"
    Type="java.lang.String"
    ColumnType="VARCHAR2"
    TableName="HR_NEWJOBS_INFO">
    <DesignTime>
      <Attr Name="_DisplaySize" Value="32"/>
    </DesignTime>
  </Attribute>
  <Attribute
    Name="BusinessUnit"
    Precision="32"
    ColumnName="BUSINESS_UNIT"
    SQLType="VARCHAR"
    Type="java.lang.String"
    ColumnType="VARCHAR2"
    TableName="HR_NEWJOBS_INFO">
    <DesignTime>
      <Attr Name="_DisplaySize" Value="32"/>
    </DesignTime>
  </Attribute>
  <Attribute
    Name="Location"
    Precision="100"
    ColumnName="LOCATION"
    SQLType="VARCHAR"
    Type="java.lang.String"
    ColumnType="VARCHAR2"
    TableName="HR_NEWJOBS_INFO">
    <DesignTime>
      <Attr Name="_DisplaySize" Value="100"/>
    </DesignTime>
  </Attribute>
  <Attribute
    Name="Grade"
    IsNotNull="true"
    Precision="8"
    ColumnName="GRADE"
    SQLType="VARCHAR"
    Type="java.lang.String"
    ColumnType="VARCHAR2"
    TableName="HR_NEWJOBS_INFO">
    <DesignTime>
      <Attr Name="_DisplaySize" Value="8"/>
    </DesignTime>
  </Attribute>
  <Attribute
    Name="SupervisorId"
    Precision="8"
    ColumnName="SUPERVISOR_ID"
    SQLType="VARCHAR"
    Type="java.lang.String"
    ColumnType="VARCHAR2"
    TableName="HR_NEWJOBS_INFO">
    <DesignTime>
      <Attr Name="_DisplaySize" Value="8"/>
    </DesignTime>
  </Attribute>
  <Attribute
    Name="ReportsTo"
    Precision="100"
    ColumnName="REPORTS_TO"
    SQLType="VARCHAR"
    Type="java.lang.String"
    ColumnType="VARCHAR2"
    TableName="HR_NEWJOBS_INFO">
    <DesignTime>
      <Attr Name="_DisplaySize" Value="100"/>
    </DesignTime>
  </Attribute>
  <Attribute
    Name="RegTemp"
    Precision="32"
    ColumnName="REG_TEMP"
    SQLType="VARCHAR"
    Type="java.lang.String"
    ColumnType="VARCHAR2"
    TableName="HR_NEWJOBS_INFO">
    <DesignTime>
      <Attr Name="_DisplaySize" Value="32"/>
    </DesignTime>
  </Attribute>
  <Attribute
    Name="FullPart"
    Precision="32"
    ColumnName="FULL_PART"
    SQLType="VARCHAR"
    Type="java.lang.String"
    ColumnType="VARCHAR2"
    TableName="HR_NEWJOBS_INFO">
    <DesignTime>
      <Attr Name="_DisplaySize" Value="32"/>
    </DesignTime>
  </Attribute>
  <Attribute
    Name="StartDate"
    ColumnName="START_DATE"
    SQLType="DATE"
    Type="java.sql.Timestamp"
    ColumnType="DATE"
    TableName="HR_NEWJOBS_INFO"/>
  <Attribute
    Name="EndDate"
    ColumnName="END_DATE"
    SQLType="DATE"
    Type="java.sql.Timestamp"
    ColumnType="DATE"
    TableName="HR_NEWJOBS_INFO"/>
  <Attribute
    Name="ContractType"
    Precision="32"
    ColumnName="CONTRACT_TYPE"
    SQLType="VARCHAR"
    Type="java.lang.String"
    ColumnType="VARCHAR2"
    TableName="HR_NEWJOBS_INFO">
    <DesignTime>
      <Attr Name="_DisplaySize" Value="32"/>
    </DesignTime>
  </Attribute>
  <Attribute
    Name="ContractNbr"
    Precision="8"
    ColumnName="CONTRACT_NBR"
    SQLType="VARCHAR"
    Type="java.lang.String"
    ColumnType="VARCHAR2"
    TableName="HR_NEWJOBS_INFO">
    <DesignTime>
      <Attr Name="_DisplaySize" Value="8"/>
    </DesignTime>
  </Attribute>
  <Attribute
    Name="StandardHrs"
    Precision="32"
    ColumnName="STANDARD_HRS"
    SQLType="VARCHAR"
    Type="java.lang.String"
    ColumnType="VARCHAR2"
    TableName="HR_NEWJOBS_INFO">
    <DesignTime>
      <Attr Name="_DisplaySize" Value="32"/>
    </DesignTime>
  </Attribute>
  <Attribute
    Name="LaborAgremnt"
    Precision="32"
    ColumnName="LABOR_AGREMNT"
    SQLType="VARCHAR"
    Type="java.lang.String"
    ColumnType="VARCHAR2"
    TableName="HR_NEWJOBS_INFO">
    <DesignTime>
      <Attr Name="_DisplaySize" Value="32"/>
    </DesignTime>
  </Attribute>
  <Attribute
    Name="EmplCategory"
    Precision="100"
    ColumnName="EMPL_CATEGORY"
    SQLType="VARCHAR"
    Type="java.lang.String"
    ColumnType="VARCHAR2"
    TableName="HR_NEWJOBS_INFO">
    <DesignTime>
      <Attr Name="_DisplaySize" Value="100"/>
    </DesignTime>
  </Attribute>
  <Attribute
    Name="JobStatus"
    Precision="100"
    ColumnName="JOB_STATUS"
    SQLType="VARCHAR"
    Type="java.lang.String"
    ColumnType="VARCHAR2"
    TableName="HR_NEWJOBS_INFO">
    <DesignTime>
      <Attr Name="_DisplaySize" Value="100"/>
    </DesignTime>
  </Attribute>
  <Key
    Name="SysC007125"
    PrimaryKey="true">
    <DesignTime>
      <Attr Name="_DBObjectName" Value="SYS_C007125"/>
    </DesignTime>
    <AttrArray Name="Attributes">
      <Item Value="erp.model.HrNewjobsInfo.JobCode"/>
      <Item Value="erp.model.HrNewjobsInfo.JobTitle"/>
    </AttrArray>
  </Key>
</Entity>
