<?xml version="1.0" encoding="windows-1252" ?>
<!DOCTYPE Entity SYSTEM "jbo_03_01.dtd">
<!---->
<Entity
  xmlns="http://xmlns.oracle.com/bc4j"
  Name="HrSearchLookup"
  Version="12.2.1.12.24"
  InheritPersonalization="merge"
  DBObjectType="table"
  DBObjectName="HR_SEARCH_LOOKUP"
  AliasName="HrSearchLookup"
  BindingStyle="OracleName">
  <Attribute
    Name="EmplStatus"
    Precision="32"
    ColumnName="EMPL_STATUS"
    SQLType="VARCHAR"
    Type="java.lang.String"
    ColumnType="VARCHAR2"
    TableName="HR_SEARCH_LOOKUP">
    <DesignTime>
      <Attr Name="_DisplaySize" Value="32"/>
    </DesignTime>
  </Attribute>
  <Attribute
    Name="JobStatus"
    Precision="100"
    ColumnName="JOB_STATUS"
    SQLType="VARCHAR"
    Type="java.lang.String"
    ColumnType="VARCHAR2"
    TableName="HR_SEARCH_LOOKUP">
    <DesignTime>
      <Attr Name="_DisplaySize" Value="100"/>
    </DesignTime>
  </Attribute>
  <Attribute
    Name="CourseStatus"
    Precision="20"
    ColumnName="COURSE_STATUS"
    SQLType="VARCHAR"
    Type="java.lang.String"
    ColumnType="VARCHAR2"
    TableName="HR_SEARCH_LOOKUP">
    <DesignTime>
      <Attr Name="_DisplaySize" Value="20"/>
    </DesignTime>
  </Attribute>
  <Attribute
    Name="AppraisalYear"
    Precision="16"
    ColumnName="APPRAISAL_YEAR"
    SQLType="VARCHAR"
    Type="java.lang.String"
    ColumnType="VARCHAR2"
    TableName="HR_SEARCH_LOOKUP">
    <DesignTime>
      <Attr Name="_DisplaySize" Value="16"/>
    </DesignTime>
  </Attribute>
  <Attribute
    Name="SearchCode"
    IsNotNull="true"
    ColumnName="SEARCH_CODE"
    SQLType="NUMERIC"
    Type="java.math.BigDecimal"
    ColumnType="NUMBER"
    TableName="HR_SEARCH_LOOKUP"
    PrimaryKey="true"/>
  <Attribute
    Name="AppraisalType"
    Precision="20"
    ColumnName="APPRAISAL_TYPE"
    SQLType="VARCHAR"
    Type="java.lang.String"
    ColumnType="VARCHAR2"
    TableName="HR_SEARCH_LOOKUP">
    <DesignTime>
      <Attr Name="_DisplaySize" Value="20"/>
    </DesignTime>
  </Attribute>
  <Key
    Name="HrSearchLookupPk"
    PrimaryKey="true">
    <DesignTime>
      <Attr Name="_DBObjectName" Value="HR_SEARCH_LOOKUP_PK"/>
    </DesignTime>
    <AttrArray Name="Attributes">
      <Item Value="erp.model.HrSearchLookup.SearchCode"/>
    </AttrArray>
  </Key>
</Entity>
