<?xml version="1.0" encoding="windows-1252" ?>
<!DOCTYPE Entity SYSTEM "jbo_03_01.dtd">
<!---->
<Entity
  xmlns="http://xmlns.oracle.com/bc4j"
  Name="HrTrainingsSeminars"
  Version="12.2.1.12.24"
  InheritPersonalization="merge"
  DBObjectType="table"
  DBObjectName="HR_TRAININGS_SEMINARS"
  AliasName="HrTrainingsSeminars"
  BindingStyle="OracleName">
  <Attribute
    Name="TrainingType"
    Precision="100"
    ColumnName="TRAINING_TYPE"
    SQLType="VARCHAR"
    Type="java.lang.String"
    ColumnType="VARCHAR2"
    TableName="HR_TRAININGS_SEMINARS">
    <DesignTime>
      <Attr Name="_DisplaySize" Value="100"/>
    </DesignTime>
  </Attribute>
  <Attribute
    Name="TrainingCode"
    IsNotNull="true"
    Precision="32"
    ColumnName="TRAINING_CODE"
    SQLType="VARCHAR"
    Type="java.lang.String"
    ColumnType="VARCHAR2"
    TableName="HR_TRAININGS_SEMINARS"
    PrimaryKey="true">
    <DesignTime>
      <Attr Name="_DisplaySize" Value="32"/>
    </DesignTime>
  </Attribute>
  <Attribute
    Name="StartDate"
    ColumnName="START_DATE"
    SQLType="DATE"
    Type="java.sql.Timestamp"
    ColumnType="DATE"
    TableName="HR_TRAININGS_SEMINARS"/>
  <Attribute
    Name="ExpectedEndDate"
    ColumnName="EXPECTED_END_DATE"
    SQLType="DATE"
    Type="java.sql.Timestamp"
    ColumnType="DATE"
    TableName="HR_TRAININGS_SEMINARS"/>
  <Attribute
    Name="TrainingStatus"
    Precision="32"
    ColumnName="TRAINING_STATUS"
    SQLType="VARCHAR"
    Type="java.lang.String"
    ColumnType="VARCHAR2"
    TableName="HR_TRAININGS_SEMINARS">
    <DesignTime>
      <Attr Name="_DisplaySize" Value="32"/>
    </DesignTime>
  </Attribute>
  <Attribute
    Name="Notes"
    Precision="1000"
    ColumnName="NOTES"
    SQLType="VARCHAR"
    Type="java.lang.String"
    ColumnType="VARCHAR2"
    TableName="HR_TRAININGS_SEMINARS">
    <DesignTime>
      <Attr Name="_DisplaySize" Value="1000"/>
    </DesignTime>
  </Attribute>
  <Attribute
    Name="Description"
    Precision="100"
    ColumnName="DESCRIPTION"
    SQLType="VARCHAR"
    Type="java.lang.String"
    ColumnType="VARCHAR2"
    TableName="HR_TRAININGS_SEMINARS">
    <DesignTime>
      <Attr Name="_DisplaySize" Value="100"/>
    </DesignTime>
  </Attribute>
  <Attribute
    Name="TrainingCost"
    ColumnName="TRAINING_COST"
    SQLType="NUMERIC"
    Type="java.math.BigDecimal"
    ColumnType="NUMBER"
    TableName="HR_TRAININGS_SEMINARS"/>
  <Attribute
    Name="OtherCost"
    ColumnName="OTHER_COST"
    SQLType="NUMERIC"
    Type="java.math.BigDecimal"
    ColumnType="NUMBER"
    TableName="HR_TRAININGS_SEMINARS"/>
  <Attribute
    Name="TrainingCategory"
    Precision="100"
    ColumnName="TRAINING_CATEGORY"
    SQLType="VARCHAR"
    Type="java.lang.String"
    ColumnType="VARCHAR2"
    TableName="HR_TRAININGS_SEMINARS">
    <DesignTime>
      <Attr Name="_DisplaySize" Value="100"/>
    </DesignTime>
  </Attribute>
  <AccessorAttribute
    Name="HrEmplTrainings"
    Association="erp.model.HrEmplTrainingsFk1Assoc"
    AssociationEnd="erp.model.HrEmplTrainingsFk1Assoc.HrEmplTrainings"
    AssociationOtherEnd="erp.model.HrEmplTrainingsFk1Assoc.HrTrainingsSeminars"
    Type="oracle.jbo.RowIterator"
    IsUpdateable="false"/>
  <Key
    Name="SysC007106"
    PrimaryKey="true">
    <DesignTime>
      <Attr Name="_DBObjectName" Value="SYS_C007106"/>
    </DesignTime>
    <AttrArray Name="Attributes">
      <Item Value="erp.model.HrTrainingsSeminars.TrainingCode"/>
    </AttrArray>
  </Key>
</Entity>
