<?xml version="1.0" encoding="windows-1252" ?>
<!DOCTYPE ViewObject SYSTEM "jbo_03_01.dtd">
<!---->
<ViewObject
  xmlns="http://xmlns.oracle.com/bc4j"
  Name="LookupCode"
  Version="12.2.1.9.14"
  InheritPersonalization="merge"
  BindingStyle="OracleName"
  CustomQuery="true"
  RowClass="erp.model.LookupCodeRowImpl"
  ComponentClass="erp.model.LookupCodeImpl"
  PageIterMode="Full">
  <DesignTime>
    <Attr Name="_codeGenFlag2" Value="Coll"/>
    <Attr Name="_isExpertMode" Value="true"/>
    <Attr Name="_isCodegen" Value="true"/>
  </DesignTime>
  <Properties>
    <SchemaBasedProperties>
      <LABEL
        ResId="erp.model.LookupCode_LABEL"/>
    </SchemaBasedProperties>
  </Properties>
  <Variable
    Name="BindLookupType"
    Kind="where"
    Type="java.lang.String"/>
  <SQLQuery><![CDATA[SELECT  
    HR_LOOKUP_TBL.LOOKUP_TYPE LOOKUP_TYPE,  
    HR_LOOKUP_TBL.LOOKUP_CODE LOOKUP_CODE,  
    HR_LOOKUP_TBL.MEANING MEANING,  
    HR_LOOKUP_TBL.LANGUAGE LANGUAGE  
FROM  
    HR_LOOKUP_TBL 
WHERE 
    HR_LOOKUP_TBL.LANGUAGE = SYS_CONTEXT('USERENV','LANG') AND 
    HR_LOOKUP_TBL.LOOKUP_TYPE = :BindLookupType]]></SQLQuery>
  <ViewAttribute
    Name="LookupType"
    IsUpdateable="false"
    IsPersistent="false"
    PrecisionRule="true"
    Precision="255"
    Type="java.lang.String"
    ColumnType="VARCHAR2"
    AliasName="LOOKUP_TYPE"
    Expression="LOOKUP_TYPE"
    SQLType="VARCHAR">
    <DesignTime>
      <Attr Name="_DisplaySize" Value="32"/>
    </DesignTime>
  </ViewAttribute>
  <ViewAttribute
    Name="LookupCode"
    IsUpdateable="false"
    IsPersistent="false"
    PrecisionRule="true"
    Precision="32"
    Type="java.lang.String"
    ColumnType="VARCHAR2"
    AliasName="LOOKUP_CODE"
    Expression="LOOKUP_CODE"
    SQLType="VARCHAR">
    <DesignTime>
      <Attr Name="_DisplaySize" Value="32"/>
    </DesignTime>
  </ViewAttribute>
  <ViewAttribute
    Name="Meaning"
    IsUpdateable="false"
    IsPersistent="false"
    PrecisionRule="true"
    Precision="32"
    Type="java.lang.String"
    ColumnType="VARCHAR2"
    AliasName="MEANING"
    Expression="MEANING"
    SQLType="VARCHAR">
    <DesignTime>
      <Attr Name="_DisplaySize" Value="32"/>
    </DesignTime>
  </ViewAttribute>
  <ViewAttribute
    Name="Language"
    IsUpdateable="false"
    IsPersistent="false"
    PrecisionRule="true"
    Precision="8"
    Type="java.lang.String"
    ColumnType="VARCHAR2"
    AliasName="LANGUAGE"
    Expression="LANGUAGE"
    SQLType="VARCHAR">
    <DesignTime>
      <Attr Name="_DisplaySize" Value="8"/>
    </DesignTime>
  </ViewAttribute>
  <AttrArray Name="KeyAttributes">
    <Item Value="LookupType"/>
    <Item Value="LookupCode"/>
  </AttrArray>
  <LOVUIHints
    ListType="105"
    MRUCount="0">
    <AttrArray Name="ListDisplayAttrNames">
      <Item Value="Language"/>
      <Item Value="LookupCode"/>
      <Item Value="LookupType"/>
      <Item Value="Meaning"/>
    </AttrArray>
    <DisplayCriteria/>
  </LOVUIHints>
  <ResourceBundle>
    <PropertiesBundle
      PropertiesFile="erp.model.SUNWAY_ERP_ModelBundle"/>
  </ResourceBundle>
</ViewObject>
