<?xml version="1.0" encoding="windows-1252" ?>
<!DOCTYPE ViewLink SYSTEM "jbo_03_01.dtd">
<!---->
<ViewLink
  xmlns="http://xmlns.oracle.com/bc4j"
  Name="fin_sale_Customer_paymentViewLink"
  Version="12.2.1.12.24"
  InheritPersonalization="merge">
  <Properties>
    <SchemaBasedProperties>
      <LABEL
        ResId="erp.model.fin.fin_sale_Customer_paymentViewLink_LABEL"/>
    </SchemaBasedProperties>
  </Properties>
  <ViewLinkDefEnd
    Name="InvSalesView"
    Cardinality="1"
    Source="true"
    Owner="erp.model.fin.InvSalesView">
    <DesignTime>
      <Attr Name="_isUpdateable" Value="true"/>
      <Attr Name="_finderName" Value="InvSalesView"/>
    </DesignTime>
    <AttrArray Name="Attributes">
      <Item Value="erp.model.fin.InvSalesView.Orderno"/>
    </AttrArray>
  </ViewLinkDefEnd>
  <ViewLinkDefEnd
    Name="FinCusPayments1View"
    Cardinality="-1"
    Owner="erp.model.fin.FinCusPayments1View">
    <DesignTime>
      <Attr Name="_isUpdateable" Value="true"/>
      <Attr Name="_finderName" Value="FinCusPayments1View"/>
    </DesignTime>
    <AttrArray Name="Attributes">
      <Item Value="erp.model.fin.FinCusPayments1View.OrderNo"/>
    </AttrArray>
  </ViewLinkDefEnd>
  <ResourceBundle>
    <PropertiesBundle
      PropertiesFile="erp.model.SUNWAY_ERP_ModelBundle"/>
  </ResourceBundle>
</ViewLink>
