<?xml version="1.0" encoding="windows-1252" ?>
<!DOCTYPE ViewObject SYSTEM "jbo_03_01.dtd">
<!---->
<ViewObject
  xmlns="http://xmlns.oracle.com/bc4j"
  Name="FinChartOfAccounts_BalanceSheetREportView"
  Version="12.2.1.12.24"
  InheritPersonalization="merge"
  BindingStyle="OracleName"
  CustomQuery="true"
  PageIterMode="Full"
  OrderBy='"GL_ACCOUNT_CLASS_TYPE_KEY"'>
  <DesignTime>
    <Attr Name="_isExpertMode" Value="true"/>
  </DesignTime>
  <ViewAccessor
    Name="LookupCode1"
    ViewObjectName="erp.model.LookupCode"
    RowLevelBinds="true">
    <ParameterMap>
      <PIMap Variable="BindLookupType">
        <TransientExpression
          trustMode="untrusted"
          Name="ExpressionScript"><![CDATA['ACCOUNT_TYPE']]></TransientExpression>
      </PIMap>
    </ParameterMap>
  </ViewAccessor>
  <ListBinding
    Name="LOV_GlAccountClassTypeKey"
    ListVOName="LookupCode1"
    NullValueFlag="start"
    NullValueId="${adfBundle['oracle.javatools.resourcebundle.SystemBundle']['NULL_VALUE_RESID']}"
    MRUCount="0">
    <AttrArray Name="AttrNames">
      <Item Value="GlAccountClassTypeKey"/>
    </AttrArray>
    <AttrArray Name="AttrExpressions"/>
    <AttrArray Name="ListAttrNames">
      <Item Value="LookupCode"/>
    </AttrArray>
    <AttrArray Name="ListDisplayAttrNames">
      <Item Value="Meaning"/>
    </AttrArray>
    <DisplayCriteria/>
  </ListBinding>
  <SQLQuery><![CDATA[SELECT FinChartOfAccounts.GL_ACCOUNT_CLASS_TYPE_KEY,        
       FinChartOfAccounts.PARENT_GL_ACCOUNT,        
       FinChartOfAccounts.ACCOUNT_CODE,        
       FinChartOfAccounts.ACCOUNT_NAME,        
       FinChartOfAccounts.DESCRIPTION,        
       FinChartOfAccounts.BALANCE,        
       FinChartOfAccounts.AS_OF_DATE,        
(SELECT SUM(BALANCE)  FROM FIN_CHART_OF_ACCOUNTS where PARENT_GL_ACCOUNT='1000')AS TOTAL_REVENUE,       
(SELECT SUM(BALANCE) FROM FIN_CHART_OF_ACCOUNTS where PARENT_GL_ACCOUNT='2000') AS TOTAL_EXPENSES,       
(SELECT SUM(BALANCE)  FROM FIN_CHART_OF_ACCOUNTS where PARENT_GL_ACCOUNT='3000')AS TOTAL_LIABILITIES,       
(SELECT SUM(BALANCE)  FROM FIN_CHART_OF_ACCOUNTS where PARENT_GL_ACCOUNT='4000')AS TOTAL_ASSETS       
FROM FIN_CHART_OF_ACCOUNTS FinChartOfAccounts]]></SQLQuery>
  <ViewAttribute
    Name="GlAccountClassTypeKey"
    IsUpdateable="false"
    IsPersistent="false"
    PrecisionRule="true"
    Precision="20"
    Type="java.lang.String"
    ColumnType="VARCHAR2"
    AliasName="GL_ACCOUNT_CLASS_TYPE_KEY"
    Expression="GL_ACCOUNT_CLASS_TYPE_KEY"
    SQLType="VARCHAR"
    LOVName="LOV_GlAccountClassTypeKey">
    <DesignTime>
      <Attr Name="_DisplaySize" Value="20"/>
    </DesignTime>
    <Properties>
      <SchemaBasedProperties>
        <LABEL
          ResId="erp.model.fin.FinChartOfAccounts_BalanceSheetREportView.GlAccountClassTypeKey_LABEL"/>
        <CONTROLTYPE
          Value="choice"/>
      </SchemaBasedProperties>
    </Properties>
  </ViewAttribute>
  <ViewAttribute
    Name="ParentGlAccount"
    IsUpdateable="false"
    IsPersistent="false"
    PrecisionRule="true"
    Precision="20"
    Type="java.lang.String"
    ColumnType="VARCHAR2"
    AliasName="PARENT_GL_ACCOUNT"
    Expression="PARENT_GL_ACCOUNT"
    SQLType="VARCHAR">
    <DesignTime>
      <Attr Name="_DisplaySize" Value="20"/>
    </DesignTime>
    <Properties>
      <SchemaBasedProperties>
        <LABEL
          ResId="erp.model.fin.FinChartOfAccounts_BalanceSheetREportView.ParentGlAccount_LABEL"/>
      </SchemaBasedProperties>
    </Properties>
  </ViewAttribute>
  <ViewAttribute
    Name="AccountCode"
    IsUpdateable="false"
    IsPersistent="false"
    IsNotNull="true"
    PrecisionRule="true"
    Precision="20"
    Type="java.lang.String"
    ColumnType="VARCHAR2"
    AliasName="ACCOUNT_CODE"
    Expression="ACCOUNT_CODE"
    SQLType="VARCHAR">
    <DesignTime>
      <Attr Name="_DisplaySize" Value="20"/>
    </DesignTime>
    <Properties>
      <SchemaBasedProperties>
        <LABEL
          ResId="erp.model.fin.FinChartOfAccounts_BalanceSheetREportView.AccountCode_LABEL"/>
      </SchemaBasedProperties>
    </Properties>
  </ViewAttribute>
  <ViewAttribute
    Name="AccountName"
    IsUpdateable="false"
    IsPersistent="false"
    PrecisionRule="true"
    Precision="20"
    Type="java.lang.String"
    ColumnType="VARCHAR2"
    AliasName="ACCOUNT_NAME"
    Expression="ACCOUNT_NAME"
    SQLType="VARCHAR">
    <DesignTime>
      <Attr Name="_DisplaySize" Value="20"/>
    </DesignTime>
    <Properties>
      <SchemaBasedProperties>
        <LABEL
          ResId="erp.model.fin.FinChartOfAccounts_BalanceSheetREportView.AccountName_LABEL"/>
      </SchemaBasedProperties>
    </Properties>
  </ViewAttribute>
  <ViewAttribute
    Name="Description"
    IsUpdateable="false"
    IsPersistent="false"
    PrecisionRule="true"
    Precision="1000"
    Type="java.lang.String"
    ColumnType="VARCHAR2"
    AliasName="DESCRIPTION"
    Expression="DESCRIPTION"
    SQLType="VARCHAR">
    <DesignTime>
      <Attr Name="_DisplaySize" Value="1000"/>
    </DesignTime>
    <Properties>
      <SchemaBasedProperties>
        <LABEL
          ResId="erp.model.fin.FinChartOfAccounts_BalanceSheetREportView.Description_LABEL"/>
      </SchemaBasedProperties>
    </Properties>
  </ViewAttribute>
  <ViewAttribute
    Name="Balance"
    IsUpdateable="false"
    IsPersistent="false"
    PrecisionRule="true"
    Type="java.math.BigDecimal"
    ColumnType="NUMBER"
    AliasName="BALANCE"
    Expression="BALANCE"
    SQLType="NUMERIC">
    <Properties>
      <SchemaBasedProperties>
        <LABEL
          ResId="erp.model.fin.FinChartOfAccounts_BalanceSheetREportView.Balance_LABEL"/>
      </SchemaBasedProperties>
    </Properties>
  </ViewAttribute>
  <ViewAttribute
    Name="AsOfDate"
    IsUpdateable="false"
    IsPersistent="false"
    PrecisionRule="true"
    Type="java.sql.Timestamp"
    ColumnType="DATE"
    AliasName="AS_OF_DATE"
    Expression="AS_OF_DATE"
    SQLType="DATE">
    <Properties>
      <SchemaBasedProperties>
        <LABEL
          ResId="erp.model.fin.FinChartOfAccounts_BalanceSheetREportView.AsOfDate_LABEL"/>
      </SchemaBasedProperties>
    </Properties>
  </ViewAttribute>
  <ViewAttribute
    Name="TotalRevenue"
    IsUpdateable="false"
    IsPersistent="false"
    PrecisionRule="true"
    Type="java.math.BigDecimal"
    ColumnType="NUMBER"
    AliasName="TOTAL_REVENUE"
    Expression="TOTAL_REVENUE"
    SQLType="NUMERIC">
    <Properties>
      <SchemaBasedProperties>
        <LABEL
          ResId="erp.model.fin.FinChartOfAccounts_BalanceSheetREportView.TotalRevenue_LABEL"/>
      </SchemaBasedProperties>
    </Properties>
  </ViewAttribute>
  <ViewAttribute
    Name="TotalExpenses"
    IsUpdateable="false"
    IsPersistent="false"
    PrecisionRule="true"
    Type="java.math.BigDecimal"
    ColumnType="NUMBER"
    AliasName="TOTAL_EXPENSES"
    Expression="TOTAL_EXPENSES"
    SQLType="NUMERIC">
    <Properties>
      <SchemaBasedProperties>
        <LABEL
          ResId="erp.model.fin.FinChartOfAccounts_BalanceSheetREportView.TotalExpenses_LABEL"/>
      </SchemaBasedProperties>
    </Properties>
  </ViewAttribute>
  <ViewAttribute
    Name="TotalLiabilities"
    IsUpdateable="false"
    IsPersistent="false"
    PrecisionRule="true"
    Type="java.math.BigDecimal"
    ColumnType="NUMBER"
    AliasName="TOTAL_LIABILITIES"
    Expression="TOTAL_LIABILITIES"
    SQLType="NUMERIC">
    <Properties>
      <SchemaBasedProperties>
        <LABEL
          ResId="erp.model.fin.FinChartOfAccounts_BalanceSheetREportView.TotalLiabilities_LABEL"/>
      </SchemaBasedProperties>
    </Properties>
  </ViewAttribute>
  <ViewAttribute
    Name="TotalAssets"
    IsUpdateable="false"
    IsPersistent="false"
    PrecisionRule="true"
    Type="java.math.BigDecimal"
    ColumnType="NUMBER"
    AliasName="TOTAL_ASSETS"
    Expression="TOTAL_ASSETS"
    SQLType="NUMERIC">
    <Properties>
      <SchemaBasedProperties>
        <LABEL
          ResId="erp.model.fin.FinChartOfAccounts_BalanceSheetREportView.TotalAssets_LABEL"/>
      </SchemaBasedProperties>
    </Properties>
  </ViewAttribute>
  <AttrArray Name="KeyAttributes">
    <Item Value="AccountCode"/>
  </AttrArray>
  <ViewLinkAccessor
    Name="FinChartaccountBalancesView"
    ViewLink="erp.model.fin.GLAccountReport_AccountBalancesViewLink"
    Type="oracle.jbo.RowIterator"
    IsUpdateable="false"/>
  <ResourceBundle>
    <PropertiesBundle
      PropertiesFile="erp.model.SUNWAY_ERP_ModelBundle"/>
  </ResourceBundle>
</ViewObject>
