<?xml version="1.0" encoding="windows-1252" ?>
<!DOCTYPE ViewObject SYSTEM "jbo_03_01.dtd">
<!---->
<ViewObject
  xmlns="http://xmlns.oracle.com/bc4j"
  Name="FinCusPayments1View"
  Version="12.2.1.12.24"
  InheritPersonalization="merge"
  SelectListFlags="1"
  FromListFlags="1"
  WhereFlags="1"
  BindingStyle="OracleName"
  CustomQuery="false"
  SelectAllAttributes="false"
  PageIterMode="Full">
  <ViewAccessor
    Name="LookupCode1"
    ViewObjectName="erp.model.LookupCode"
    RowLevelBinds="true">
    <ParameterMap>
      <PIMap Variable="BindLookupType">
        <TransientExpression
          trustMode="untrusted"
          Name="ExpressionScript"><![CDATA['PAYMENT_METHOD']]></TransientExpression>
      </PIMap>
    </ParameterMap>
  </ViewAccessor>
  <ViewAccessor
    Name="LookupCode2"
    ViewObjectName="erp.model.LookupCode"
    RowLevelBinds="true">
    <ParameterMap>
      <PIMap Variable="BindLookupType">
        <TransientExpression
          trustMode="untrusted"
          Name="ExpressionScript"><![CDATA['PAYMENT_STATUS']]></TransientExpression>
      </PIMap>
    </ParameterMap>
  </ViewAccessor>
  <ViewAccessor
    Name="LookupCode3"
    ViewObjectName="erp.model.LookupCode"
    RowLevelBinds="true">
    <ParameterMap>
      <PIMap Variable="BindLookupType">
        <TransientExpression
          trustMode="untrusted"
          Name="ExpressionScript"><![CDATA['PAYMENT_TYPE']]></TransientExpression>
      </PIMap>
    </ParameterMap>
  </ViewAccessor>
  <ListBinding
    Name="LOV_PaymentMethodType"
    ListVOName="LookupCode1"
    NullValueFlag="start"
    NullValueId="${adfBundle['oracle.javatools.resourcebundle.SystemBundle']['NULL_VALUE_RESID']}"
    MRUCount="0">
    <AttrArray Name="AttrNames">
      <Item Value="PaymentMethodType"/>
    </AttrArray>
    <AttrArray Name="AttrExpressions"/>
    <AttrArray Name="ListAttrNames">
      <Item Value="LookupCode"/>
    </AttrArray>
    <AttrArray Name="ListDisplayAttrNames">
      <Item Value="Meaning"/>
    </AttrArray>
    <DisplayCriteria/>
  </ListBinding>
  <ListBinding
    Name="LOV_PaymentStatus"
    ListVOName="LookupCode2"
    NullValueFlag="start"
    NullValueId="${adfBundle['oracle.javatools.resourcebundle.SystemBundle']['NULL_VALUE_RESID']}"
    MRUCount="0">
    <AttrArray Name="AttrNames">
      <Item Value="PaymentStatus"/>
    </AttrArray>
    <AttrArray Name="AttrExpressions"/>
    <AttrArray Name="ListAttrNames">
      <Item Value="LookupCode"/>
    </AttrArray>
    <AttrArray Name="ListDisplayAttrNames">
      <Item Value="Meaning"/>
    </AttrArray>
    <DisplayCriteria/>
  </ListBinding>
  <ListBinding
    Name="LOV_PaymentType"
    ListVOName="LookupCode3"
    NullValueFlag="start"
    NullValueId="${adfBundle['oracle.javatools.resourcebundle.SystemBundle']['NULL_VALUE_RESID']}"
    MRUCount="0">
    <AttrArray Name="AttrNames">
      <Item Value="PaymentType"/>
    </AttrArray>
    <AttrArray Name="AttrExpressions"/>
    <AttrArray Name="ListAttrNames">
      <Item Value="LookupCode"/>
    </AttrArray>
    <AttrArray Name="ListDisplayAttrNames">
      <Item Value="Meaning"/>
    </AttrArray>
    <DisplayCriteria/>
  </ListBinding>
  <EntityUsage
    Name="FinCusPayments1"
    Entity="erp.model.fin.FinCusPayments1"/>
  <ViewAttribute
    Name="PaymentCode"
    IsNotNull="true"
    PrecisionRule="true"
    EntityAttrName="PaymentCode"
    EntityUsage="FinCusPayments1"
    AliasName="PAYMENT_CODE"
    IsUpdateable="while_insert"/>
  <ViewAttribute
    Name="OrderNo"
    IsNotNull="true"
    PrecisionRule="true"
    EntityAttrName="OrderNo"
    EntityUsage="FinCusPayments1"
    AliasName="ORDER_NO"/>
  <ViewAttribute
    Name="PaymentMethodType"
    PrecisionRule="true"
    EntityAttrName="PaymentMethodType"
    EntityUsage="FinCusPayments1"
    AliasName="PAYMENT_METHOD_TYPE"
    LOVName="LOV_PaymentMethodType">
    <Properties>
      <SchemaBasedProperties>
        <CONTROLTYPE
          Value="choice"/>
      </SchemaBasedProperties>
    </Properties>
  </ViewAttribute>
  <ViewAttribute
    Name="Amount"
    PrecisionRule="true"
    EntityAttrName="Amount"
    EntityUsage="FinCusPayments1"
    AliasName="AMOUNT"/>
  <ViewAttribute
    Name="PaymentDate"
    PrecisionRule="true"
    EntityAttrName="PaymentDate"
    EntityUsage="FinCusPayments1"
    AliasName="PAYMENT_DATE"/>
  <ViewAttribute
    Name="EffectiveDate1"
    PrecisionRule="true"
    EntityAttrName="EffectiveDate"
    EntityUsage="FinCusPayments1"
    AliasName="EFFECTIVE_DATE"/>
  <ViewAttribute
    Name="PaymentStatus"
    PrecisionRule="true"
    EntityAttrName="PaymentStatus"
    EntityUsage="FinCusPayments1"
    AliasName="PAYMENT_STATUS"
    LOVName="LOV_PaymentStatus">
    <Properties>
      <SchemaBasedProperties>
        <CONTROLTYPE
          Value="choice"/>
      </SchemaBasedProperties>
    </Properties>
  </ViewAttribute>
  <ViewAttribute
    Name="NotesRemarks"
    PrecisionRule="true"
    EntityAttrName="NotesRemarks"
    EntityUsage="FinCusPayments1"
    AliasName="NOTES_REMARKS"/>
  <ViewAttribute
    Name="CheckRefnum"
    PrecisionRule="true"
    EntityAttrName="CheckRefnum"
    EntityUsage="FinCusPayments1"
    AliasName="CHECK_REFNUM"/>
  <ViewAttribute
    Name="ReceivFromParty"
    PrecisionRule="true"
    EntityAttrName="ReceivFromParty"
    EntityUsage="FinCusPayments1"
    AliasName="RECEIV_FROM_PARTY">
    <Properties>
      <SchemaBasedProperties>
        <LABEL
          ResId="erp.model.fin.FinCusPayments1View.ReceivFromParty_LABEL"/>
      </SchemaBasedProperties>
    </Properties>
  </ViewAttribute>
  <ViewAttribute
    Name="Outstanding"
    PrecisionRule="true"
    EntityAttrName="Outstanding"
    EntityUsage="FinCusPayments1"
    AliasName="OUTSTANDING">
    <Properties>
      <SchemaBasedProperties>
        <LABEL
          ResId="erp.model.fin.FinCusPayments1View.Outstanding_LABEL"/>
      </SchemaBasedProperties>
    </Properties>
  </ViewAttribute>
  <ViewAttribute
    Name="PaymentType"
    PrecisionRule="true"
    EntityAttrName="PaymentType"
    EntityUsage="FinCusPayments1"
    AliasName="PAYMENT_TYPE"
    LOVName="LOV_PaymentType">
    <Properties>
      <SchemaBasedProperties>
        <CONTROLTYPE
          Value="choice"/>
      </SchemaBasedProperties>
    </Properties>
  </ViewAttribute>
  <ViewAttribute
    Name="AccountCode"
    PrecisionRule="true"
    EntityAttrName="AccountCode"
    EntityUsage="FinCusPayments1"
    AliasName="ACCOUNT_CODE"/>
  <ViewAttribute
    Name="Totaldue"
    PrecisionRule="true"
    EntityAttrName="Totaldue"
    EntityUsage="FinCusPayments1"
    AliasName="TOTALDUE"/>
  <ResourceBundle>
    <PropertiesBundle
      PropertiesFile="erp.model.SUNWAY_ERP_ModelBundle"/>
  </ResourceBundle>
  <SortCriteria>
    <Sort
      Attribute="PaymentDate"/>
  </SortCriteria>
</ViewObject>
