<?xml version="1.0" encoding="windows-1252" ?>
<!DOCTYPE ViewObject SYSTEM "jbo_03_01.dtd">
<!---->
<ViewObject
  xmlns="http://xmlns.oracle.com/bc4j"
  Name="FinChartaccountBalancesView"
  Version="12.2.1.12.24"
  InheritPersonalization="merge"
  SelectListFlags="1"
  FromListFlags="1"
  WhereFlags="1"
  BindingStyle="OracleName"
  CustomQuery="false"
  SelectAllAttributes="false"
  PageIterMode="Full">
  <EntityUsage
    Name="FinChartaccountBalances"
    Entity="erp.model.fin.FinChartaccountBalances"/>
  <ViewAttribute
    Name="AccountCode"
    IsNotNull="true"
    PrecisionRule="true"
    EntityAttrName="AccountCode"
    EntityUsage="FinChartaccountBalances"
    AliasName="ACCOUNT_CODE">
    <Properties>
      <SchemaBasedProperties>
        <LABEL
          ResId="erp.model.fin.FinChartaccountBalancesView.AccountCode_LABEL"/>
      </SchemaBasedProperties>
    </Properties>
  </ViewAttribute>
  <ViewAttribute
    Name="TotalLiablities"
    PrecisionRule="true"
    EntityAttrName="TotalLiablities"
    EntityUsage="FinChartaccountBalances"
    AliasName="TOTAL_LIABLITIES">
    <Properties>
      <SchemaBasedProperties>
        <LABEL
          ResId="erp.model.fin.FinChartaccountBalancesView.TotalLiablities_LABEL"/>
      </SchemaBasedProperties>
    </Properties>
  </ViewAttribute>
  <ViewAttribute
    Name="TotalExpenses"
    PrecisionRule="true"
    EntityAttrName="TotalExpenses"
    EntityUsage="FinChartaccountBalances"
    AliasName="TOTAL_EXPENSES">
    <Properties>
      <SchemaBasedProperties>
        <LABEL
          ResId="erp.model.fin.FinChartaccountBalancesView.TotalExpenses_LABEL"/>
      </SchemaBasedProperties>
    </Properties>
  </ViewAttribute>
  <ViewAttribute
    Name="TotalAssets"
    PrecisionRule="true"
    EntityAttrName="TotalAssets"
    EntityUsage="FinChartaccountBalances"
    AliasName="TOTAL_ASSETS">
    <Properties>
      <SchemaBasedProperties>
        <LABEL
          ResId="erp.model.fin.FinChartaccountBalancesView.TotalAssets_LABEL"/>
      </SchemaBasedProperties>
    </Properties>
  </ViewAttribute>
  <ViewAttribute
    Name="TotalRevenue"
    PrecisionRule="true"
    EntityAttrName="TotalRevenue"
    EntityUsage="FinChartaccountBalances"
    AliasName="TOTAL_REVENUE">
    <Properties>
      <SchemaBasedProperties>
        <LABEL
          ResId="erp.model.fin.FinChartaccountBalancesView.TotalRevenue_LABEL"/>
      </SchemaBasedProperties>
    </Properties>
  </ViewAttribute>
  <ResourceBundle>
    <PropertiesBundle
      PropertiesFile="erp.model.SUNWAY_ERP_ModelBundle"/>
  </ResourceBundle>
</ViewObject>
