<?xml version="1.0" encoding="windows-1252" ?>
<!DOCTYPE ViewObject SYSTEM "jbo_03_01.dtd">
<!---->
<ViewObject
  xmlns="http://xmlns.oracle.com/bc4j"
  Name="FinCusPayments_ReportsView"
  Version="12.2.1.12.24"
  InheritPersonalization="merge"
  BindingStyle="OracleName"
  CustomQuery="true"
  PageIterMode="Full"
  OrderBy='"PAYMENT_CODE"'>
  <DesignTime>
    <Attr Name="_isExpertMode" Value="true"/>
  </DesignTime>
  <SQLQuery><![CDATA[SELECT FinCusPayments.PAYMENT_CODE, 
       FinCusPayments.ORDER_NO, 
       FinCusPayments.PAYMENT_METHOD_TYPE, 
       FinCusPayments.AMOUNT, 
       FinCusPayments.PAYMENT_DATE, 
       FinCusPayments.EFFECTIVE_DATE, 
       FinCusPayments.PAYMENT_STATUS, 
       FinCusPayments.NOTES_REMARKS, 
       FinCusPayments.CHECK_REFNUM, 
       FinCusPayments.RECEIV_FROM_PARTY, 
       FinCusPayments.OUTSTANDING, 
       FinCusPayments.PAYMENT_TYPE, 
       FinCusPayments.ACCOUNT_CODE, 
       FinCusPayments.TOTALDUE 
FROM FIN_CUS_PAYMENTS FinCusPayments]]></SQLQuery>
  <ViewAttribute
    Name="PaymentCode"
    IsUpdateable="false"
    IsPersistent="false"
    IsNotNull="true"
    PrecisionRule="true"
    Type="java.math.BigDecimal"
    ColumnType="NUMBER"
    AliasName="PAYMENT_CODE"
    Expression="PAYMENT_CODE"
    SQLType="NUMERIC"/>
  <ViewAttribute
    Name="OrderNo"
    IsUpdateable="false"
    IsPersistent="false"
    IsNotNull="true"
    PrecisionRule="true"
    Type="java.math.BigDecimal"
    ColumnType="NUMBER"
    AliasName="ORDER_NO"
    Expression="ORDER_NO"
    SQLType="NUMERIC"/>
  <ViewAttribute
    Name="PaymentMethodType"
    IsUpdateable="false"
    IsPersistent="false"
    PrecisionRule="true"
    Precision="20"
    Type="java.lang.String"
    ColumnType="VARCHAR2"
    AliasName="PAYMENT_METHOD_TYPE"
    Expression="PAYMENT_METHOD_TYPE"
    SQLType="VARCHAR">
    <DesignTime>
      <Attr Name="_DisplaySize" Value="20"/>
    </DesignTime>
  </ViewAttribute>
  <ViewAttribute
    Name="Amount"
    IsUpdateable="false"
    IsPersistent="false"
    PrecisionRule="true"
    Type="java.math.BigDecimal"
    ColumnType="NUMBER"
    AliasName="AMOUNT"
    Expression="AMOUNT"
    SQLType="NUMERIC"/>
  <ViewAttribute
    Name="PaymentDate"
    IsUpdateable="false"
    IsPersistent="false"
    PrecisionRule="true"
    Type="java.sql.Timestamp"
    ColumnType="DATE"
    AliasName="PAYMENT_DATE"
    Expression="PAYMENT_DATE"
    SQLType="DATE"/>
  <ViewAttribute
    Name="EffectiveDate"
    IsUpdateable="false"
    IsPersistent="false"
    PrecisionRule="true"
    Type="java.sql.Timestamp"
    ColumnType="DATE"
    AliasName="EFFECTIVE_DATE"
    Expression="EFFECTIVE_DATE"
    SQLType="DATE"/>
  <ViewAttribute
    Name="PaymentStatus"
    IsUpdateable="false"
    IsPersistent="false"
    PrecisionRule="true"
    Precision="20"
    Type="java.lang.String"
    ColumnType="VARCHAR2"
    AliasName="PAYMENT_STATUS"
    Expression="PAYMENT_STATUS"
    SQLType="VARCHAR">
    <DesignTime>
      <Attr Name="_DisplaySize" Value="20"/>
    </DesignTime>
  </ViewAttribute>
  <ViewAttribute
    Name="NotesRemarks"
    IsUpdateable="false"
    IsPersistent="false"
    PrecisionRule="true"
    Precision="1000"
    Type="java.lang.String"
    ColumnType="VARCHAR2"
    AliasName="NOTES_REMARKS"
    Expression="NOTES_REMARKS"
    SQLType="VARCHAR">
    <DesignTime>
      <Attr Name="_DisplaySize" Value="1000"/>
    </DesignTime>
  </ViewAttribute>
  <ViewAttribute
    Name="CheckRefnum"
    IsUpdateable="false"
    IsPersistent="false"
    PrecisionRule="true"
    Precision="20"
    Type="java.lang.String"
    ColumnType="VARCHAR2"
    AliasName="CHECK_REFNUM"
    Expression="CHECK_REFNUM"
    SQLType="VARCHAR">
    <DesignTime>
      <Attr Name="_DisplaySize" Value="20"/>
    </DesignTime>
  </ViewAttribute>
  <ViewAttribute
    Name="ReceivFromParty"
    IsUpdateable="false"
    IsPersistent="false"
    PrecisionRule="true"
    Precision="32"
    Type="java.lang.String"
    ColumnType="VARCHAR2"
    AliasName="RECEIV_FROM_PARTY"
    Expression="RECEIV_FROM_PARTY"
    SQLType="VARCHAR">
    <DesignTime>
      <Attr Name="_DisplaySize" Value="32"/>
    </DesignTime>
  </ViewAttribute>
  <ViewAttribute
    Name="Outstanding"
    IsUpdateable="false"
    IsPersistent="false"
    PrecisionRule="true"
    Type="java.math.BigDecimal"
    ColumnType="NUMBER"
    AliasName="OUTSTANDING"
    Expression="OUTSTANDING"
    SQLType="NUMERIC"/>
  <ViewAttribute
    Name="PaymentType"
    IsUpdateable="false"
    IsPersistent="false"
    PrecisionRule="true"
    Precision="20"
    Type="java.lang.String"
    ColumnType="VARCHAR2"
    AliasName="PAYMENT_TYPE"
    Expression="PAYMENT_TYPE"
    SQLType="VARCHAR">
    <DesignTime>
      <Attr Name="_DisplaySize" Value="20"/>
    </DesignTime>
  </ViewAttribute>
  <ViewAttribute
    Name="AccountCode"
    IsUpdateable="false"
    IsPersistent="false"
    PrecisionRule="true"
    Precision="20"
    Type="java.lang.String"
    ColumnType="VARCHAR2"
    AliasName="ACCOUNT_CODE"
    Expression="ACCOUNT_CODE"
    SQLType="VARCHAR">
    <DesignTime>
      <Attr Name="_DisplaySize" Value="20"/>
    </DesignTime>
  </ViewAttribute>
  <ViewAttribute
    Name="Totaldue"
    IsUpdateable="false"
    IsPersistent="false"
    PrecisionRule="true"
    Type="java.math.BigDecimal"
    ColumnType="NUMBER"
    AliasName="TOTALDUE"
    Expression="TOTALDUE"
    SQLType="NUMERIC"/>
  <AttrArray Name="KeyAttributes">
    <Item Value="PaymentCode"/>
    <Item Value="OrderNo"/>
  </AttrArray>
</ViewObject>
