<?xml version="1.0" encoding="windows-1252" ?>
<!DOCTYPE Entity SYSTEM "jbo_03_01.dtd">
<!---->
<Entity
  xmlns="http://xmlns.oracle.com/bc4j"
  Name="FinChartOfAccounts"
  Version="12.2.1.12.24"
  InheritPersonalization="merge"
  DBObjectType="table"
  DBObjectName="FIN_CHART_OF_ACCOUNTS"
  AliasName="FinChartOfAccounts"
  BindingStyle="OracleName">
  <Attribute
    Name="GlAccountClassTypeKey"
    Precision="20"
    ColumnName="GL_ACCOUNT_CLASS_TYPE_KEY"
    SQLType="VARCHAR"
    Type="java.lang.String"
    ColumnType="VARCHAR2"
    TableName="FIN_CHART_OF_ACCOUNTS">
    <DesignTime>
      <Attr Name="_DisplaySize" Value="20"/>
    </DesignTime>
  </Attribute>
  <Attribute
    Name="ParentGlAccount"
    Precision="20"
    ColumnName="PARENT_GL_ACCOUNT"
    SQLType="VARCHAR"
    Type="java.lang.String"
    ColumnType="VARCHAR2"
    TableName="FIN_CHART_OF_ACCOUNTS">
    <DesignTime>
      <Attr Name="_DisplaySize" Value="20"/>
    </DesignTime>
  </Attribute>
  <Attribute
    Name="AccountCode"
    IsNotNull="true"
    Precision="20"
    ColumnName="ACCOUNT_CODE"
    SQLType="VARCHAR"
    Type="java.lang.String"
    ColumnType="VARCHAR2"
    TableName="FIN_CHART_OF_ACCOUNTS"
    PrimaryKey="true">
    <DesignTime>
      <Attr Name="_DisplaySize" Value="20"/>
    </DesignTime>
  </Attribute>
  <Attribute
    Name="AccountName"
    Precision="20"
    ColumnName="ACCOUNT_NAME"
    SQLType="VARCHAR"
    Type="java.lang.String"
    ColumnType="VARCHAR2"
    TableName="FIN_CHART_OF_ACCOUNTS">
    <DesignTime>
      <Attr Name="_DisplaySize" Value="20"/>
    </DesignTime>
  </Attribute>
  <Attribute
    Name="Description"
    Precision="1000"
    ColumnName="DESCRIPTION"
    SQLType="VARCHAR"
    Type="java.lang.String"
    ColumnType="VARCHAR2"
    TableName="FIN_CHART_OF_ACCOUNTS">
    <DesignTime>
      <Attr Name="_DisplaySize" Value="1000"/>
    </DesignTime>
  </Attribute>
  <Attribute
    Name="Balance"
    ColumnName="BALANCE"
    SQLType="NUMERIC"
    Type="java.math.BigDecimal"
    ColumnType="NUMBER"
    TableName="FIN_CHART_OF_ACCOUNTS"/>
  <Attribute
    Name="AsOfDate"
    ColumnName="AS_OF_DATE"
    SQLType="DATE"
    Type="java.sql.Timestamp"
    ColumnType="DATE"
    TableName="FIN_CHART_OF_ACCOUNTS"/>
  <Attribute
    Name="TotalAssets"
    ColumnName="TOTAL_ASSETS"
    SQLType="NUMERIC"
    Type="java.math.BigDecimal"
    ColumnType="NUMBER"
    TableName="FIN_CHART_OF_ACCOUNTS"/>
  <Attribute
    Name="TotalExpenses"
    ColumnName="TOTAL_EXPENSES"
    SQLType="NUMERIC"
    Type="java.math.BigDecimal"
    ColumnType="NUMBER"
    TableName="FIN_CHART_OF_ACCOUNTS"/>
  <Attribute
    Name="TotalLiabilities"
    ColumnName="TOTAL_LIABILITIES"
    SQLType="NUMERIC"
    Type="java.math.BigDecimal"
    ColumnType="NUMBER"
    TableName="FIN_CHART_OF_ACCOUNTS"/>
  <Attribute
    Name="TotalRevenue"
    ColumnName="TOTAL_REVENUE"
    SQLType="NUMERIC"
    Type="java.math.BigDecimal"
    ColumnType="NUMBER"
    TableName="FIN_CHART_OF_ACCOUNTS"/>
  <Key
    Name="FinChartOfAccountsPk"
    PrimaryKey="true">
    <DesignTime>
      <Attr Name="_DBObjectName" Value="FIN_CHART_OF_ACCOUNTS_PK"/>
    </DesignTime>
    <AttrArray Name="Attributes">
      <Item Value="erp.model.fin.FinChartOfAccounts.AccountCode"/>
    </AttrArray>
  </Key>
</Entity>
