<?xml version="1.0" encoding="windows-1252" ?>
<!DOCTYPE ViewObject SYSTEM "jbo_03_01.dtd">
<!---->
<ViewObject
  xmlns="http://xmlns.oracle.com/bc4j"
  Name="FinChartOfAccountsView"
  Version="12.2.1.12.24"
  InheritPersonalization="merge"
  SelectListFlags="1"
  FromListFlags="1"
  WhereFlags="1"
  BindingStyle="OracleName"
  CustomQuery="false"
  SelectAllAttributes="false"
  PageIterMode="Full">
  <ViewAccessor
    Name="LookupCode1"
    ViewObjectName="erp.model.LookupCode"
    RowLevelBinds="true">
    <ParameterMap>
      <PIMap Variable="BindLookupType">
        <TransientExpression
          trustMode="untrusted"
          Name="ExpressionScript"><![CDATA['ACCOUNT_TYPE']]></TransientExpression>
      </PIMap>
    </ParameterMap>
  </ViewAccessor>
  <ListBinding
    Name="LOV_GlAccountClassTypeKey"
    ListVOName="LookupCode1"
    NullValueFlag="start"
    NullValueId="${adfBundle['oracle.javatools.resourcebundle.SystemBundle']['NULL_VALUE_RESID']}"
    MRUCount="0">
    <AttrArray Name="AttrNames">
      <Item Value="GlAccountClassTypeKey"/>
    </AttrArray>
    <AttrArray Name="AttrExpressions"/>
    <AttrArray Name="ListAttrNames">
      <Item Value="LookupCode"/>
    </AttrArray>
    <AttrArray Name="ListDisplayAttrNames">
      <Item Value="Meaning"/>
    </AttrArray>
    <DisplayCriteria/>
  </ListBinding>
  <EntityUsage
    Name="FinChartOfAccounts"
    Entity="erp.model.fin.FinChartOfAccounts"/>
  <ViewAttribute
    Name="GlAccountClassTypeKey"
    PrecisionRule="true"
    EntityAttrName="GlAccountClassTypeKey"
    EntityUsage="FinChartOfAccounts"
    AliasName="GL_ACCOUNT_CLASS_TYPE_KEY"
    LOVName="LOV_GlAccountClassTypeKey">
    <Properties>
      <SchemaBasedProperties>
        <LABEL
          ResId="erp.model.fin.FinChartOfAccountsView.GlAccountClassTypeKey_LABEL"/>
        <CONTROLTYPE
          Value="choice"/>
      </SchemaBasedProperties>
    </Properties>
  </ViewAttribute>
  <ViewAttribute
    Name="ParentGlAccount"
    PrecisionRule="true"
    EntityAttrName="ParentGlAccount"
    EntityUsage="FinChartOfAccounts"
    AliasName="PARENT_GL_ACCOUNT">
    <Properties>
      <SchemaBasedProperties>
        <LABEL
          ResId="erp.model.fin.FinChartOfAccountsView.ParentGlAccount_LABEL"/>
      </SchemaBasedProperties>
    </Properties>
  </ViewAttribute>
  <ViewAttribute
    Name="AccountCode"
    IsNotNull="true"
    PrecisionRule="true"
    EntityAttrName="AccountCode"
    EntityUsage="FinChartOfAccounts"
    AliasName="ACCOUNT_CODE">
    <Properties>
      <SchemaBasedProperties>
        <LABEL
          ResId="erp.model.fin.FinChartOfAccountsView.AccountCode_LABEL"/>
      </SchemaBasedProperties>
    </Properties>
  </ViewAttribute>
  <ViewAttribute
    Name="AccountName"
    PrecisionRule="true"
    EntityAttrName="AccountName"
    EntityUsage="FinChartOfAccounts"
    AliasName="ACCOUNT_NAME">
    <Properties>
      <SchemaBasedProperties>
        <LABEL
          ResId="erp.model.fin.FinChartOfAccountsView.AccountName_LABEL"/>
      </SchemaBasedProperties>
    </Properties>
  </ViewAttribute>
  <ViewAttribute
    Name="Description"
    PrecisionRule="true"
    EntityAttrName="Description"
    EntityUsage="FinChartOfAccounts"
    AliasName="DESCRIPTION">
    <Properties>
      <SchemaBasedProperties>
        <LABEL
          ResId="erp.model.fin.FinChartOfAccountsView.Description_LABEL"/>
      </SchemaBasedProperties>
    </Properties>
  </ViewAttribute>
  <ViewAttribute
    Name="Balance"
    PrecisionRule="true"
    EntityAttrName="Balance"
    EntityUsage="FinChartOfAccounts"
    AliasName="BALANCE">
    <Properties>
      <SchemaBasedProperties>
        <LABEL
          ResId="erp.model.fin.FinChartOfAccountsView.Balance_LABEL"/>
      </SchemaBasedProperties>
    </Properties>
  </ViewAttribute>
  <ViewAttribute
    Name="AsOfDate"
    PrecisionRule="true"
    EntityAttrName="AsOfDate"
    EntityUsage="FinChartOfAccounts"
    AliasName="AS_OF_DATE">
    <Properties>
      <SchemaBasedProperties>
        <LABEL
          ResId="erp.model.fin.FinChartOfAccountsView.AsOfDate_LABEL"/>
      </SchemaBasedProperties>
    </Properties>
  </ViewAttribute>
  <ViewAttribute
    Name="TotalAssets"
    PrecisionRule="true"
    EntityAttrName="TotalAssets"
    EntityUsage="FinChartOfAccounts"
    AliasName="TOTAL_ASSETS"/>
  <ViewAttribute
    Name="TotalExpenses"
    PrecisionRule="true"
    EntityAttrName="TotalExpenses"
    EntityUsage="FinChartOfAccounts"
    AliasName="TOTAL_EXPENSES"/>
  <ViewAttribute
    Name="TotalLiabilities"
    PrecisionRule="true"
    EntityAttrName="TotalLiabilities"
    EntityUsage="FinChartOfAccounts"
    AliasName="TOTAL_LIABILITIES"/>
  <ViewAttribute
    Name="TotalRevenue"
    PrecisionRule="true"
    EntityAttrName="TotalRevenue"
    EntityUsage="FinChartOfAccounts"
    AliasName="TOTAL_REVENUE"/>
  <ViewCriteria
    Name="FinChartOfAccountsViewCriteria"
    ViewObjectName="erp.model.fin.FinChartOfAccountsView"
    Conjunction="AND">
    <Properties Name="_Props">
      <CustomProperties>
        <Property
          Name="autoExecute"
          Value="false"/>
        <Property
          Name="mode"
          Value="Basic"/>
        <Property
          Name="allowConjunctionOverride"
          Value="false"/>
        <Property
          Name="showInList"
          Value="true"/>
        <Property
          Name="displayOperators"
          Value="InAdvancedMode"/>
      </CustomProperties>
    </Properties>
    <ViewCriteriaRow
      Name="FinChartOfAccountsViewCriteria_row_0"
      UpperColumns="1">
      <ViewCriteriaItem
        Name="GlAccountClassTypeKey"
        ViewAttribute="GlAccountClassTypeKey"
        Operator="="
        Conjunction="AND"
        Required="Optional"/>
      <ViewCriteriaItem
        Name="FinChartOfAccountsViewCriteria_FinChartOfAccountsViewCriteria_row_0_AccountCode"
        ViewAttribute="AccountCode"
        Operator="="
        Conjunction="AND"
        Required="Optional"/>
    </ViewCriteriaRow>
  </ViewCriteria>
  <ViewLinkAccessor
    Name="FinChartaccountBalancesView"
    ViewLink="erp.model.fin.GLAccount_AccountBalanceViewLink"
    Type="oracle.jbo.RowIterator"
    IsUpdateable="false"/>
  <ResourceBundle>
    <PropertiesBundle
      PropertiesFile="erp.model.SUNWAY_ERP_ModelBundle"/>
  </ResourceBundle>
  <SortCriteria>
    <Sort
      Attribute="AccountCode"/>
  </SortCriteria>
</ViewObject>
