<?xml version="1.0" encoding="windows-1252" ?>
<!DOCTYPE Entity SYSTEM "jbo_03_01.dtd">
<!---->
<Entity
  xmlns="http://xmlns.oracle.com/bc4j"
  Name="FinChartaccountBalances"
  Version="12.2.1.12.24"
  InheritPersonalization="merge"
  DBObjectType="table"
  DBObjectName="FIN_CHARTACCOUNT_BALANCES"
  AliasName="FinChartaccountBalances"
  BindingStyle="OracleName">
  <Attribute
    Name="AccountCode"
    IsNotNull="true"
    Precision="20"
    ColumnName="ACCOUNT_CODE"
    SQLType="VARCHAR"
    Type="java.lang.String"
    ColumnType="VARCHAR2"
    TableName="FIN_CHARTACCOUNT_BALANCES"
    PrimaryKey="true">
    <DesignTime>
      <Attr Name="_DisplaySize" Value="20"/>
    </DesignTime>
  </Attribute>
  <Attribute
    Name="TotalLiablities"
    ColumnName="TOTAL_LIABLITIES"
    SQLType="NUMERIC"
    Type="java.math.BigDecimal"
    ColumnType="NUMBER"
    TableName="FIN_CHARTACCOUNT_BALANCES"/>
  <Attribute
    Name="TotalExpenses"
    ColumnName="TOTAL_EXPENSES"
    SQLType="NUMERIC"
    Type="java.math.BigDecimal"
    ColumnType="NUMBER"
    TableName="FIN_CHARTACCOUNT_BALANCES"/>
  <Attribute
    Name="TotalAssets"
    ColumnName="TOTAL_ASSETS"
    SQLType="NUMERIC"
    Type="java.math.BigDecimal"
    ColumnType="NUMBER"
    TableName="FIN_CHARTACCOUNT_BALANCES"/>
  <Attribute
    Name="TotalRevenue"
    ColumnName="TOTAL_REVENUE"
    SQLType="NUMERIC"
    Type="java.math.BigDecimal"
    ColumnType="NUMBER"
    TableName="FIN_CHARTACCOUNT_BALANCES"/>
  <Key
    Name="FinChartaccountBalancesPk"
    PrimaryKey="true">
    <DesignTime>
      <Attr Name="_DBObjectName" Value="FIN_CHARTACCOUNT_BALANCES_PK"/>
    </DesignTime>
    <AttrArray Name="Attributes">
      <Item Value="erp.model.fin.FinChartaccountBalances.AccountCode"/>
    </AttrArray>
  </Key>
  <Key
    Name="FinChartaccountBalancesFk1">
    <DesignTime>
      <Attr Name="_isCascadeDelete" Value="true"/>
      <Attr Name="_referencedKey" Value="FIN_CHART_OF_ACCOUNTS_PK"/>
      <Attr Name="_isForeign" Value="true"/>
      <Attr Name="_DBObjectName" Value="FIN_CHARTACCOUNT_BALANCES_FK1"/>
    </DesignTime>
    <AttrArray Name="Attributes">
      <Item Value="erp.model.fin.FinChartaccountBalances.AccountCode"/>
    </AttrArray>
  </Key>
</Entity>
