<?xml version="1.0" encoding="windows-1252" ?>
<!DOCTYPE ViewObject SYSTEM "jbo_03_01.dtd">
<!---->
<ViewObject
  xmlns="http://xmlns.oracle.com/bc4j"
  Name="FinCompanyPayrollView"
  Version="12.2.1.12.24"
  InheritPersonalization="merge"
  BindingStyle="OracleName"
  CustomQuery="true"
  PageIterMode="Full">
  <DesignTime>
    <Attr Name="_isExpertMode" Value="true"/>
  </DesignTime>
  <ViewAccessor
    Name="fin_AppModule_FinPayrollSetupView1_1"
    ViewObjectName="erp.model.fin.FinPayrollSetupView"
    AMUsageName="fin_AppModule"
    ViewInstanceName="FinPayrollSetupView1"
    RowLevelBinds="true"/>
  <ListBinding
    Name="LOV_PayrollCode"
    ListVOName="fin_AppModule_FinPayrollSetupView1_1"
    NullValueFlag="none"
    MRUCount="0">
    <AttrArray Name="AttrNames">
      <Item Value="PayrollCode"/>
    </AttrArray>
    <AttrArray Name="AttrExpressions"/>
    <AttrArray Name="ListAttrNames">
      <Item Value="PayrollCode"/>
    </AttrArray>
    <AttrArray Name="ListDisplayAttrNames">
      <Item Value="PayrollCode"/>
    </AttrArray>
    <DisplayCriteria/>
  </ListBinding>
  <SQLQuery><![CDATA[SELECT HrCompanyPayroll.PAYROLL_CODE,                                                                            
       HrCompanyPayroll.PAY_START,                                                                            
       HrCompanyPayroll.PAY_END,                                                                            
       HrCompanyPayroll.WORK_PERIOD,                                                                            
       HrCompanyPayroll.NETPAY,                                                                            
       HrCompanyPayroll.EMPLOYEE_NO,                                                                            
       HrCompanyPayroll.PAYDAY,                                                                            
       HrCompanyPayroll.BANKNAME,                                                                            
       HrCompanyPayroll.DEBIT_ACCOUNT_NO,                                                                            
       HrCompanyPayroll.FIRSTNAME,                                                                            
       HrCompanyPayroll.LASTNAME,                                                                            
       HrCompanyPayroll.NOTES_REMARKS,                                                                            
       HrCompanyPayroll.CREDIT_ACCOUNT,                                                                            
       HrCompanyPayroll.TOTAL_SALARY,                                                                            
       HrCompanyPayroll.CR_NO  ,                                                                      
    HrEmplInfo.FIRST_NAME,                                                                     
    HrEmplInfo.LAST_NAME,                                                            
    HrEmplBankInfo.ACCOUNT_NO ,                                              
    HrEmplBankInfo.BANK_NAME ,FinSetUp.ID,HrEmplComp.GROSSPAY,HrEmplPayroll.NET_PY ,                         
   (SELECT     SUM(HrEmplCom.GROSSPAY) AS TOTAL_GROSS_PAY                 
   FROM                            
HR_EMPL_COMPENSATION HrEmplCom         
JOIN  HR_EMPL_INFO HrEmplInfo   ON    HrEmplCom.EMPLOYEE_NO = HrEmplInfo.EMPLOYEE_NO                               
JOIN HR_COMPANY_PAYROLL HrCompanyPayrol  ON  HrCompanyPayrol.EMPLOYEE_NO = HrEmplInfo.EMPLOYEE_NO            
JOIN FIN_PAYROLL_SETUP FinSetUp ON FinSetUp.PAYROLL_CODE=HrCompanyPayrol.PAYROLL_CODE          
) AS TOTAL_SALARY                         
                                                                 
FROM  HR_COMPANY_PAYROLL HrCompanyPayroll                                                                  
JOIN  HR_EMPL_INFO HrEmplInfo   ON    HrCompanyPayroll.EMPLOYEE_NO = HrEmplInfo.EMPLOYEE_NO                                                              
JOIN HR_EMPL_BANK_INFO HrEmplBankInfo ON  HrEmplBankInfo.EMPLOYEE_NO=  HrEmplInfo.EMPLOYEE_NO                                             
JOIN FIN_PAYROLL_SETUP FinSetUp ON FinSetUp.PAYROLL_CODE=HrCompanyPayroll.PAYROLL_CODE                                           
JOIN HR_EMPL_COMPENSATION HrEmplComp ON HrEmplComp.EMPLOYEE_NO= HrEmplInfo.EMPLOYEE_NO      
JOIN HR_EMPL_PAYROLL HrEmplPayroll ON HrEmplPayroll.EMPOYEE_NO= HrEmplInfo.EMPLOYEE_NO]]></SQLQuery>
  <EntityUsage
    Name="FinCompanyPayroll"
    Entity="erp.model.fin.FinCompanyPayroll"/>
  <ViewAttribute
    Name="PayrollCode"
    IsNotNull="true"
    PrecisionRule="true"
    EntityAttrName="PayrollCode"
    EntityUsage="FinCompanyPayroll"
    AliasName="PAYROLL_CODE"
    LOVName="LOV_PayrollCode">
    <Properties>
      <SchemaBasedProperties>
        <CONTROLTYPE
          Value="choice"/>
        <LABEL
          ResId="erp.model.fin.FinCompanyPayrollView.PayrollCode_LABEL"/>
      </SchemaBasedProperties>
    </Properties>
  </ViewAttribute>
  <ViewAttribute
    Name="PayStart"
    IsUpdateable="false"
    IsPersistent="false"
    PrecisionRule="true"
    Type="java.sql.Timestamp"
    ColumnType="DATE"
    AliasName="PAY_START"
    Expression="PAY_START"
    SQLType="DATE"/>
  <ViewAttribute
    Name="PayEnd"
    IsUpdateable="false"
    IsPersistent="false"
    PrecisionRule="true"
    Type="java.sql.Timestamp"
    ColumnType="DATE"
    AliasName="PAY_END"
    Expression="PAY_END"
    SQLType="DATE"/>
  <ViewAttribute
    Name="WorkPeriod"
    IsUpdateable="false"
    IsPersistent="false"
    PrecisionRule="true"
    Type="java.math.BigDecimal"
    ColumnType="NUMBER"
    AliasName="WORK_PERIOD"
    Expression="WORK_PERIOD"
    SQLType="NUMERIC"/>
  <ViewAttribute
    Name="Netpay"
    IsUpdateable="false"
    IsPersistent="false"
    PrecisionRule="true"
    Type="java.math.BigDecimal"
    ColumnType="NUMBER"
    AliasName="NETPAY"
    Expression="NETPAY"
    SQLType="NUMERIC"/>
  <ViewAttribute
    Name="EmployeeNo"
    IsNotNull="true"
    PrecisionRule="true"
    EntityAttrName="EmployeeNo"
    EntityUsage="FinCompanyPayroll"
    AliasName="EMPLOYEE_NO">
    <Properties>
      <SchemaBasedProperties>
        <LABEL
          ResId="erp.model.fin.FinCompanyPayrollView.EmployeeNo_LABEL"/>
      </SchemaBasedProperties>
    </Properties>
  </ViewAttribute>
  <ViewAttribute
    Name="Payday"
    IsUpdateable="false"
    IsPersistent="false"
    PrecisionRule="true"
    Type="java.sql.Timestamp"
    ColumnType="DATE"
    AliasName="PAYDAY"
    Expression="PAYDAY"
    SQLType="DATE"/>
  <ViewAttribute
    Name="Bankname"
    IsUpdateable="false"
    IsPersistent="false"
    PrecisionRule="true"
    Precision="20"
    Type="java.lang.String"
    ColumnType="VARCHAR2"
    AliasName="BANKNAME"
    Expression="BANKNAME"
    SQLType="VARCHAR">
    <DesignTime>
      <Attr Name="_DisplaySize" Value="20"/>
    </DesignTime>
  </ViewAttribute>
  <ViewAttribute
    Name="DebitAccountNo"
    IsUpdateable="false"
    IsPersistent="false"
    PrecisionRule="true"
    Precision="20"
    Type="java.lang.String"
    ColumnType="VARCHAR2"
    AliasName="DEBIT_ACCOUNT_NO"
    Expression="DEBIT_ACCOUNT_NO"
    SQLType="VARCHAR">
    <DesignTime>
      <Attr Name="_DisplaySize" Value="20"/>
    </DesignTime>
  </ViewAttribute>
  <ViewAttribute
    Name="Firstname"
    IsUpdateable="false"
    IsPersistent="false"
    PrecisionRule="true"
    Precision="20"
    Type="java.lang.String"
    ColumnType="VARCHAR2"
    AliasName="FIRSTNAME"
    Expression="FIRSTNAME"
    SQLType="VARCHAR">
    <DesignTime>
      <Attr Name="_DisplaySize" Value="20"/>
    </DesignTime>
  </ViewAttribute>
  <ViewAttribute
    Name="Lastname"
    IsUpdateable="false"
    IsPersistent="false"
    PrecisionRule="true"
    Precision="20"
    Type="java.lang.String"
    ColumnType="VARCHAR2"
    AliasName="LASTNAME"
    Expression="LASTNAME"
    SQLType="VARCHAR">
    <DesignTime>
      <Attr Name="_DisplaySize" Value="20"/>
    </DesignTime>
  </ViewAttribute>
  <ViewAttribute
    Name="NotesRemarks"
    IsUpdateable="false"
    IsPersistent="false"
    PrecisionRule="true"
    Precision="1000"
    Type="java.lang.String"
    ColumnType="VARCHAR2"
    AliasName="NOTES_REMARKS"
    Expression="NOTES_REMARKS"
    SQLType="VARCHAR">
    <DesignTime>
      <Attr Name="_DisplaySize" Value="1000"/>
    </DesignTime>
  </ViewAttribute>
  <ViewAttribute
    Name="CreditAccount"
    IsUpdateable="false"
    IsPersistent="false"
    PrecisionRule="true"
    Precision="20"
    Type="java.lang.String"
    ColumnType="VARCHAR2"
    AliasName="CREDIT_ACCOUNT"
    Expression="CREDIT_ACCOUNT"
    SQLType="VARCHAR">
    <DesignTime>
      <Attr Name="_DisplaySize" Value="20"/>
    </DesignTime>
  </ViewAttribute>
  <ViewAttribute
    Name="TotalSalary"
    IsUpdateable="false"
    IsPersistent="false"
    PrecisionRule="true"
    Precision="20"
    Type="java.lang.String"
    ColumnType="VARCHAR2"
    AliasName="TOTAL_SALARY"
    Expression="TOTAL_SALARY"
    SQLType="VARCHAR">
    <DesignTime>
      <Attr Name="_DisplaySize" Value="20"/>
    </DesignTime>
  </ViewAttribute>
  <ViewAttribute
    Name="CrNo"
    IsUpdateable="false"
    IsPersistent="false"
    PrecisionRule="true"
    Type="java.math.BigDecimal"
    ColumnType="NUMBER"
    AliasName="CR_NO"
    Expression="CR_NO"
    SQLType="NUMERIC"/>
  <ViewAttribute
    Name="FirstName2_1"
    PrecisionRule="true"
    EntityAttrName="FirstName"
    EntityUsage="FinCompanyPayroll"
    AliasName="FIRST_NAME">
    <Properties>
      <SchemaBasedProperties>
        <LABEL
          ResId="erp.model.fin.FinCompanyPayrollView.FirstName_LABEL"/>
      </SchemaBasedProperties>
    </Properties>
  </ViewAttribute>
  <ViewAttribute
    Name="LastName2_1"
    PrecisionRule="true"
    EntityAttrName="LastName"
    EntityUsage="FinCompanyPayroll"
    AliasName="LAST_NAME">
    <Properties>
      <SchemaBasedProperties>
        <LABEL
          ResId="erp.model.fin.FinCompanyPayrollView.LastName_LABEL"/>
      </SchemaBasedProperties>
    </Properties>
  </ViewAttribute>
  <ViewAttribute
    Name="AccountNo"
    IsUpdateable="false"
    IsPersistent="false"
    PrecisionRule="true"
    Precision="100"
    Type="java.lang.String"
    ColumnType="VARCHAR2"
    AliasName="ACCOUNT_NO"
    Expression="ACCOUNT_NO"
    SQLType="VARCHAR">
    <DesignTime>
      <Attr Name="_DisplaySize" Value="100"/>
    </DesignTime>
  </ViewAttribute>
  <ViewAttribute
    Name="BankName2_1"
    PrecisionRule="true"
    EntityAttrName="BankName"
    EntityUsage="FinCompanyPayroll"
    AliasName="BANK_NAME">
    <Properties>
      <SchemaBasedProperties>
        <LABEL
          ResId="erp.model.fin.FinCompanyPayrollView.BankName_LABEL"/>
      </SchemaBasedProperties>
    </Properties>
  </ViewAttribute>
  <ViewAttribute
    Name="Id"
    IsUpdateable="false"
    IsPersistent="false"
    PrecisionRule="true"
    Type="java.math.BigDecimal"
    ColumnType="NUMBER"
    AliasName="ID"
    Expression="ID"
    SQLType="NUMERIC"/>
  <ViewAttribute
    Name="Grosspay"
    IsUpdateable="false"
    IsPersistent="false"
    PrecisionRule="true"
    Type="java.math.BigDecimal"
    ColumnType="NUMBER"
    AliasName="GROSSPAY"
    Expression="GROSSPAY"
    SQLType="NUMERIC"/>
  <ViewAttribute
    Name="NetPy"
    IsUpdateable="false"
    IsPersistent="false"
    PrecisionRule="true"
    Type="java.math.BigDecimal"
    ColumnType="NUMBER"
    AliasName="NET_PY"
    Expression="NET_PY"
    SQLType="NUMERIC"/>
  <ViewAttribute
    Name="TotalSalary1"
    IsUpdateable="false"
    IsPersistent="false"
    PrecisionRule="true"
    Type="java.math.BigDecimal"
    ColumnType="NUMBER"
    AliasName="TOTAL_SALARY"
    Expression="TOTAL_SALARY"
    SQLType="NUMERIC"/>
  <ViewCriteria
    Name="FinCompanyPayrollViewCriteria"
    ViewObjectName="erp.model.fin.FinCompanyPayrollView"
    Conjunction="AND">
    <Properties Name="_Props">
      <CustomProperties>
        <Property
          Name="autoExecute"
          Value="false"/>
        <Property
          Name="mode"
          Value="Basic"/>
        <Property
          Name="allowConjunctionOverride"
          Value="true"/>
        <Property
          Name="showInList"
          Value="true"/>
        <Property
          Name="displayOperators"
          Value="InAdvancedMode"/>
      </CustomProperties>
    </Properties>
    <ViewCriteriaRow
      Name="FinCompanyPayrollViewCriteria_row_0"
      UpperColumns="1">
      <ViewCriteriaItem
        Name="PayrollCode"
        ViewAttribute="PayrollCode"
        Operator="="
        Conjunction="AND"
        Required="Optional"/>
    </ViewCriteriaRow>
  </ViewCriteria>
  <ResourceBundle>
    <PropertiesBundle
      PropertiesFile="erp.model.SUNWAY_ERP_ModelBundle"/>
  </ResourceBundle>
</ViewObject>
