<?xml version="1.0" encoding="windows-1252" ?>
<!DOCTYPE ViewObject SYSTEM "jbo_03_01.dtd">
<!---->
<ViewObject
  xmlns="http://xmlns.oracle.com/bc4j"
  Name="FinChartOfAccounts1View"
  Version="12.2.1.12.24"
  InheritPersonalization="merge"
  SelectListFlags="1"
  FromListFlags="1"
  WhereFlags="1"
  BindingStyle="OracleName"
  CustomQuery="false"
  SelectAllAttributes="false"
  PageIterMode="Full"
  FetchMode="FETCH_AS_NEEDED"
  MaxFetchSize="0">
  <ViewAccessor
    Name="LookupCode1"
    ViewObjectName="erp.model.LookupCode"
    RowLevelBinds="true">
    <ParameterMap>
      <PIMap Variable="BindLookupType">
        <TransientExpression
          trustMode="untrusted"
          Name="ExpressionScript"><![CDATA['ACCOUNT_TYPE']]></TransientExpression>
      </PIMap>
    </ParameterMap>
  </ViewAccessor>
  <ListBinding
    Name="LOV_GlAccountClassTypeKey"
    ListVOName="LookupCode1"
    NullValueFlag="start"
    NullValueId="${adfBundle['oracle.javatools.resourcebundle.SystemBundle']['NULL_VALUE_RESID']}"
    MRUCount="0">
    <AttrArray Name="AttrNames">
      <Item Value="GlAccountClassTypeKey"/>
    </AttrArray>
    <AttrArray Name="AttrExpressions"/>
    <AttrArray Name="ListAttrNames">
      <Item Value="LookupCode"/>
    </AttrArray>
    <AttrArray Name="ListDisplayAttrNames">
      <Item Value="Meaning"/>
    </AttrArray>
    <DisplayCriteria/>
  </ListBinding>
  <EntityUsage
    Name="FinChartOfAccounts1"
    Entity="erp.model.fin.FinChartOfAccounts1"/>
  <ViewAttribute
    Name="GlAccountClassTypeKey"
    PrecisionRule="true"
    EntityAttrName="GlAccountClassTypeKey"
    EntityUsage="FinChartOfAccounts1"
    AliasName="GL_ACCOUNT_CLASS_TYPE_KEY"
    LOVName="LOV_GlAccountClassTypeKey">
    <Properties>
      <SchemaBasedProperties>
        <LABEL
          ResId="erp.model.fin.FinChartOfAccounts1View.GlAccountClassTypeKey_LABEL"/>
        <CONTROLTYPE
          Value="choice"/>
      </SchemaBasedProperties>
    </Properties>
  </ViewAttribute>
  <ViewAttribute
    Name="ParentGlAccount"
    PrecisionRule="true"
    EntityAttrName="ParentGlAccount"
    EntityUsage="FinChartOfAccounts1"
    AliasName="PARENT_GL_ACCOUNT">
    <Properties>
      <SchemaBasedProperties>
        <LABEL
          ResId="erp.model.fin.FinChartOfAccounts1View.ParentGlAccount_LABEL"/>
      </SchemaBasedProperties>
    </Properties>
  </ViewAttribute>
  <ViewAttribute
    Name="AccountCode"
    IsNotNull="true"
    PrecisionRule="true"
    EntityAttrName="AccountCode"
    EntityUsage="FinChartOfAccounts1"
    AliasName="ACCOUNT_CODE">
    <Properties>
      <SchemaBasedProperties>
        <LABEL
          ResId="erp.model.fin.FinChartOfAccounts1View.AccountCode_LABEL"/>
      </SchemaBasedProperties>
    </Properties>
  </ViewAttribute>
  <ViewAttribute
    Name="AccountName"
    PrecisionRule="true"
    EntityAttrName="AccountName"
    EntityUsage="FinChartOfAccounts1"
    AliasName="ACCOUNT_NAME">
    <Properties>
      <SchemaBasedProperties>
        <LABEL
          ResId="erp.model.fin.FinChartOfAccounts1View.AccountName_LABEL"/>
      </SchemaBasedProperties>
    </Properties>
  </ViewAttribute>
  <ViewAttribute
    Name="Description"
    PrecisionRule="true"
    EntityAttrName="Description"
    EntityUsage="FinChartOfAccounts1"
    AliasName="DESCRIPTION">
    <Properties>
      <SchemaBasedProperties>
        <LABEL
          ResId="erp.model.fin.FinChartOfAccounts1View.Description_LABEL"/>
      </SchemaBasedProperties>
    </Properties>
  </ViewAttribute>
  <ViewAttribute
    Name="Balance"
    PrecisionRule="true"
    EntityAttrName="Balance"
    EntityUsage="FinChartOfAccounts1"
    AliasName="BALANCE">
    <Properties>
      <SchemaBasedProperties>
        <LABEL
          ResId="erp.model.fin.FinChartOfAccounts1View.Balance_LABEL"/>
      </SchemaBasedProperties>
    </Properties>
  </ViewAttribute>
  <ViewAttribute
    Name="AsOfDate"
    PrecisionRule="true"
    EntityAttrName="AsOfDate"
    EntityUsage="FinChartOfAccounts1"
    AliasName="AS_OF_DATE">
    <Properties>
      <SchemaBasedProperties>
        <LABEL
          ResId="erp.model.fin.FinChartOfAccounts1View.AsOfDate_LABEL"/>
      </SchemaBasedProperties>
    </Properties>
  </ViewAttribute>
  <ResourceBundle>
    <PropertiesBundle
      PropertiesFile="erp.model.SUNWAY_ERP_ModelBundle"/>
  </ResourceBundle>
  <SortCriteria>
    <Sort
      Attribute="AccountCode"/>
  </SortCriteria>
</ViewObject>
