<?xml version="1.0" encoding="windows-1252" ?>
<!DOCTYPE Entity SYSTEM "jbo_03_01.dtd">
<!---->
<Entity
  xmlns="http://xmlns.oracle.com/bc4j"
  Name="FinFinanceCharges"
  Version="12.2.1.12.24"
  InheritPersonalization="merge"
  DBObjectType="table"
  DBObjectName="FIN_FINANCE_CHARGES"
  AliasName="FinFinanceCharges"
  BindingStyle="OracleName">
  <Attribute
    Name="InvoiceId"
    IsNotNull="true"
    Precision="20"
    ColumnName="INVOICE_ID"
    SQLType="VARCHAR"
    Type="java.lang.String"
    ColumnType="VARCHAR2"
    TableName="FIN_FINANCE_CHARGES"
    PrimaryKey="true">
    <DesignTime>
      <Attr Name="_DisplaySize" Value="20"/>
    </DesignTime>
  </Attribute>
  <Attribute
    Name="Orders"
    ColumnName="ORDERS"
    SQLType="NUMERIC"
    Type="java.math.BigDecimal"
    ColumnType="NUMBER"
    TableName="FIN_FINANCE_CHARGES"/>
  <Attribute
    Name="ToParty"
    Precision="20"
    ColumnName="TO_PARTY"
    SQLType="VARCHAR"
    Type="java.lang.String"
    ColumnType="VARCHAR2"
    TableName="FIN_FINANCE_CHARGES">
    <DesignTime>
      <Attr Name="_DisplaySize" Value="20"/>
    </DesignTime>
  </Attribute>
  <Attribute
    Name="Status"
    Precision="20"
    ColumnName="STATUS"
    SQLType="VARCHAR"
    Type="java.lang.String"
    ColumnType="VARCHAR2"
    TableName="FIN_FINANCE_CHARGES">
    <DesignTime>
      <Attr Name="_DisplaySize" Value="20"/>
    </DesignTime>
  </Attribute>
  <Attribute
    Name="InvoiceDate"
    ColumnName="INVOICE_DATE"
    SQLType="DATE"
    Type="java.sql.Timestamp"
    ColumnType="DATE"
    TableName="FIN_FINANCE_CHARGES"/>
  <Attribute
    Name="DueDate"
    ColumnName="DUE_DATE"
    SQLType="DATE"
    Type="java.sql.Timestamp"
    ColumnType="DATE"
    TableName="FIN_FINANCE_CHARGES"/>
  <Attribute
    Name="PaidDateFrom"
    ColumnName="PAID_DATE_FROM"
    SQLType="DATE"
    Type="java.sql.Timestamp"
    ColumnType="DATE"
    TableName="FIN_FINANCE_CHARGES"/>
  <Attribute
    Name="PaidDateTo"
    ColumnName="PAID_DATE_TO"
    SQLType="DATE"
    Type="java.sql.Timestamp"
    ColumnType="DATE"
    TableName="FIN_FINANCE_CHARGES"/>
  <Attribute
    Name="Amount"
    ColumnName="AMOUNT"
    SQLType="NUMERIC"
    Type="java.math.BigDecimal"
    ColumnType="NUMBER"
    TableName="FIN_FINANCE_CHARGES"/>
  <Attribute
    Name="OpenAmount"
    ColumnName="OPEN_AMOUNT"
    SQLType="NUMERIC"
    Type="java.math.BigDecimal"
    ColumnType="NUMBER"
    TableName="FIN_FINANCE_CHARGES"/>
  <Attribute
    Name="Outstanding"
    ColumnName="OUTSTANDING"
    SQLType="NUMERIC"
    Type="java.math.BigDecimal"
    ColumnType="NUMBER"
    TableName="FIN_FINANCE_CHARGES"/>
  <Attribute
    Name="RefNo"
    ColumnName="REF_NO"
    SQLType="NUMERIC"
    Type="java.math.BigDecimal"
    ColumnType="NUMBER"
    TableName="FIN_FINANCE_CHARGES"/>
  <Attribute
    Name="ItemDescription"
    Precision="100"
    ColumnName="ITEM_DESCRIPTION"
    SQLType="VARCHAR"
    Type="java.lang.String"
    ColumnType="VARCHAR2"
    TableName="FIN_FINANCE_CHARGES">
    <DesignTime>
      <Attr Name="_DisplaySize" Value="100"/>
    </DesignTime>
  </Attribute>
  <Attribute
    Name="NoteRemarks"
    Precision="1000"
    ColumnName="NOTE_REMARKS"
    SQLType="VARCHAR"
    Type="java.lang.String"
    ColumnType="VARCHAR2"
    TableName="FIN_FINANCE_CHARGES">
    <DesignTime>
      <Attr Name="_DisplaySize" Value="1000"/>
    </DesignTime>
  </Attribute>
  <Attribute
    Name="GracePeriod"
    ColumnName="GRACE_PERIOD"
    SQLType="NUMERIC"
    Type="java.math.BigDecimal"
    ColumnType="NUMBER"
    TableName="FIN_FINANCE_CHARGES"/>
  <Attribute
    Name="InterestRate"
    ColumnName="INTEREST_RATE"
    SQLType="NUMERIC"
    Type="java.math.BigDecimal"
    ColumnType="NUMBER"
    TableName="FIN_FINANCE_CHARGES"/>
  <Attribute
    Name="PartyClassification"
    Precision="20"
    ColumnName="PARTY_CLASSIFICATION"
    SQLType="VARCHAR"
    Type="java.lang.String"
    ColumnType="VARCHAR2"
    TableName="FIN_FINANCE_CHARGES">
    <DesignTime>
      <Attr Name="_DisplaySize" Value="20"/>
    </DesignTime>
  </Attribute>
  <Attribute
    Name="DaysOutstanding"
    ColumnName="DAYS_OUTSTANDING"
    SQLType="NUMERIC"
    Type="java.math.BigDecimal"
    ColumnType="NUMBER"
    TableName="FIN_FINANCE_CHARGES"/>
  <Key
    Name="FinFinanceChargesPk"
    PrimaryKey="true">
    <DesignTime>
      <Attr Name="_DBObjectName" Value="FIN_FINANCE_CHARGES_PK"/>
    </DesignTime>
    <AttrArray Name="Attributes">
      <Item Value="erp.model.fin.FinFinanceCharges.InvoiceId"/>
    </AttrArray>
  </Key>
</Entity>
