<?xml version="1.0" encoding="windows-1252" ?>
<!DOCTYPE ViewLink SYSTEM "jbo_03_01.dtd">
<!---->
<ViewLink
  xmlns="http://xmlns.oracle.com/bc4j"
  Name="finOrder_finVenPayment1ViewLink"
  Version="12.2.1.12.24"
  InheritPersonalization="merge">
  <Properties>
    <SchemaBasedProperties>
      <LABEL
        ResId="erp.model.fin.finOrder_finVenPayment1ViewLink_LABEL"/>
    </SchemaBasedProperties>
  </Properties>
  <ViewLinkDefEnd
    Name="InvOrdersView"
    Cardinality="1"
    Source="true"
    Owner="erp.model.fin.InvOrdersView">
    <DesignTime>
      <Attr Name="_isUpdateable" Value="true"/>
      <Attr Name="_finderName" Value="InvOrdersView"/>
    </DesignTime>
    <AttrArray Name="Attributes">
      <Item Value="erp.model.fin.InvOrdersView.OrderId"/>
    </AttrArray>
  </ViewLinkDefEnd>
  <ViewLinkDefEnd
    Name="FinVenPayments1View"
    Cardinality="-1"
    Owner="erp.model.fin.FinVenPayments1View">
    <DesignTime>
      <Attr Name="_isUpdateable" Value="true"/>
      <Attr Name="_finderName" Value="FinVenPayments1View"/>
    </DesignTime>
    <AttrArray Name="Attributes">
      <Item Value="erp.model.fin.FinVenPayments1View.OrderNo"/>
    </AttrArray>
  </ViewLinkDefEnd>
  <ResourceBundle>
    <PropertiesBundle
      PropertiesFile="erp.model.SUNWAY_ERP_ModelBundle"/>
  </ResourceBundle>
</ViewLink>
