<?xml version="1.0" encoding="windows-1252" ?>
<!DOCTYPE ViewObject SYSTEM "jbo_03_01.dtd">
<!---->
<ViewObject
  xmlns="http://xmlns.oracle.com/bc4j"
  Name="FinPayrollView"
  Version="12.2.1.12.24"
  InheritPersonalization="merge"
  SelectListFlags="1"
  FromListFlags="1"
  WhereFlags="1"
  BindingStyle="OracleName"
  CustomQuery="false"
  SelectAllAttributes="false"
  PageIterMode="Full">
  <EntityUsage
    Name="FinPayroll"
    Entity="erp.model.fin.FinPayroll"/>
  <ViewAttribute
    Name="PaymentId"
    IsNotNull="true"
    PrecisionRule="true"
    EntityAttrName="PaymentId"
    EntityUsage="FinPayroll"
    AliasName="PAYMENT_ID">
    <Properties>
      <SchemaBasedProperties>
        <LABEL
          ResId="erp.model.fin.FinPayrollView.PaymentId_LABEL"/>
      </SchemaBasedProperties>
    </Properties>
  </ViewAttribute>
  <ViewAttribute
    Name="PaycheckType"
    PrecisionRule="true"
    EntityAttrName="PaycheckType"
    EntityUsage="FinPayroll"
    AliasName="PAYCHECK_TYPE">
    <Properties>
      <SchemaBasedProperties>
        <LABEL
          ResId="erp.model.fin.FinPayrollView.PaycheckType_LABEL"/>
      </SchemaBasedProperties>
    </Properties>
  </ViewAttribute>
  <ViewAttribute
    Name="PayTo"
    PrecisionRule="true"
    EntityAttrName="PayTo"
    EntityUsage="FinPayroll"
    AliasName="PAY_TO">
    <Properties>
      <SchemaBasedProperties>
        <LABEL
          ResId="erp.model.fin.FinPayrollView.PayTo_LABEL"/>
      </SchemaBasedProperties>
    </Properties>
  </ViewAttribute>
  <ViewAttribute
    Name="Status"
    PrecisionRule="true"
    EntityAttrName="Status"
    EntityUsage="FinPayroll"
    AliasName="STATUS">
    <Properties>
      <SchemaBasedProperties>
        <LABEL
          ResId="erp.model.fin.FinPayrollView.Status_LABEL"/>
      </SchemaBasedProperties>
    </Properties>
  </ViewAttribute>
  <ViewAttribute
    Name="EffectiveDate1"
    PrecisionRule="true"
    EntityAttrName="EffectiveDate"
    EntityUsage="FinPayroll"
    AliasName="EFFECTIVE_DATE">
    <Properties>
      <SchemaBasedProperties>
        <LABEL
          ResId="erp.model.fin.FinPayrollView.EffectiveDate1_LABEL"/>
      </SchemaBasedProperties>
    </Properties>
  </ViewAttribute>
  <ViewAttribute
    Name="PaymentMethod"
    PrecisionRule="true"
    EntityAttrName="PaymentMethod"
    EntityUsage="FinPayroll"
    AliasName="PAYMENT_METHOD">
    <Properties>
      <SchemaBasedProperties>
        <LABEL
          ResId="erp.model.fin.FinPayrollView.PaymentMethod_LABEL"/>
      </SchemaBasedProperties>
    </Properties>
  </ViewAttribute>
  <ViewAttribute
    Name="CheckRefnum"
    PrecisionRule="true"
    EntityAttrName="CheckRefnum"
    EntityUsage="FinPayroll"
    AliasName="CHECK_REFNUM">
    <Properties>
      <SchemaBasedProperties>
        <LABEL
          ResId="erp.model.fin.FinPayrollView.CheckRefnum_LABEL"/>
      </SchemaBasedProperties>
    </Properties>
  </ViewAttribute>
  <ViewAttribute
    Name="NoteRemarks"
    PrecisionRule="true"
    EntityAttrName="NoteRemarks"
    EntityUsage="FinPayroll"
    AliasName="NOTE_REMARKS">
    <Properties>
      <SchemaBasedProperties>
        <LABEL
          ResId="erp.model.fin.FinPayrollView.NoteRemarks_LABEL"/>
      </SchemaBasedProperties>
    </Properties>
  </ViewAttribute>
  <ViewAttribute
    Name="GrossAmount"
    PrecisionRule="true"
    EntityAttrName="GrossAmount"
    EntityUsage="FinPayroll"
    AliasName="GROSS_AMOUNT">
    <Properties>
      <SchemaBasedProperties>
        <LABEL
          ResId="erp.model.fin.FinPayrollView.GrossAmount_LABEL"/>
      </SchemaBasedProperties>
    </Properties>
  </ViewAttribute>
  <ResourceBundle>
    <PropertiesBundle
      PropertiesFile="erp.model.SUNWAY_ERP_ModelBundle"/>
  </ResourceBundle>
</ViewObject>
