<?xml version="1.0" encoding="windows-1252" ?>
<!DOCTYPE Entity SYSTEM "jbo_03_01.dtd">
<!---->
<Entity
  xmlns="http://xmlns.oracle.com/bc4j"
  Name="FinPayrollSetup2"
  Version="12.2.1.12.24"
  InheritPersonalization="merge"
  DBObjectType="table"
  DBObjectName="FIN_PAYROLL_SETUP"
  AliasName="FinPayrollSetup2"
  BindingStyle="OracleName">
  <Attribute
    Name="PayrollCode"
    IsNotNull="true"
    Precision="20"
    ColumnName="PAYROLL_CODE"
    SQLType="VARCHAR"
    Type="java.lang.String"
    ColumnType="VARCHAR2"
    TableName="FIN_PAYROLL_SETUP"
    PrimaryKey="true">
    <DesignTime>
      <Attr Name="_DisplaySize" Value="20"/>
    </DesignTime>
  </Attribute>
  <Attribute
    Name="PayStart"
    ColumnName="PAY_START"
    SQLType="DATE"
    Type="java.sql.Timestamp"
    ColumnType="DATE"
    TableName="FIN_PAYROLL_SETUP"/>
  <Attribute
    Name="PayEnd"
    ColumnName="PAY_END"
    SQLType="DATE"
    Type="java.sql.Timestamp"
    ColumnType="DATE"
    TableName="FIN_PAYROLL_SETUP"/>
  <Attribute
    Name="Payday"
    ColumnName="PAYDAY"
    SQLType="DATE"
    Type="java.sql.Timestamp"
    ColumnType="DATE"
    TableName="FIN_PAYROLL_SETUP"/>
  <Attribute
    Name="Id"
    ColumnName="ID"
    SQLType="NUMERIC"
    Type="java.math.BigDecimal"
    ColumnType="NUMBER"
    TableName="FIN_PAYROLL_SETUP"/>
  <Key
    Name="FinPayrollSetupPk"
    PrimaryKey="true">
    <DesignTime>
      <Attr Name="_DBObjectName" Value="FIN_PAYROLL_SETUP_PK"/>
    </DesignTime>
    <AttrArray Name="Attributes">
      <Item Value="erp.model.fin.FinPayrollSetup2.PayrollCode"/>
    </AttrArray>
  </Key>
</Entity>
