<?xml version="1.0" encoding="windows-1252" ?>
<!DOCTYPE ViewObject SYSTEM "jbo_03_01.dtd">
<!---->
<ViewObject
  xmlns="http://xmlns.oracle.com/bc4j"
  Name="FinPayrollSetupView"
  Version="12.2.1.12.24"
  InheritPersonalization="merge"
  SelectListFlags="1"
  FromListFlags="1"
  WhereFlags="1"
  BindingStyle="OracleName"
  CustomQuery="false"
  SelectAllAttributes="false"
  PageIterMode="Full">
  <EntityUsage
    Name="FinPayrollSetup"
    Entity="erp.model.fin.FinPayrollSetup"/>
  <ViewAttribute
    Name="PayrollCode"
    IsNotNull="true"
    PrecisionRule="true"
    EntityAttrName="PayrollCode"
    EntityUsage="FinPayrollSetup"
    AliasName="PAYROLL_CODE">
    <Properties>
      <SchemaBasedProperties>
        <LABEL
          ResId="erp.model.fin.FinPayrollSetupView.PayrollCode_LABEL"/>
      </SchemaBasedProperties>
    </Properties>
  </ViewAttribute>
  <ViewAttribute
    Name="PayStart"
    PrecisionRule="true"
    EntityAttrName="PayStart"
    EntityUsage="FinPayrollSetup"
    AliasName="PAY_START">
    <Properties>
      <SchemaBasedProperties>
        <LABEL
          ResId="erp.model.fin.FinPayrollSetupView.PayStart_LABEL"/>
      </SchemaBasedProperties>
    </Properties>
  </ViewAttribute>
  <ViewAttribute
    Name="PayEnd"
    PrecisionRule="true"
    EntityAttrName="PayEnd"
    EntityUsage="FinPayrollSetup"
    AliasName="PAY_END">
    <Properties>
      <SchemaBasedProperties>
        <LABEL
          ResId="erp.model.fin.FinPayrollSetupView.PayEnd_LABEL"/>
      </SchemaBasedProperties>
    </Properties>
  </ViewAttribute>
  <ViewAttribute
    Name="Payday"
    PrecisionRule="true"
    EntityAttrName="Payday"
    EntityUsage="FinPayrollSetup"
    AliasName="PAYDAY">
    <Properties>
      <SchemaBasedProperties>
        <LABEL
          ResId="erp.model.fin.FinPayrollSetupView.Payday_LABEL"/>
      </SchemaBasedProperties>
    </Properties>
  </ViewAttribute>
  <ResourceBundle>
    <PropertiesBundle
      PropertiesFile="erp.model.SUNWAY_ERP_ModelBundle"/>
  </ResourceBundle>
</ViewObject>
