<?xml version="1.0" encoding="windows-1252" ?>
<!DOCTYPE Entity SYSTEM "jbo_03_01.dtd">
<!---->
<Entity
  xmlns="http://xmlns.oracle.com/bc4j"
  Name="FinPaymentMethods"
  Version="12.2.1.12.24"
  InheritPersonalization="merge"
  DBObjectType="table"
  DBObjectName="FIN_PAYMENT_METHODS"
  AliasName="FinPaymentMethods"
  BindingStyle="OracleName">
  <Attribute
    Name="PaymentMethodType"
    Precision="20"
    ColumnName="PAYMENT_METHOD_TYPE"
    SQLType="VARCHAR"
    Type="java.lang.String"
    ColumnType="VARCHAR2"
    TableName="FIN_PAYMENT_METHODS">
    <DesignTime>
      <Attr Name="_DisplaySize" Value="20"/>
    </DesignTime>
  </Attribute>
  <Attribute
    Name="GlAccount"
    IsNotNull="true"
    Precision="20"
    ColumnName="GL_ACCOUNT"
    SQLType="VARCHAR"
    Type="java.lang.String"
    ColumnType="VARCHAR2"
    TableName="FIN_PAYMENT_METHODS"
    PrimaryKey="true">
    <DesignTime>
      <Attr Name="_DisplaySize" Value="20"/>
    </DesignTime>
  </Attribute>
  <Attribute
    Name="FinanceAccountId"
    Precision="20"
    ColumnName="FINANCE_ACCOUNT_ID"
    SQLType="VARCHAR"
    Type="java.lang.String"
    ColumnType="VARCHAR2"
    TableName="FIN_PAYMENT_METHODS">
    <DesignTime>
      <Attr Name="_DisplaySize" Value="20"/>
    </DesignTime>
  </Attribute>
  <Attribute
    Name="Discription"
    Precision="100"
    ColumnName="DISCRIPTION"
    SQLType="VARCHAR"
    Type="java.lang.String"
    ColumnType="VARCHAR2"
    TableName="FIN_PAYMENT_METHODS">
    <DesignTime>
      <Attr Name="_DisplaySize" Value="100"/>
    </DesignTime>
  </Attribute>
  <Attribute
    Name="Column1"
    Precision="20"
    ColumnName="COLUMN1"
    SQLType="VARCHAR"
    Type="java.lang.String"
    ColumnType="VARCHAR2"
    TableName="FIN_PAYMENT_METHODS">
    <DesignTime>
      <Attr Name="_DisplaySize" Value="20"/>
    </DesignTime>
  </Attribute>
  <Key
    Name="FinPaymentMethodsPk"
    PrimaryKey="true">
    <DesignTime>
      <Attr Name="_DBObjectName" Value="FIN_PAYMENT_METHODS_PK"/>
    </DesignTime>
    <AttrArray Name="Attributes">
      <Item Value="erp.model.fin.FinPaymentMethods.GlAccount"/>
    </AttrArray>
  </Key>
</Entity>
