<?xml version="1.0" encoding="windows-1252" ?>
<!DOCTYPE ViewObject SYSTEM "jbo_03_01.dtd">
<!---->
<ViewObject
  xmlns="http://xmlns.oracle.com/bc4j"
  Name="FinPayrollSetup2View"
  Version="12.2.1.12.24"
  InheritPersonalization="merge"
  SelectListFlags="1"
  FromListFlags="1"
  WhereFlags="1"
  BindingStyle="OracleName"
  CustomQuery="false"
  SelectAllAttributes="false"
  PageIterMode="Full">
  <ViewAccessor
    Name="fin_AppModule_FinPayrollSetupView1_1"
    ViewObjectName="erp.model.fin.FinPayrollSetupView"
    AMUsageName="fin_AppModule"
    ViewInstanceName="FinPayrollSetupView1"
    RowLevelBinds="true"/>
  <EntityUsage
    Name="FinPayrollSetup2"
    Entity="erp.model.fin.FinPayrollSetup2"/>
  <ViewAttribute
    Name="PayrollCode"
    IsNotNull="true"
    PrecisionRule="true"
    EntityAttrName="PayrollCode"
    EntityUsage="FinPayrollSetup2"
    AliasName="PAYROLL_CODE">
    <Properties>
      <SchemaBasedProperties>
        <LABEL
          ResId="erp.model.fin.FinPayrollSetup2View.PayrollCode_LABEL"/>
      </SchemaBasedProperties>
    </Properties>
  </ViewAttribute>
  <ViewAttribute
    Name="PayStart"
    PrecisionRule="true"
    EntityAttrName="PayStart"
    EntityUsage="FinPayrollSetup2"
    AliasName="PAY_START">
    <Properties>
      <SchemaBasedProperties>
        <LABEL
          ResId="erp.model.fin.FinPayrollSetup2View.PayStart_LABEL"/>
      </SchemaBasedProperties>
    </Properties>
  </ViewAttribute>
  <ViewAttribute
    Name="PayEnd"
    PrecisionRule="true"
    EntityAttrName="PayEnd"
    EntityUsage="FinPayrollSetup2"
    AliasName="PAY_END">
    <Properties>
      <SchemaBasedProperties>
        <LABEL
          ResId="erp.model.fin.FinPayrollSetup2View.PayEnd_LABEL"/>
      </SchemaBasedProperties>
    </Properties>
  </ViewAttribute>
  <ViewAttribute
    Name="Payday"
    PrecisionRule="true"
    EntityAttrName="Payday"
    EntityUsage="FinPayrollSetup2"
    AliasName="PAYDAY">
    <Properties>
      <SchemaBasedProperties>
        <LABEL
          ResId="erp.model.fin.FinPayrollSetup2View.Payday_LABEL"/>
      </SchemaBasedProperties>
    </Properties>
  </ViewAttribute>
  <ViewCriteria
    Name="FinPayrollSetup2ViewCriteria"
    ViewObjectName="erp.model.fin.FinPayrollSetup2View"
    Conjunction="AND">
    <Properties Name="_Props">
      <CustomProperties>
        <Property
          Name="autoExecute"
          Value="false"/>
        <Property
          Name="mode"
          Value="Basic"/>
        <Property
          Name="allowConjunctionOverride"
          Value="false"/>
        <Property
          Name="showInList"
          Value="false"/>
        <Property
          Name="displayOperators"
          Value="InAdvancedMode"/>
      </CustomProperties>
    </Properties>
    <ViewCriteriaRow
      Name="FinPayrollSetup2ViewCriteria_row_0"
      UpperColumns="1">
      <ViewCriteriaItem
        Name="PayrollCode"
        ViewAttribute="PayrollCode"
        Operator="="
        Conjunction="AND"
        Required="Optional"/>
    </ViewCriteriaRow>
  </ViewCriteria>
  <ViewLinkAccessor
    Name="HrEmplPayrollView"
    ViewLink="erp.model.fin.finPayrollSetup2_emplPayrollViewLink"
    Type="oracle.jbo.RowIterator"
    IsUpdateable="false"/>
  <ResourceBundle>
    <PropertiesBundle
      PropertiesFile="erp.model.SUNWAY_ERP_ModelBundle"/>
  </ResourceBundle>
</ViewObject>
