<?xml version="1.0" encoding="windows-1252" ?>
<!DOCTYPE ViewObject SYSTEM "jbo_03_01.dtd">
<!---->
<ViewObject
  xmlns="http://xmlns.oracle.com/bc4j"
  Name="FinPayrollSetup1View"
  Version="12.2.1.12.24"
  InheritPersonalization="merge"
  SelectListFlags="1"
  FromListFlags="1"
  WhereFlags="1"
  BindingStyle="OracleName"
  CustomQuery="false"
  SelectAllAttributes="false"
  PageIterMode="Full"
  FetchMode="FETCH_AS_NEEDED"
  MaxFetchSize="0">
  <EntityUsage
    Name="FinPayrollSetup1"
    Entity="erp.model.fin.FinPayrollSetup1"/>
  <ViewAttribute
    Name="PayrollCode"
    IsNotNull="true"
    PrecisionRule="true"
    EntityAttrName="PayrollCode"
    EntityUsage="FinPayrollSetup1"
    AliasName="PAYROLL_CODE">
    <Properties>
      <SchemaBasedProperties>
        <LABEL
          ResId="erp.model.fin.FinPayrollSetup1View.PayrollCode_LABEL"/>
      </SchemaBasedProperties>
    </Properties>
  </ViewAttribute>
  <ViewAttribute
    Name="PayStart"
    PrecisionRule="true"
    EntityAttrName="PayStart"
    EntityUsage="FinPayrollSetup1"
    AliasName="PAY_START">
    <Properties>
      <SchemaBasedProperties>
        <LABEL
          ResId="erp.model.fin.FinPayrollSetup1View.PayStart_LABEL"/>
      </SchemaBasedProperties>
    </Properties>
  </ViewAttribute>
  <ViewAttribute
    Name="PayEnd"
    PrecisionRule="true"
    EntityAttrName="PayEnd"
    EntityUsage="FinPayrollSetup1"
    AliasName="PAY_END">
    <Properties>
      <SchemaBasedProperties>
        <LABEL
          ResId="erp.model.fin.FinPayrollSetup1View.PayEnd_LABEL"/>
      </SchemaBasedProperties>
    </Properties>
  </ViewAttribute>
  <ViewAttribute
    Name="Payday"
    PrecisionRule="true"
    EntityAttrName="Payday"
    EntityUsage="FinPayrollSetup1"
    AliasName="PAYDAY">
    <Properties>
      <SchemaBasedProperties>
        <LABEL
          ResId="erp.model.fin.FinPayrollSetup1View.Payday_LABEL"/>
      </SchemaBasedProperties>
    </Properties>
  </ViewAttribute>
  <ViewAttribute
    Name="Id"
    PrecisionRule="true"
    EntityAttrName="Id"
    EntityUsage="FinPayrollSetup1"
    AliasName="ID"/>
  <ResourceBundle>
    <PropertiesBundle
      PropertiesFile="erp.model.SUNWAY_ERP_ModelBundle"/>
  </ResourceBundle>
</ViewObject>
