<?xml version="1.0" encoding="windows-1252" ?>
<!DOCTYPE Entity SYSTEM "jbo_03_01.dtd">
<!---->
<Entity
  xmlns="http://xmlns.oracle.com/bc4j"
  Name="FinPayrollSetup"
  Version="12.2.1.12.24"
  InheritPersonalization="merge"
  DBObjectType="table"
  DBObjectName="FIN_PAYROLL_SETUP"
  AliasName="FinPayrollSetup"
  BindingStyle="OracleName"
  xmlns:validation="http://xmlns.oracle.com/adfm/validation">
  <Attribute
    Name="PayrollCode"
    IsNotNull="true"
    Precision="20"
    ColumnName="PAYROLL_CODE"
    SQLType="VARCHAR"
    Type="java.lang.String"
    ColumnType="VARCHAR2"
    TableName="FIN_PAYROLL_SETUP"
    PrimaryKey="true">
    <DesignTime>
      <Attr Name="_DisplaySize" Value="20"/>
    </DesignTime>
  </Attribute>
  <Attribute
    Name="PayStart"
    ColumnName="PAY_START"
    SQLType="DATE"
    Type="java.sql.Timestamp"
    ColumnType="DATE"
    TableName="FIN_PAYROLL_SETUP"/>
  <Attribute
    Name="PayEnd"
    ColumnName="PAY_END"
    SQLType="DATE"
    Type="java.sql.Timestamp"
    ColumnType="DATE"
    TableName="FIN_PAYROLL_SETUP">
    <validation:CompareValidationBean
      Name="PayEndRule0"
      ResId="erp.model.fin.FinPayrollSetupView.PayEnd_LABEL_Rule0"
      OnAttribute="PayEnd"
      OperandType="EXPR"
      Inverse="false"
      CompareType="GREATERTHAN">
      <validation:TransientExpression
        Name="ValidationRuleScript"
        trustMode="untrusted"
        CodeSourceName="FinPayrollSetupRow"/>
    </validation:CompareValidationBean>
  </Attribute>
  <Attribute
    Name="Payday"
    ColumnName="PAYDAY"
    SQLType="DATE"
    Type="java.sql.Timestamp"
    ColumnType="DATE"
    TableName="FIN_PAYROLL_SETUP">
    <validation:CompareValidationBean
      Name="PaydayRule0"
      ResId="erp.model.fin.FinPayrollSetupView.Payday_Rule0"
      OnAttribute="Payday"
      OperandType="EXPR"
      Inverse="false"
      CompareType="GREATERTHANEQUALTO">
      <validation:TransientExpression
        Name="ValidationRuleScript"
        trustMode="untrusted"
        CodeSourceName="FinPayrollSetupRow"/>
    </validation:CompareValidationBean>
    <validation:CompareValidationBean
      Name="PaydayRule1"
      ResId="erp.model.fin.FinPayrollSetupView.Payday_Rule0"
      OnAttribute="Payday"
      OperandType="EXPR"
      Inverse="false"
      CompareType="LESSTHANEQUALTO">
      <validation:TransientExpression
        Name="ValidationRuleScript"
        trustMode="untrusted"
        CodeSourceName="FinPayrollSetupRow"/>
    </validation:CompareValidationBean>
  </Attribute>
  <Key
    Name="FinPayrollSetupPk"
    PrimaryKey="true">
    <DesignTime>
      <Attr Name="_DBObjectName" Value="FIN_PAYROLL_SETUP_PK"/>
    </DesignTime>
    <AttrArray Name="Attributes">
      <Item Value="erp.model.fin.FinPayrollSetup.PayrollCode"/>
    </AttrArray>
  </Key>
  <ResourceBundle>
    <PropertiesBundle
      PropertiesFile="erp.model.SUNWAY_ERP_ModelBundle"/>
  </ResourceBundle>
</Entity>
