<?xml version="1.0" encoding="windows-1252" ?>
<!DOCTYPE Entity SYSTEM "jbo_03_01.dtd">
<!---->
<Entity
  xmlns="http://xmlns.oracle.com/bc4j"
  Name="FinReconcile"
  Version="12.2.1.12.24"
  InheritPersonalization="merge"
  DBObjectType="table"
  DBObjectName="FIN_RECONCILE"
  AliasName="FinReconcile"
  BindingStyle="OracleName">
  <Attribute
    Name="ReconcileAccount"
    Precision="20"
    ColumnName="RECONCILE_ACCOUNT"
    SQLType="VARCHAR"
    Type="java.lang.String"
    ColumnType="VARCHAR2"
    TableName="FIN_RECONCILE">
    <DesignTime>
      <Attr Name="_DisplaySize" Value="20"/>
    </DesignTime>
  </Attribute>
  <Attribute
    Name="AsOfDate"
    IsNotNull="true"
    ColumnName="AS_OF_DATE"
    SQLType="DATE"
    Type="java.sql.Timestamp"
    ColumnType="DATE"
    TableName="FIN_RECONCILE"
    PrimaryKey="true"/>
  <Attribute
    Name="EndingBalance"
    ColumnName="ENDING_BALANCE"
    SQLType="NUMERIC"
    Type="java.math.BigDecimal"
    ColumnType="NUMBER"
    TableName="FIN_RECONCILE"/>
  <Key
    Name="FinReconcilePk"
    PrimaryKey="true">
    <DesignTime>
      <Attr Name="_DBObjectName" Value="FIN_RECONCILE_PK"/>
    </DesignTime>
    <AttrArray Name="Attributes">
      <Item Value="erp.model.fin.FinReconcile.AsOfDate"/>
    </AttrArray>
  </Key>
</Entity>
