<?xml version="1.0" encoding="windows-1252" ?>
<!DOCTYPE Entity SYSTEM "jbo_03_01.dtd">
<!---->
<Entity
  xmlns="http://xmlns.oracle.com/bc4j"
  Name="FinSettlePayments"
  Version="12.2.1.12.24"
  InheritPersonalization="merge"
  DBObjectType="table"
  DBObjectName="FIN_SETTLE_PAYMENTS"
  AliasName="FinSettlePayments"
  BindingStyle="OracleName"
  RowClass="erp.model.fin.FinSettlePaymentsImpl">
  <DesignTime>
    <Attr Name="_codeGenFlag2" Value="Access|DML"/>
    <Attr Name="_isCodegen" Value="true"/>
  </DesignTime>
  <Attribute
    Name="SettlementType"
    IsNotNull="true"
    Precision="20"
    ColumnName="SETTLEMENT_TYPE"
    SQLType="VARCHAR"
    Type="java.lang.String"
    ColumnType="VARCHAR2"
    TableName="FIN_SETTLE_PAYMENTS"
    PrimaryKey="true">
    <DesignTime>
      <Attr Name="_DisplaySize" Value="20"/>
    </DesignTime>
  </Attribute>
  <Attribute
    Name="PaymentMethod"
    Precision="20"
    ColumnName="PAYMENT_METHOD"
    SQLType="VARCHAR"
    Type="java.lang.String"
    ColumnType="VARCHAR2"
    TableName="FIN_SETTLE_PAYMENTS">
    <DesignTime>
      <Attr Name="_DisplaySize" Value="20"/>
    </DesignTime>
  </Attribute>
  <Attribute
    Name="SettlementAccount"
    Precision="20"
    ColumnName="SETTLEMENT_ACCOUNT"
    SQLType="VARCHAR"
    Type="java.lang.String"
    ColumnType="VARCHAR2"
    TableName="FIN_SETTLE_PAYMENTS">
    <DesignTime>
      <Attr Name="_DisplaySize" Value="20"/>
    </DesignTime>
  </Attribute>
  <Attribute
    Name="TransactionDate"
    ColumnName="TRANSACTION_DATE"
    SQLType="DATE"
    Type="java.sql.Timestamp"
    ColumnType="DATE"
    TableName="FIN_SETTLE_PAYMENTS"/>
  <Attribute
    Name="Amount"
    ColumnName="AMOUNT"
    SQLType="NUMERIC"
    Type="java.math.BigDecimal"
    ColumnType="NUMBER"
    TableName="FIN_SETTLE_PAYMENTS"/>
  <Attribute
    Name="SettlementDate"
    ColumnName="SETTLEMENT_DATE"
    SQLType="DATE"
    Type="java.sql.Timestamp"
    ColumnType="DATE"
    TableName="FIN_SETTLE_PAYMENTS"/>
  <Attribute
    Name="Totaldue"
    ColumnName="TOTALDUE"
    SQLType="NUMERIC"
    Type="java.math.BigDecimal"
    ColumnType="NUMBER"
    TableName="FIN_SETTLE_PAYMENTS"/>
  <Key
    Name="FinSettlePaymentsPk"
    PrimaryKey="true">
    <DesignTime>
      <Attr Name="_DBObjectName" Value="FIN_SETTLE_PAYMENTS_PK"/>
    </DesignTime>
    <AttrArray Name="Attributes">
      <Item Value="erp.model.fin.FinSettlePayments.SettlementType"/>
    </AttrArray>
  </Key>
</Entity>
