<?xml version="1.0" encoding="windows-1252" ?>
<!DOCTYPE ViewObject SYSTEM "jbo_03_01.dtd">
<!---->
<ViewObject
  xmlns="http://xmlns.oracle.com/bc4j"
  Name="FinTransactions_expenses_ReportsView"
  Version="12.2.1.12.24"
  InheritPersonalization="merge"
  BindingStyle="OracleName"
  CustomQuery="true"
  PageIterMode="Full">
  <DesignTime>
    <Attr Name="_isExpertMode" Value="true"/>
  </DesignTime>
  <ViewAccessor
    Name="LookupCode1"
    ViewObjectName="erp.model.LookupCode"
    RowLevelBinds="true">
    <ParameterMap>
      <PIMap Variable="BindLookupType">
        <TransientExpression
          trustMode="untrusted"
          Name="ExpressionScript"><![CDATA['TRANSACTION_TYPE']]></TransientExpression>
      </PIMap>
    </ParameterMap>
  </ViewAccessor>
  <ListBinding
    Name="LOV_TransactionType"
    ListVOName="LookupCode1"
    NullValueFlag="start"
    NullValueId="${adfBundle['oracle.javatools.resourcebundle.SystemBundle']['NULL_VALUE_RESID']}"
    MRUCount="0">
    <AttrArray Name="AttrNames">
      <Item Value="TransactionType"/>
    </AttrArray>
    <AttrArray Name="AttrExpressions"/>
    <AttrArray Name="ListAttrNames">
      <Item Value="LookupCode"/>
    </AttrArray>
    <AttrArray Name="ListDisplayAttrNames">
      <Item Value="Meaning"/>
    </AttrArray>
    <DisplayCriteria/>
  </ListBinding>
  <SQLQuery><![CDATA[SELECT          
    FinTransactions.TRANSACTION_ID,          
    FinTransactions.TRANSACTION_TYPE,          
    FinTransactions.AMOUNT,          
    FinTransactions.DEBIT_ACCOUNT,          
    FinTransactions.CREDIT_ACCOUNT,          
    FinTransactions.TRANSACTION_DATE,          
    FinTransactions.PAYMENT_ID,          
    FinTransactions.ITEM_CODE,          
    FinTransactions.INVOICE_ID,          
    FinTransactions.TRANSACTION_DESCRIPTION,        
     InvOrders.ORDER_ID, 
     InvOrders.ORDER_DATE, 
     InvOrders.ORDER_STATUS 
        
FROM   FIN_TRANSACTIONS FinTransactions      
JOIN    INV_ORDERS InvOrders ON InvOrders.ORDER_ID = FinTransactions.INVOICE_ID                     
      
WHERE FinTransactions.TRANSACTION_TYPE = 'sp']]></SQLQuery>
  <ViewAttribute
    Name="TransactionId"
    IsUpdateable="false"
    IsPersistent="false"
    PrecisionRule="true"
    Precision="20"
    Type="java.lang.String"
    ColumnType="VARCHAR2"
    AliasName="TRANSACTION_ID"
    Expression="TRANSACTION_ID"
    SQLType="VARCHAR">
    <DesignTime>
      <Attr Name="_DisplaySize" Value="20"/>
    </DesignTime>
    <Properties>
      <SchemaBasedProperties>
        <LABEL
          ResId="erp.model.fin.FinTransactions_expenses_ReportsView.TransactionId_LABEL"/>
      </SchemaBasedProperties>
    </Properties>
  </ViewAttribute>
  <ViewAttribute
    Name="TransactionType"
    IsUpdateable="false"
    IsPersistent="false"
    PrecisionRule="true"
    Precision="20"
    Type="java.lang.String"
    ColumnType="VARCHAR2"
    AliasName="TRANSACTION_TYPE"
    Expression="TRANSACTION_TYPE"
    SQLType="VARCHAR"
    LOVName="LOV_TransactionType">
    <DesignTime>
      <Attr Name="_DisplaySize" Value="20"/>
    </DesignTime>
    <Properties>
      <SchemaBasedProperties>
        <LABEL
          ResId="erp.model.fin.FinTransactions_expenses_ReportsView.TransactionType_LABEL"/>
        <CONTROLTYPE
          Value="choice"/>
      </SchemaBasedProperties>
    </Properties>
  </ViewAttribute>
  <ViewAttribute
    Name="Amount"
    IsUpdateable="false"
    IsPersistent="false"
    PrecisionRule="true"
    Type="java.math.BigDecimal"
    ColumnType="NUMBER"
    AliasName="AMOUNT"
    Expression="AMOUNT"
    SQLType="NUMERIC">
    <Properties>
      <SchemaBasedProperties>
        <LABEL
          ResId="erp.model.fin.FinTransactions_expenses_ReportsView.Amount_LABEL"/>
      </SchemaBasedProperties>
    </Properties>
  </ViewAttribute>
  <ViewAttribute
    Name="DebitAccount"
    IsUpdateable="false"
    IsPersistent="false"
    PrecisionRule="true"
    Precision="20"
    Type="java.lang.String"
    ColumnType="VARCHAR2"
    AliasName="DEBIT_ACCOUNT"
    Expression="DEBIT_ACCOUNT"
    SQLType="VARCHAR">
    <DesignTime>
      <Attr Name="_DisplaySize" Value="20"/>
    </DesignTime>
    <Properties>
      <SchemaBasedProperties>
        <LABEL
          ResId="erp.model.fin.FinTransactions_expenses_ReportsView.DebitAccount_LABEL"/>
      </SchemaBasedProperties>
    </Properties>
  </ViewAttribute>
  <ViewAttribute
    Name="CreditAccount"
    IsUpdateable="false"
    IsPersistent="false"
    PrecisionRule="true"
    Precision="20"
    Type="java.lang.String"
    ColumnType="VARCHAR2"
    AliasName="CREDIT_ACCOUNT"
    Expression="CREDIT_ACCOUNT"
    SQLType="VARCHAR">
    <DesignTime>
      <Attr Name="_DisplaySize" Value="20"/>
    </DesignTime>
    <Properties>
      <SchemaBasedProperties>
        <LABEL
          ResId="erp.model.fin.FinTransactions_expenses_ReportsView.CreditAccount_LABEL"/>
      </SchemaBasedProperties>
    </Properties>
  </ViewAttribute>
  <ViewAttribute
    Name="TransactionDate"
    IsUpdateable="false"
    IsPersistent="false"
    PrecisionRule="true"
    Type="java.sql.Timestamp"
    ColumnType="DATE"
    AliasName="TRANSACTION_DATE"
    Expression="TRANSACTION_DATE"
    SQLType="DATE">
    <Properties>
      <SchemaBasedProperties>
        <LABEL
          ResId="erp.model.fin.FinTransactions_expenses_ReportsView.TransactionDate_LABEL"/>
      </SchemaBasedProperties>
    </Properties>
  </ViewAttribute>
  <ViewAttribute
    Name="PaymentId"
    IsUpdateable="false"
    IsPersistent="false"
    PrecisionRule="true"
    Precision="20"
    Type="java.lang.String"
    ColumnType="VARCHAR2"
    AliasName="PAYMENT_ID"
    Expression="PAYMENT_ID"
    SQLType="VARCHAR">
    <DesignTime>
      <Attr Name="_DisplaySize" Value="20"/>
    </DesignTime>
    <Properties>
      <SchemaBasedProperties>
        <LABEL
          ResId="erp.model.fin.FinTransactions_expenses_ReportsView.PaymentId_LABEL"/>
      </SchemaBasedProperties>
    </Properties>
  </ViewAttribute>
  <ViewAttribute
    Name="ItemCode"
    IsUpdateable="false"
    IsPersistent="false"
    PrecisionRule="true"
    Precision="32"
    Type="java.lang.String"
    ColumnType="VARCHAR2"
    AliasName="ITEM_CODE"
    Expression="ITEM_CODE"
    SQLType="VARCHAR">
    <DesignTime>
      <Attr Name="_DisplaySize" Value="32"/>
    </DesignTime>
  </ViewAttribute>
  <ViewAttribute
    Name="InvoiceId"
    IsUpdateable="false"
    IsPersistent="false"
    PrecisionRule="true"
    Precision="20"
    Type="java.lang.String"
    ColumnType="VARCHAR2"
    AliasName="INVOICE_ID"
    Expression="INVOICE_ID"
    SQLType="VARCHAR">
    <DesignTime>
      <Attr Name="_DisplaySize" Value="20"/>
    </DesignTime>
    <Properties>
      <SchemaBasedProperties>
        <LABEL
          ResId="erp.model.fin.FinTransactions_expenses_ReportsView.InvoiceId_LABEL"/>
      </SchemaBasedProperties>
    </Properties>
  </ViewAttribute>
  <ViewAttribute
    Name="TransactionDescription"
    IsUpdateable="false"
    IsPersistent="false"
    PrecisionRule="true"
    Precision="100"
    Type="java.lang.String"
    ColumnType="VARCHAR2"
    AliasName="TRANSACTION_DESCRIPTION"
    Expression="TRANSACTION_DESCRIPTION"
    SQLType="VARCHAR">
    <DesignTime>
      <Attr Name="_DisplaySize" Value="100"/>
    </DesignTime>
    <Properties>
      <SchemaBasedProperties>
        <LABEL
          ResId="erp.model.fin.FinTransactions_expenses_ReportsView.TransactionDescription_LABEL"/>
      </SchemaBasedProperties>
    </Properties>
  </ViewAttribute>
  <ViewAttribute
    Name="OrderId"
    IsUpdateable="false"
    IsPersistent="false"
    PrecisionRule="true"
    Type="java.math.BigDecimal"
    ColumnType="NUMBER"
    AliasName="ORDER_ID"
    Expression="ORDER_ID"
    SQLType="NUMERIC">
    <Properties>
      <SchemaBasedProperties>
        <LABEL
          ResId="erp.model.fin.FinTransactions_expenses_ReportsView.OrderId_LABEL"/>
      </SchemaBasedProperties>
    </Properties>
  </ViewAttribute>
  <ViewAttribute
    Name="OrderDate"
    IsUpdateable="false"
    IsPersistent="false"
    PrecisionRule="true"
    Type="java.sql.Timestamp"
    ColumnType="DATE"
    AliasName="ORDER_DATE"
    Expression="ORDER_DATE"
    SQLType="DATE">
    <Properties>
      <SchemaBasedProperties>
        <LABEL
          ResId="erp.model.fin.FinTransactions_expenses_ReportsView.OrderDate_LABEL"/>
      </SchemaBasedProperties>
    </Properties>
  </ViewAttribute>
  <ViewAttribute
    Name="OrderStatus"
    IsUpdateable="false"
    IsPersistent="false"
    PrecisionRule="true"
    Precision="20"
    Type="java.lang.String"
    ColumnType="VARCHAR2"
    AliasName="ORDER_STATUS"
    Expression="ORDER_STATUS"
    SQLType="VARCHAR">
    <DesignTime>
      <Attr Name="_DisplaySize" Value="20"/>
    </DesignTime>
    <Properties>
      <SchemaBasedProperties>
        <LABEL
          ResId="erp.model.fin.FinTransactions_expenses_ReportsView.OrderStatus_LABEL"/>
      </SchemaBasedProperties>
    </Properties>
  </ViewAttribute>
  <ViewCriteria
    Name="FinTransactions_expenses_ReportsViewCriteria"
    ViewObjectName="erp.model.fin.FinTransactions_expenses_ReportsView"
    Conjunction="AND">
    <Properties Name="_Props">
      <CustomProperties>
        <Property
          Name="autoExecute"
          Value="false"/>
        <Property
          Name="mode"
          Value="Basic"/>
        <Property
          Name="allowConjunctionOverride"
          Value="false"/>
        <Property
          Name="showInList"
          Value="false"/>
        <Property
          Name="displayOperators"
          Value="InAdvancedMode"/>
      </CustomProperties>
    </Properties>
    <ViewCriteriaRow
      Name="FinTransactions_expenses_ReportsViewCriteria_row_0"
      UpperColumns="1">
      <ViewCriteriaItem
        Name="TransactionDate"
        ViewAttribute="TransactionDate"
        Operator="BETWEEN"
        Conjunction="AND"
        Required="Optional"/>
    </ViewCriteriaRow>
  </ViewCriteria>
  <ResourceBundle>
    <PropertiesBundle
      PropertiesFile="erp.model.SUNWAY_ERP_ModelBundle"/>
  </ResourceBundle>
</ViewObject>
