<?xml version="1.0" encoding="windows-1252" ?>
<!DOCTYPE ViewObject SYSTEM "jbo_03_01.dtd">
<!---->
<ViewObject
  xmlns="http://xmlns.oracle.com/bc4j"
  Name="FinTransactionsView"
  Version="12.2.1.12.24"
  InheritPersonalization="merge"
  SelectListFlags="1"
  FromListFlags="1"
  WhereFlags="1"
  BindingStyle="OracleName"
  CustomQuery="false"
  SelectAllAttributes="false"
  PageIterMode="Full">
  <ViewAccessor
    Name="LookupCode1"
    ViewObjectName="erp.model.LookupCode"
    RowLevelBinds="true">
    <ParameterMap>
      <PIMap Variable="BindLookupType">
        <TransientExpression
          trustMode="untrusted"
          Name="ExpressionScript"><![CDATA['Yes/No']]></TransientExpression>
      </PIMap>
    </ParameterMap>
  </ViewAccessor>
  <ViewAccessor
    Name="LookupCode2"
    ViewObjectName="erp.model.LookupCode"
    RowLevelBinds="true">
    <ParameterMap>
      <PIMap Variable="BindLookupType">
        <TransientExpression
          trustMode="untrusted"
          Name="ExpressionScript"><![CDATA['PAYMENT_TYPE']]></TransientExpression>
      </PIMap>
    </ParameterMap>
  </ViewAccessor>
  <ViewAccessor
    Name="FinChartOfAccountsView1"
    ViewObjectName="erp.model.fin.FinChartOfAccountsView"
    RowLevelBinds="true"/>
  <ViewAccessor
    Name="FinChartOfAccountsView2"
    ViewObjectName="erp.model.fin.FinChartOfAccountsView"
    RowLevelBinds="true"/>
  <ListBinding
    Name="LOV_DebitAccount"
    ListVOName="FinChartOfAccountsView1"
    NullValueFlag="start"
    NullValueId="${adfBundle['oracle.javatools.resourcebundle.SystemBundle']['NULL_VALUE_RESID']}"
    MRUCount="0">
    <AttrArray Name="AttrNames">
      <Item Value="DebitAccount"/>
    </AttrArray>
    <AttrArray Name="AttrExpressions"/>
    <AttrArray Name="ListAttrNames">
      <Item Value="AccountCode"/>
    </AttrArray>
    <AttrArray Name="ListDisplayAttrNames">
      <Item Value="AccountName"/>
      <Item Value="AccountCode"/>
    </AttrArray>
    <DisplayCriteria/>
  </ListBinding>
  <ListBinding
    Name="LOV_CreditAccount"
    ListVOName="FinChartOfAccountsView2"
    NullValueFlag="start"
    NullValueId="${adfBundle['oracle.javatools.resourcebundle.SystemBundle']['NULL_VALUE_RESID']}"
    MRUCount="0">
    <AttrArray Name="AttrNames">
      <Item Value="CreditAccount"/>
    </AttrArray>
    <AttrArray Name="AttrExpressions"/>
    <AttrArray Name="ListAttrNames">
      <Item Value="AccountCode"/>
    </AttrArray>
    <AttrArray Name="ListDisplayAttrNames">
      <Item Value="AccountName"/>
      <Item Value="AccountCode"/>
    </AttrArray>
    <DisplayCriteria/>
  </ListBinding>
  <ListBinding
    Name="LOV_TransactionType"
    ListVOName="LookupCode2"
    NullValueFlag="none"
    MRUCount="0">
    <AttrArray Name="AttrNames">
      <Item Value="TransactionType"/>
    </AttrArray>
    <AttrArray Name="AttrExpressions"/>
    <AttrArray Name="ListAttrNames">
      <Item Value="LookupCode"/>
    </AttrArray>
    <AttrArray Name="ListDisplayAttrNames">
      <Item Value="Meaning"/>
    </AttrArray>
    <DisplayCriteria/>
  </ListBinding>
  <EntityUsage
    Name="FinTransactions"
    Entity="erp.model.fin.FinTransactions"/>
  <ViewAttribute
    Name="TransactionId"
    IsNotNull="true"
    PrecisionRule="true"
    EntityAttrName="TransactionId"
    EntityUsage="FinTransactions"
    AliasName="TRANSACTION_ID">
    <Properties>
      <SchemaBasedProperties>
        <LABEL
          ResId="erp.model.fin.FinTransactionsView.TransactionId_LABEL"/>
      </SchemaBasedProperties>
    </Properties>
  </ViewAttribute>
  <ViewAttribute
    Name="TransactionType"
    IsNotNull="true"
    PrecisionRule="true"
    EntityAttrName="TransactionType"
    EntityUsage="FinTransactions"
    AliasName="TRANSACTION_TYPE"
    LOVName="LOV_TransactionType">
    <Properties>
      <SchemaBasedProperties>
        <LABEL
          ResId="erp.model.fin.FinTransactionsView.TransactionType_LABEL"/>
        <CONTROLTYPE
          Value="choice"/>
      </SchemaBasedProperties>
    </Properties>
  </ViewAttribute>
  <ViewAttribute
    Name="PartyId"
    PrecisionRule="true"
    EntityAttrName="PartyId"
    EntityUsage="FinTransactions"
    AliasName="PARTY_ID">
    <Properties>
      <SchemaBasedProperties>
        <LABEL
          ResId="erp.model.fin.FinTransactionsView.PartyId_LABEL"/>
      </SchemaBasedProperties>
    </Properties>
  </ViewAttribute>
  <ViewAttribute
    Name="FiscalType"
    PrecisionRule="true"
    EntityAttrName="FiscalType"
    EntityUsage="FinTransactions"
    AliasName="FISCAL_TYPE">
    <Properties>
      <SchemaBasedProperties>
        <LABEL
          ResId="erp.model.fin.FinTransactionsView.FiscalType_LABEL"/>
      </SchemaBasedProperties>
    </Properties>
  </ViewAttribute>
  <ViewAttribute
    Name="PostedAmountFrom"
    PrecisionRule="true"
    EntityAttrName="PostedAmountFrom"
    EntityUsage="FinTransactions"
    AliasName="POSTED_AMOUNT_FROM">
    <Properties>
      <SchemaBasedProperties>
        <LABEL
          ResId="erp.model.fin.FinTransactionsView.PostedAmountFrom_LABEL"/>
      </SchemaBasedProperties>
    </Properties>
  </ViewAttribute>
  <ViewAttribute
    Name="PostedAmountThru"
    PrecisionRule="true"
    EntityAttrName="PostedAmountThru"
    EntityUsage="FinTransactions"
    AliasName="POSTED_AMOUNT_THRU">
    <Properties>
      <SchemaBasedProperties>
        <LABEL
          ResId="erp.model.fin.FinTransactionsView.PostedAmountThru_LABEL"/>
      </SchemaBasedProperties>
    </Properties>
  </ViewAttribute>
  <ViewAttribute
    Name="IsPosted"
    PrecisionRule="true"
    EntityAttrName="IsPosted"
    EntityUsage="FinTransactions"
    AliasName="IS_POSTED">
    <Properties>
      <SchemaBasedProperties>
        <LABEL
          ResId="erp.model.fin.FinTransactionsView.IsPosted_LABEL"/>
      </SchemaBasedProperties>
    </Properties>
  </ViewAttribute>
  <ViewAttribute
    Name="PostedDate"
    PrecisionRule="true"
    EntityAttrName="PostedDate"
    EntityUsage="FinTransactions"
    AliasName="POSTED_DATE">
    <Properties>
      <SchemaBasedProperties>
        <LABEL
          ResId="erp.model.fin.FinTransactionsView.PostedDate_LABEL"/>
      </SchemaBasedProperties>
    </Properties>
  </ViewAttribute>
  <ViewAttribute
    Name="PostedAmount"
    PrecisionRule="true"
    EntityAttrName="PostedAmount"
    EntityUsage="FinTransactions"
    AliasName="POSTED_AMOUNT">
    <Properties>
      <SchemaBasedProperties>
        <LABEL
          ResId="erp.model.fin.FinTransactionsView.PostedAmount_LABEL"/>
      </SchemaBasedProperties>
    </Properties>
  </ViewAttribute>
  <ViewAttribute
    Name="SchedulePostingDate"
    PrecisionRule="true"
    EntityAttrName="SchedulePostingDate"
    EntityUsage="FinTransactions"
    AliasName="SCHEDULE_POSTING_DATE">
    <Properties>
      <SchemaBasedProperties>
        <LABEL
          ResId="erp.model.fin.FinTransactionsView.SchedulePostingDate_LABEL"/>
      </SchemaBasedProperties>
    </Properties>
  </ViewAttribute>
  <ViewAttribute
    Name="Amount"
    PrecisionRule="true"
    EntityAttrName="Amount"
    EntityUsage="FinTransactions"
    AliasName="AMOUNT">
    <Properties>
      <SchemaBasedProperties>
        <LABEL
          ResId="erp.model.fin.FinTransactionsView.Amount_LABEL"/>
      </SchemaBasedProperties>
    </Properties>
  </ViewAttribute>
  <ViewAttribute
    Name="DebitAccount"
    PrecisionRule="true"
    EntityAttrName="DebitAccount"
    EntityUsage="FinTransactions"
    AliasName="DEBIT_ACCOUNT"
    LOVName="LOV_DebitAccount">
    <Properties>
      <SchemaBasedProperties>
        <LABEL
          ResId="erp.model.fin.FinTransactionsView.DebitAccount_LABEL"/>
        <CONTROLTYPE
          Value="choice"/>
      </SchemaBasedProperties>
    </Properties>
  </ViewAttribute>
  <ViewAttribute
    Name="CreditAccount"
    PrecisionRule="true"
    EntityAttrName="CreditAccount"
    EntityUsage="FinTransactions"
    AliasName="CREDIT_ACCOUNT"
    LOVName="LOV_CreditAccount">
    <Properties>
      <SchemaBasedProperties>
        <LABEL
          ResId="erp.model.fin.FinTransactionsView.CreditAccount_LABEL"/>
        <CONTROLTYPE
          Value="choice"/>
      </SchemaBasedProperties>
    </Properties>
  </ViewAttribute>
  <ViewAttribute
    Name="TransactionDate"
    PrecisionRule="true"
    EntityAttrName="TransactionDate"
    EntityUsage="FinTransactions"
    AliasName="TRANSACTION_DATE">
    <Properties>
      <SchemaBasedProperties>
        <LABEL
          ResId="erp.model.fin.FinTransactionsView.TransactionDate_LABEL"/>
      </SchemaBasedProperties>
    </Properties>
  </ViewAttribute>
  <ViewAttribute
    Name="PaymentId"
    PrecisionRule="true"
    EntityAttrName="PaymentId"
    EntityUsage="FinTransactions"
    AliasName="PAYMENT_ID">
    <Properties>
      <SchemaBasedProperties>
        <LABEL
          ResId="erp.model.fin.FinTransactionsView.PaymentId_LABEL"/>
      </SchemaBasedProperties>
    </Properties>
  </ViewAttribute>
  <ViewAttribute
    Name="ItemCode"
    PrecisionRule="true"
    EntityAttrName="ItemCode"
    EntityUsage="FinTransactions"
    AliasName="ITEM_CODE">
    <Properties>
      <SchemaBasedProperties>
        <LABEL
          ResId="erp.model.fin.FinTransactionsView.ItemCode_LABEL"/>
      </SchemaBasedProperties>
    </Properties>
  </ViewAttribute>
  <ViewAttribute
    Name="InvoiceId"
    PrecisionRule="true"
    EntityAttrName="InvoiceId"
    EntityUsage="FinTransactions"
    AliasName="INVOICE_ID">
    <Properties>
      <SchemaBasedProperties>
        <LABEL
          ResId="erp.model.fin.FinTransactionsView.InvoiceId_LABEL"/>
      </SchemaBasedProperties>
    </Properties>
  </ViewAttribute>
  <ViewAttribute
    Name="TransactionDescription"
    PrecisionRule="true"
    EntityAttrName="TransactionDescription"
    EntityUsage="FinTransactions"
    AliasName="TRANSACTION_DESCRIPTION">
    <Properties>
      <SchemaBasedProperties>
        <LABEL
          ResId="erp.model.fin.FinTransactionsView.TransactionDescription_LABEL"/>
      </SchemaBasedProperties>
    </Properties>
  </ViewAttribute>
  <ViewCriteria
    Name="FinTransactionsViewCriteria"
    ViewObjectName="erp.model.fin.FinTransactionsView"
    Conjunction="AND">
    <Properties Name="_Props">
      <CustomProperties>
        <Property
          Name="autoExecute"
          Value="false"/>
        <Property
          Name="mode"
          Value="Basic"/>
        <Property
          Name="allowConjunctionOverride"
          Value="false"/>
        <Property
          Name="showInList"
          Value="true"/>
        <Property
          Name="displayOperators"
          Value="InAdvancedMode"/>
      </CustomProperties>
    </Properties>
    <ViewCriteriaRow
      Name="FinTransactionsViewCriteria_row_0"
      UpperColumns="1">
      <ViewCriteriaItem
        Name="TransactionId"
        ViewAttribute="TransactionId"
        Operator="="
        Conjunction="AND"
        Required="Optional"/>
      <ViewCriteriaItem
        Name="TransactionType"
        ViewAttribute="TransactionType"
        Operator="="
        Conjunction="AND"
        Required="Optional"/>
      <ViewCriteriaItem
        Name="TransactionDate"
        ViewAttribute="TransactionDate"
        Operator="BETWEEN"
        Conjunction="AND"
        Required="Optional"/>
    </ViewCriteriaRow>
  </ViewCriteria>
  <ResourceBundle>
    <PropertiesBundle
      PropertiesFile="erp.model.SUNWAY_ERP_ModelBundle"/>
  </ResourceBundle>
  <SortCriteria>
    <Sort
      Attribute="TransactionDate"/>
  </SortCriteria>
</ViewObject>
