<?xml version="1.0" encoding="windows-1252" ?>
<!DOCTYPE ViewObject SYSTEM "jbo_03_01.dtd">
<!---->
<ViewObject
  xmlns="http://xmlns.oracle.com/bc4j"
  Name="FinTransactions1View"
  Version="12.2.1.12.24"
  InheritPersonalization="merge"
  SelectListFlags="1"
  FromListFlags="1"
  WhereFlags="1"
  BindingStyle="OracleName"
  CustomQuery="false"
  SelectAllAttributes="false"
  PageIterMode="Full"
  FetchMode="FETCH_AS_NEEDED"
  MaxFetchSize="0">
  <ViewAccessor
    Name="LookupCode1"
    ViewObjectName="erp.model.LookupCode"
    RowLevelBinds="true">
    <ParameterMap>
      <PIMap Variable="BindLookupType">
        <TransientExpression
          trustMode="untrusted"
          Name="ExpressionScript"><![CDATA['TRANSACTION_TYPE']]></TransientExpression>
      </PIMap>
    </ParameterMap>
  </ViewAccessor>
  <ViewAccessor
    Name="FinChartOfAccountsView1"
    ViewObjectName="erp.model.fin.FinChartOfAccountsView"
    RowLevelBinds="true"/>
  <ViewAccessor
    Name="FinChartOfAccountsView2"
    ViewObjectName="erp.model.fin.FinChartOfAccountsView"
    RowLevelBinds="true"/>
  <ViewAccessor
    Name="LookupCode2"
    ViewObjectName="erp.model.LookupCode"
    RowLevelBinds="true">
    <ParameterMap>
      <PIMap Variable="BindLookupType">
        <TransientExpression
          trustMode="untrusted"
          Name="ExpressionScript"><![CDATA['SETTLEMENT_TYPE']]></TransientExpression>
      </PIMap>
    </ParameterMap>
  </ViewAccessor>
  <ListBinding
    Name="LOV_TransactionType"
    ListVOName="LookupCode1"
    NullValueFlag="none"
    MRUCount="0">
    <AttrArray Name="AttrNames">
      <Item Value="TransactionType"/>
    </AttrArray>
    <AttrArray Name="AttrExpressions"/>
    <AttrArray Name="ListAttrNames">
      <Item Value="LookupCode"/>
    </AttrArray>
    <AttrArray Name="ListDisplayAttrNames">
      <Item Value="Meaning"/>
    </AttrArray>
    <DisplayCriteria/>
  </ListBinding>
  <ListBinding
    Name="LOV_CreditAccount"
    ListVOName="FinChartOfAccountsView1"
    NullValueFlag="start"
    NullValueId="${adfBundle['oracle.javatools.resourcebundle.SystemBundle']['NULL_VALUE_RESID']}"
    MRUCount="0">
    <AttrArray Name="AttrNames">
      <Item Value="CreditAccount"/>
    </AttrArray>
    <AttrArray Name="AttrExpressions"/>
    <AttrArray Name="ListAttrNames">
      <Item Value="AccountCode"/>
    </AttrArray>
    <AttrArray Name="ListDisplayAttrNames">
      <Item Value="AccountName"/>
      <Item Value="AccountCode"/>
    </AttrArray>
    <DisplayCriteria/>
  </ListBinding>
  <ListBinding
    Name="LOV_DebitAccount"
    ListVOName="FinChartOfAccountsView2"
    NullValueFlag="start"
    NullValueId="${adfBundle['oracle.javatools.resourcebundle.SystemBundle']['NULL_VALUE_RESID']}"
    MRUCount="0">
    <AttrArray Name="AttrNames">
      <Item Value="DebitAccount"/>
    </AttrArray>
    <AttrArray Name="AttrExpressions"/>
    <AttrArray Name="ListAttrNames">
      <Item Value="AccountCode"/>
    </AttrArray>
    <AttrArray Name="ListDisplayAttrNames">
      <Item Value="AccountName"/>
      <Item Value="AccountCode"/>
    </AttrArray>
    <DisplayCriteria/>
  </ListBinding>
  <ListBinding
    Name="LOV_SettlementType"
    ListVOName="LookupCode2"
    NullValueFlag="start"
    NullValueId="${adfBundle['oracle.javatools.resourcebundle.SystemBundle']['NULL_VALUE_RESID']}"
    MRUCount="0">
    <AttrArray Name="AttrNames">
      <Item Value="SettlementType"/>
    </AttrArray>
    <AttrArray Name="AttrExpressions"/>
    <AttrArray Name="ListAttrNames">
      <Item Value="LookupCode"/>
    </AttrArray>
    <AttrArray Name="ListDisplayAttrNames">
      <Item Value="Meaning"/>
    </AttrArray>
    <DisplayCriteria/>
  </ListBinding>
  <EntityUsage
    Name="FinTransactions1"
    Entity="erp.model.fin.FinTransactions1"/>
  <ViewAttribute
    Name="TransactionId"
    IsNotNull="true"
    PrecisionRule="true"
    EntityAttrName="TransactionId"
    EntityUsage="FinTransactions1"
    AliasName="TRANSACTION_ID">
    <Properties>
      <SchemaBasedProperties>
        <LABEL
          ResId="erp.model.fin.FinTransactions1View.TransactionId_LABEL"/>
      </SchemaBasedProperties>
    </Properties>
  </ViewAttribute>
  <ViewAttribute
    Name="TransactionType"
    IsNotNull="true"
    PrecisionRule="true"
    EntityAttrName="TransactionType"
    EntityUsage="FinTransactions1"
    AliasName="TRANSACTION_TYPE"
    LOVName="LOV_TransactionType">
    <Properties>
      <SchemaBasedProperties>
        <LABEL
          ResId="erp.model.fin.FinTransactions1View.TransactionType_LABEL"/>
        <CONTROLTYPE
          Value="choice"/>
      </SchemaBasedProperties>
    </Properties>
  </ViewAttribute>
  <ViewAttribute
    Name="PartyId"
    PrecisionRule="true"
    EntityAttrName="PartyId"
    EntityUsage="FinTransactions1"
    AliasName="PARTY_ID">
    <Properties>
      <SchemaBasedProperties>
        <LABEL
          ResId="erp.model.fin.FinTransactions1View.PartyId_LABEL"/>
      </SchemaBasedProperties>
    </Properties>
  </ViewAttribute>
  <ViewAttribute
    Name="FiscalType"
    PrecisionRule="true"
    EntityAttrName="FiscalType"
    EntityUsage="FinTransactions1"
    AliasName="FISCAL_TYPE"/>
  <ViewAttribute
    Name="PostedAmountFrom"
    PrecisionRule="true"
    EntityAttrName="PostedAmountFrom"
    EntityUsage="FinTransactions1"
    AliasName="POSTED_AMOUNT_FROM"/>
  <ViewAttribute
    Name="PostedAmountThru"
    PrecisionRule="true"
    EntityAttrName="PostedAmountThru"
    EntityUsage="FinTransactions1"
    AliasName="POSTED_AMOUNT_THRU"/>
  <ViewAttribute
    Name="IsPosted"
    PrecisionRule="true"
    EntityAttrName="IsPosted"
    EntityUsage="FinTransactions1"
    AliasName="IS_POSTED"/>
  <ViewAttribute
    Name="PostedDate"
    PrecisionRule="true"
    EntityAttrName="PostedDate"
    EntityUsage="FinTransactions1"
    AliasName="POSTED_DATE"/>
  <ViewAttribute
    Name="PostedAmount"
    PrecisionRule="true"
    EntityAttrName="PostedAmount"
    EntityUsage="FinTransactions1"
    AliasName="POSTED_AMOUNT"/>
  <ViewAttribute
    Name="SchedulePostingDate"
    PrecisionRule="true"
    EntityAttrName="SchedulePostingDate"
    EntityUsage="FinTransactions1"
    AliasName="SCHEDULE_POSTING_DATE"/>
  <ViewAttribute
    Name="Amount"
    PrecisionRule="true"
    EntityAttrName="Amount"
    EntityUsage="FinTransactions1"
    AliasName="AMOUNT">
    <Properties>
      <SchemaBasedProperties>
        <LABEL
          ResId="erp.model.fin.FinTransactions1View.Amount_LABEL"/>
      </SchemaBasedProperties>
    </Properties>
  </ViewAttribute>
  <ViewAttribute
    Name="DebitAccount"
    PrecisionRule="true"
    EntityAttrName="DebitAccount"
    EntityUsage="FinTransactions1"
    AliasName="DEBIT_ACCOUNT"
    LOVName="LOV_DebitAccount">
    <Properties>
      <SchemaBasedProperties>
        <LABEL
          ResId="erp.model.fin.FinTransactions1View.DebitAccount_LABEL"/>
        <CONTROLTYPE
          Value="choice"/>
      </SchemaBasedProperties>
    </Properties>
  </ViewAttribute>
  <ViewAttribute
    Name="CreditAccount"
    PrecisionRule="true"
    EntityAttrName="CreditAccount"
    EntityUsage="FinTransactions1"
    AliasName="CREDIT_ACCOUNT"
    LOVName="LOV_CreditAccount">
    <Properties>
      <SchemaBasedProperties>
        <LABEL
          ResId="erp.model.fin.FinTransactions1View.CreditAccount_LABEL"/>
        <CONTROLTYPE
          Value="choice"/>
      </SchemaBasedProperties>
    </Properties>
  </ViewAttribute>
  <ViewAttribute
    Name="TransactionDate"
    PrecisionRule="true"
    EntityAttrName="TransactionDate"
    EntityUsage="FinTransactions1"
    AliasName="TRANSACTION_DATE">
    <Properties>
      <SchemaBasedProperties>
        <LABEL
          ResId="erp.model.fin.FinTransactions1View.TransactionDate_LABEL"/>
      </SchemaBasedProperties>
    </Properties>
  </ViewAttribute>
  <ViewAttribute
    Name="PaymentId"
    PrecisionRule="true"
    EntityAttrName="PaymentId"
    EntityUsage="FinTransactions1"
    AliasName="PAYMENT_ID">
    <Properties>
      <SchemaBasedProperties>
        <LABEL
          ResId="erp.model.fin.FinTransactions1View.PaymentId_LABEL"/>
      </SchemaBasedProperties>
    </Properties>
  </ViewAttribute>
  <ViewAttribute
    Name="ItemCode"
    PrecisionRule="true"
    EntityAttrName="ItemCode"
    EntityUsage="FinTransactions1"
    AliasName="ITEM_CODE">
    <Properties>
      <SchemaBasedProperties>
        <LABEL
          ResId="erp.model.fin.FinTransactions1View.ItemCode_LABEL"/>
      </SchemaBasedProperties>
    </Properties>
  </ViewAttribute>
  <ViewAttribute
    Name="InvoiceId"
    PrecisionRule="true"
    EntityAttrName="InvoiceId"
    EntityUsage="FinTransactions1"
    AliasName="INVOICE_ID">
    <Properties>
      <SchemaBasedProperties>
        <LABEL
          ResId="erp.model.fin.FinTransactions1View.InvoiceId_LABEL"/>
      </SchemaBasedProperties>
    </Properties>
  </ViewAttribute>
  <ViewAttribute
    Name="TransactionDescription"
    PrecisionRule="true"
    EntityAttrName="TransactionDescription"
    EntityUsage="FinTransactions1"
    AliasName="TRANSACTION_DESCRIPTION">
    <Properties>
      <SchemaBasedProperties>
        <LABEL
          ResId="erp.model.fin.FinTransactions1View.TransactionDescription_LABEL"/>
      </SchemaBasedProperties>
    </Properties>
  </ViewAttribute>
  <ViewAttribute
    Name="SettlementType"
    PrecisionRule="true"
    EntityAttrName="SettlementType"
    EntityUsage="FinTransactions1"
    AliasName="SETTLEMENT_TYPE"
    LOVName="LOV_SettlementType">
    <Properties>
      <SchemaBasedProperties>
        <CONTROLTYPE
          Value="choice"/>
        <LABEL
          ResId="erp.model.fin.FinTransactions1View.SettlementType_LABEL"/>
      </SchemaBasedProperties>
    </Properties>
  </ViewAttribute>
  <ResourceBundle>
    <PropertiesBundle
      PropertiesFile="erp.model.SUNWAY_ERP_ModelBundle"/>
  </ResourceBundle>
</ViewObject>
