<?xml version="1.0" encoding="windows-1252" ?>
<!DOCTYPE Entity SYSTEM "jbo_03_01.dtd">
<!---->
<Entity
  xmlns="http://xmlns.oracle.com/bc4j"
  Name="FinTransactions"
  Version="12.2.1.12.24"
  InheritPersonalization="merge"
  DBObjectType="table"
  DBObjectName="FIN_TRANSACTIONS"
  AliasName="FinTransactions"
  BindingStyle="OracleName">
  <Attribute
    Name="TransactionId"
    IsNotNull="true"
    Precision="20"
    ColumnName="TRANSACTION_ID"
    SQLType="VARCHAR"
    Type="java.lang.String"
    ColumnType="VARCHAR2"
    TableName="FIN_TRANSACTIONS"
    PrimaryKey="true">
    <DesignTime>
      <Attr Name="_DisplaySize" Value="20"/>
    </DesignTime>
  </Attribute>
  <Attribute
    Name="TransactionType"
    IsNotNull="true"
    Precision="20"
    ColumnName="TRANSACTION_TYPE"
    SQLType="VARCHAR"
    Type="java.lang.String"
    ColumnType="VARCHAR2"
    TableName="FIN_TRANSACTIONS">
    <DesignTime>
      <Attr Name="_DisplaySize" Value="20"/>
    </DesignTime>
  </Attribute>
  <Attribute
    Name="PartyId"
    Precision="20"
    ColumnName="PARTY_ID"
    SQLType="VARCHAR"
    Type="java.lang.String"
    ColumnType="VARCHAR2"
    TableName="FIN_TRANSACTIONS">
    <DesignTime>
      <Attr Name="_DisplaySize" Value="20"/>
    </DesignTime>
  </Attribute>
  <Attribute
    Name="FiscalType"
    Precision="20"
    ColumnName="FISCAL_TYPE"
    SQLType="VARCHAR"
    Type="java.lang.String"
    ColumnType="VARCHAR2"
    TableName="FIN_TRANSACTIONS">
    <DesignTime>
      <Attr Name="_DisplaySize" Value="20"/>
    </DesignTime>
  </Attribute>
  <Attribute
    Name="PostedAmountFrom"
    ColumnName="POSTED_AMOUNT_FROM"
    SQLType="DATE"
    Type="java.sql.Timestamp"
    ColumnType="DATE"
    TableName="FIN_TRANSACTIONS"/>
  <Attribute
    Name="PostedAmountThru"
    ColumnName="POSTED_AMOUNT_THRU"
    SQLType="DATE"
    Type="java.sql.Timestamp"
    ColumnType="DATE"
    TableName="FIN_TRANSACTIONS"/>
  <Attribute
    Name="IsPosted"
    Precision="5"
    ColumnName="IS_POSTED"
    SQLType="VARCHAR"
    Type="java.lang.String"
    ColumnType="VARCHAR2"
    TableName="FIN_TRANSACTIONS">
    <DesignTime>
      <Attr Name="_DisplaySize" Value="5"/>
    </DesignTime>
  </Attribute>
  <Attribute
    Name="PostedDate"
    ColumnName="POSTED_DATE"
    SQLType="DATE"
    Type="java.sql.Timestamp"
    ColumnType="DATE"
    TableName="FIN_TRANSACTIONS"/>
  <Attribute
    Name="PostedAmount"
    ColumnName="POSTED_AMOUNT"
    SQLType="NUMERIC"
    Type="java.math.BigDecimal"
    ColumnType="NUMBER"
    TableName="FIN_TRANSACTIONS"/>
  <Attribute
    Name="SchedulePostingDate"
    ColumnName="SCHEDULE_POSTING_DATE"
    SQLType="DATE"
    Type="java.sql.Timestamp"
    ColumnType="DATE"
    TableName="FIN_TRANSACTIONS"/>
  <Attribute
    Name="Amount"
    ColumnName="AMOUNT"
    SQLType="NUMERIC"
    Type="java.math.BigDecimal"
    ColumnType="NUMBER"
    TableName="FIN_TRANSACTIONS"/>
  <Attribute
    Name="DebitAccount"
    Precision="20"
    ColumnName="DEBIT_ACCOUNT"
    SQLType="VARCHAR"
    Type="java.lang.String"
    ColumnType="VARCHAR2"
    TableName="FIN_TRANSACTIONS">
    <DesignTime>
      <Attr Name="_DisplaySize" Value="20"/>
    </DesignTime>
  </Attribute>
  <Attribute
    Name="CreditAccount"
    Precision="20"
    ColumnName="CREDIT_ACCOUNT"
    SQLType="VARCHAR"
    Type="java.lang.String"
    ColumnType="VARCHAR2"
    TableName="FIN_TRANSACTIONS">
    <DesignTime>
      <Attr Name="_DisplaySize" Value="20"/>
    </DesignTime>
  </Attribute>
  <Attribute
    Name="TransactionDate"
    ColumnName="TRANSACTION_DATE"
    SQLType="DATE"
    Type="java.sql.Timestamp"
    ColumnType="DATE"
    TableName="FIN_TRANSACTIONS"/>
  <Attribute
    Name="PaymentId"
    Precision="20"
    ColumnName="PAYMENT_ID"
    SQLType="VARCHAR"
    Type="java.lang.String"
    ColumnType="VARCHAR2"
    TableName="FIN_TRANSACTIONS">
    <DesignTime>
      <Attr Name="_DisplaySize" Value="20"/>
    </DesignTime>
  </Attribute>
  <Attribute
    Name="ItemCode"
    Precision="32"
    ColumnName="ITEM_CODE"
    SQLType="VARCHAR"
    Type="java.lang.String"
    ColumnType="VARCHAR2"
    TableName="FIN_TRANSACTIONS">
    <DesignTime>
      <Attr Name="_DisplaySize" Value="32"/>
    </DesignTime>
  </Attribute>
  <Attribute
    Name="InvoiceId"
    Precision="20"
    ColumnName="INVOICE_ID"
    SQLType="VARCHAR"
    Type="java.lang.String"
    ColumnType="VARCHAR2"
    TableName="FIN_TRANSACTIONS">
    <DesignTime>
      <Attr Name="_DisplaySize" Value="20"/>
    </DesignTime>
  </Attribute>
  <Attribute
    Name="TransactionDescription"
    Precision="100"
    ColumnName="TRANSACTION_DESCRIPTION"
    SQLType="VARCHAR"
    Type="java.lang.String"
    ColumnType="VARCHAR2"
    TableName="FIN_TRANSACTIONS">
    <DesignTime>
      <Attr Name="_DisplaySize" Value="100"/>
    </DesignTime>
  </Attribute>
  <Key
    Name="TransactionsPk"
    PrimaryKey="true">
    <DesignTime>
      <Attr Name="_DBObjectName" Value="TRANSACTIONS_PK"/>
    </DesignTime>
    <AttrArray Name="Attributes">
      <Item Value="erp.model.fin.FinTransactions.TransactionId"/>
    </AttrArray>
  </Key>
</Entity>
