<?xml version="1.0" encoding="windows-1252" ?>
<!DOCTYPE ViewObject SYSTEM "jbo_03_01.dtd">
<!---->
<ViewObject
  xmlns="http://xmlns.oracle.com/bc4j"
  Name="FinTransactions_Others_ReportsView"
  Version="12.2.1.12.24"
  InheritPersonalization="merge"
  BindingStyle="OracleName"
  CustomQuery="true"
  PageIterMode="Full">
  <DesignTime>
    <Attr Name="_isExpertMode" Value="true"/>
  </DesignTime>
  <ViewAccessor
    Name="LookupCode1"
    ViewObjectName="erp.model.LookupCode"
    RowLevelBinds="true">
    <ParameterMap>
      <PIMap Variable="BindLookupType">
        <TransientExpression
          trustMode="untrusted"
          Name="ExpressionScript"><![CDATA['TRANSACTION_TYPE']]></TransientExpression>
      </PIMap>
    </ParameterMap>
  </ViewAccessor>
  <ListBinding
    Name="LOV_TransactionType"
    ListVOName="LookupCode1"
    NullValueFlag="none"
    MRUCount="0">
    <AttrArray Name="AttrNames">
      <Item Value="TransactionType"/>
    </AttrArray>
    <AttrArray Name="AttrExpressions"/>
    <AttrArray Name="ListAttrNames">
      <Item Value="LookupCode"/>
    </AttrArray>
    <AttrArray Name="ListDisplayAttrNames">
      <Item Value="Meaning"/>
    </AttrArray>
    <DisplayCriteria/>
  </ListBinding>
  <SQLQuery><![CDATA[SELECT FinTransactions.TRANSACTION_ID,            
       FinTransactions.TRANSACTION_TYPE,            
       FinTransactions.PARTY_ID,            
       FinTransactions.FISCAL_TYPE,            
       FinTransactions.POSTED_AMOUNT_FROM,            
       FinTransactions.POSTED_AMOUNT_THRU,            
       FinTransactions.IS_POSTED,            
       FinTransactions.POSTED_DATE,            
       FinTransactions.POSTED_AMOUNT,            
       FinTransactions.SCHEDULE_POSTING_DATE,            
       FinTransactions.AMOUNT,            
       FinTransactions.DEBIT_ACCOUNT,            
       FinTransactions.CREDIT_ACCOUNT,            
       FinTransactions.TRANSACTION_DATE,            
       FinTransactions.PAYMENT_ID,            
       FinTransactions.ITEM_CODE,            
       FinTransactions.INVOICE_ID,            
       FinTransactions.TRANSACTION_DESCRIPTION            
FROM FIN_TRANSACTIONS FinTransactions where FinTransactions.TRANSACTION_TYPE !='cp' AND FinTransactions.TRANSACTION_TYPE !='sp']]></SQLQuery>
  <ViewAttribute
    Name="TransactionId"
    IsUpdateable="false"
    IsPersistent="false"
    IsNotNull="true"
    PrecisionRule="true"
    Precision="20"
    Type="java.lang.String"
    ColumnType="VARCHAR2"
    AliasName="TRANSACTION_ID"
    Expression="TRANSACTION_ID"
    SQLType="VARCHAR">
    <DesignTime>
      <Attr Name="_DisplaySize" Value="20"/>
    </DesignTime>
    <Properties>
      <SchemaBasedProperties>
        <LABEL
          ResId="erp.model.fin.FinTransactions_Others_ReportsView.TransactionId_LABEL"/>
      </SchemaBasedProperties>
    </Properties>
  </ViewAttribute>
  <ViewAttribute
    Name="TransactionType"
    IsUpdateable="false"
    IsPersistent="false"
    IsNotNull="true"
    PrecisionRule="true"
    Precision="20"
    Type="java.lang.String"
    ColumnType="VARCHAR2"
    AliasName="TRANSACTION_TYPE"
    Expression="TRANSACTION_TYPE"
    SQLType="VARCHAR"
    LOVName="LOV_TransactionType">
    <DesignTime>
      <Attr Name="_DisplaySize" Value="20"/>
    </DesignTime>
    <Properties>
      <SchemaBasedProperties>
        <LABEL
          ResId="erp.model.fin.FinTransactions_Others_ReportsView.TransactionType_LABEL"/>
        <CONTROLTYPE
          Value="choice"/>
      </SchemaBasedProperties>
    </Properties>
  </ViewAttribute>
  <ViewAttribute
    Name="PartyId"
    IsUpdateable="false"
    IsPersistent="false"
    PrecisionRule="true"
    Precision="20"
    Type="java.lang.String"
    ColumnType="VARCHAR2"
    AliasName="PARTY_ID"
    Expression="PARTY_ID"
    SQLType="VARCHAR">
    <DesignTime>
      <Attr Name="_DisplaySize" Value="20"/>
    </DesignTime>
  </ViewAttribute>
  <ViewAttribute
    Name="FiscalType"
    IsUpdateable="false"
    IsPersistent="false"
    PrecisionRule="true"
    Precision="20"
    Type="java.lang.String"
    ColumnType="VARCHAR2"
    AliasName="FISCAL_TYPE"
    Expression="FISCAL_TYPE"
    SQLType="VARCHAR">
    <DesignTime>
      <Attr Name="_DisplaySize" Value="20"/>
    </DesignTime>
  </ViewAttribute>
  <ViewAttribute
    Name="PostedAmountFrom"
    IsUpdateable="false"
    IsPersistent="false"
    PrecisionRule="true"
    Type="java.sql.Timestamp"
    ColumnType="DATE"
    AliasName="POSTED_AMOUNT_FROM"
    Expression="POSTED_AMOUNT_FROM"
    SQLType="DATE"/>
  <ViewAttribute
    Name="PostedAmountThru"
    IsUpdateable="false"
    IsPersistent="false"
    PrecisionRule="true"
    Type="java.sql.Timestamp"
    ColumnType="DATE"
    AliasName="POSTED_AMOUNT_THRU"
    Expression="POSTED_AMOUNT_THRU"
    SQLType="DATE"/>
  <ViewAttribute
    Name="IsPosted"
    IsUpdateable="false"
    IsPersistent="false"
    PrecisionRule="true"
    Precision="5"
    Type="java.lang.String"
    ColumnType="VARCHAR2"
    AliasName="IS_POSTED"
    Expression="IS_POSTED"
    SQLType="VARCHAR">
    <DesignTime>
      <Attr Name="_DisplaySize" Value="5"/>
    </DesignTime>
  </ViewAttribute>
  <ViewAttribute
    Name="PostedDate"
    IsUpdateable="false"
    IsPersistent="false"
    PrecisionRule="true"
    Type="java.sql.Timestamp"
    ColumnType="DATE"
    AliasName="POSTED_DATE"
    Expression="POSTED_DATE"
    SQLType="DATE"/>
  <ViewAttribute
    Name="PostedAmount"
    IsUpdateable="false"
    IsPersistent="false"
    PrecisionRule="true"
    Type="java.math.BigDecimal"
    ColumnType="NUMBER"
    AliasName="POSTED_AMOUNT"
    Expression="POSTED_AMOUNT"
    SQLType="NUMERIC"/>
  <ViewAttribute
    Name="SchedulePostingDate"
    IsUpdateable="false"
    IsPersistent="false"
    PrecisionRule="true"
    Type="java.sql.Timestamp"
    ColumnType="DATE"
    AliasName="SCHEDULE_POSTING_DATE"
    Expression="SCHEDULE_POSTING_DATE"
    SQLType="DATE"/>
  <ViewAttribute
    Name="Amount"
    IsUpdateable="false"
    IsPersistent="false"
    PrecisionRule="true"
    Type="java.math.BigDecimal"
    ColumnType="NUMBER"
    AliasName="AMOUNT"
    Expression="AMOUNT"
    SQLType="NUMERIC">
    <Properties>
      <SchemaBasedProperties>
        <LABEL
          ResId="erp.model.fin.FinTransactions_Others_ReportsView.Amount_LABEL"/>
      </SchemaBasedProperties>
    </Properties>
  </ViewAttribute>
  <ViewAttribute
    Name="DebitAccount"
    IsUpdateable="false"
    IsPersistent="false"
    PrecisionRule="true"
    Precision="20"
    Type="java.lang.String"
    ColumnType="VARCHAR2"
    AliasName="DEBIT_ACCOUNT"
    Expression="DEBIT_ACCOUNT"
    SQLType="VARCHAR">
    <DesignTime>
      <Attr Name="_DisplaySize" Value="20"/>
    </DesignTime>
    <Properties>
      <SchemaBasedProperties>
        <LABEL
          ResId="erp.model.fin.FinTransactions_Others_ReportsView.DebitAccount_LABEL"/>
      </SchemaBasedProperties>
    </Properties>
  </ViewAttribute>
  <ViewAttribute
    Name="CreditAccount"
    IsUpdateable="false"
    IsPersistent="false"
    PrecisionRule="true"
    Precision="20"
    Type="java.lang.String"
    ColumnType="VARCHAR2"
    AliasName="CREDIT_ACCOUNT"
    Expression="CREDIT_ACCOUNT"
    SQLType="VARCHAR">
    <DesignTime>
      <Attr Name="_DisplaySize" Value="20"/>
    </DesignTime>
    <Properties>
      <SchemaBasedProperties>
        <LABEL
          ResId="erp.model.fin.FinTransactions_Others_ReportsView.CreditAccount_LABEL"/>
      </SchemaBasedProperties>
    </Properties>
  </ViewAttribute>
  <ViewAttribute
    Name="TransactionDate"
    IsUpdateable="false"
    IsPersistent="false"
    PrecisionRule="true"
    Type="java.sql.Timestamp"
    ColumnType="DATE"
    AliasName="TRANSACTION_DATE"
    Expression="TRANSACTION_DATE"
    SQLType="DATE">
    <Properties>
      <SchemaBasedProperties>
        <LABEL
          ResId="erp.model.fin.FinTransactions_Others_ReportsView.TransactionDate_LABEL"/>
      </SchemaBasedProperties>
    </Properties>
  </ViewAttribute>
  <ViewAttribute
    Name="PaymentId"
    IsUpdateable="false"
    IsPersistent="false"
    PrecisionRule="true"
    Precision="20"
    Type="java.lang.String"
    ColumnType="VARCHAR2"
    AliasName="PAYMENT_ID"
    Expression="PAYMENT_ID"
    SQLType="VARCHAR">
    <DesignTime>
      <Attr Name="_DisplaySize" Value="20"/>
    </DesignTime>
    <Properties>
      <SchemaBasedProperties>
        <LABEL
          ResId="erp.model.fin.FinTransactions_Others_ReportsView.PaymentId_LABEL"/>
      </SchemaBasedProperties>
    </Properties>
  </ViewAttribute>
  <ViewAttribute
    Name="ItemCode"
    IsUpdateable="false"
    IsPersistent="false"
    PrecisionRule="true"
    Precision="32"
    Type="java.lang.String"
    ColumnType="VARCHAR2"
    AliasName="ITEM_CODE"
    Expression="ITEM_CODE"
    SQLType="VARCHAR">
    <DesignTime>
      <Attr Name="_DisplaySize" Value="32"/>
    </DesignTime>
  </ViewAttribute>
  <ViewAttribute
    Name="InvoiceId"
    IsUpdateable="false"
    IsPersistent="false"
    PrecisionRule="true"
    Precision="20"
    Type="java.lang.String"
    ColumnType="VARCHAR2"
    AliasName="INVOICE_ID"
    Expression="INVOICE_ID"
    SQLType="VARCHAR">
    <DesignTime>
      <Attr Name="_DisplaySize" Value="20"/>
    </DesignTime>
    <Properties>
      <SchemaBasedProperties>
        <LABEL
          ResId="erp.model.fin.FinTransactions_Others_ReportsView.InvoiceId_LABEL"/>
      </SchemaBasedProperties>
    </Properties>
  </ViewAttribute>
  <ViewAttribute
    Name="TransactionDescription"
    IsUpdateable="false"
    IsPersistent="false"
    PrecisionRule="true"
    Precision="100"
    Type="java.lang.String"
    ColumnType="VARCHAR2"
    AliasName="TRANSACTION_DESCRIPTION"
    Expression="TRANSACTION_DESCRIPTION"
    SQLType="VARCHAR">
    <DesignTime>
      <Attr Name="_DisplaySize" Value="100"/>
    </DesignTime>
    <Properties>
      <SchemaBasedProperties>
        <LABEL
          ResId="erp.model.fin.FinTransactions_Others_ReportsView.TransactionDescription_LABEL"/>
      </SchemaBasedProperties>
    </Properties>
  </ViewAttribute>
  <AttrArray Name="KeyAttributes">
    <Item Value="TransactionId"/>
  </AttrArray>
  <ResourceBundle>
    <PropertiesBundle
      PropertiesFile="erp.model.SUNWAY_ERP_ModelBundle"/>
  </ResourceBundle>
</ViewObject>
