<?xml version="1.0" encoding="windows-1252" ?>
<!DOCTYPE Entity SYSTEM "jbo_03_01.dtd">
<!---->
<Entity
  xmlns="http://xmlns.oracle.com/bc4j"
  Name="FinVenPayments"
  Version="12.2.1.12.24"
  InheritPersonalization="merge"
  DBObjectType="table"
  DBObjectName="FIN_VEN_PAYMENTS"
  AliasName="FinVenPayments"
  BindingStyle="OracleName">
  <Attribute
    Name="OrderNo"
    ColumnName="ORDER_NO"
    SQLType="NUMERIC"
    Type="java.math.BigDecimal"
    ColumnType="NUMBER"
    TableName="FIN_VEN_PAYMENTS"/>
  <Attribute
    Name="PaymentCode"
    ColumnName="PAYMENT_CODE"
    SQLType="NUMERIC"
    Type="oracle.jbo.domain.DBSequence"
    ColumnType="NUMBER"
    TableName="FIN_VEN_PAYMENTS"
    PrimaryKey="true"
    IsUpdateable="while_insert"
    DefaultValue="@0"
    Domain="oracle.jbo.domain.DBSequence"
    RetrievedOnInsert="true"/>
  <Attribute
    Name="PaymentType"
    Precision="20"
    ColumnName="PAYMENT_TYPE"
    SQLType="VARCHAR"
    Type="java.lang.String"
    ColumnType="VARCHAR2"
    TableName="FIN_VEN_PAYMENTS">
    <DesignTime>
      <Attr Name="_DisplaySize" Value="20"/>
    </DesignTime>
  </Attribute>
  <Attribute
    Name="Amount"
    ColumnName="AMOUNT"
    SQLType="NUMERIC"
    Type="java.math.BigDecimal"
    ColumnType="NUMBER"
    TableName="FIN_VEN_PAYMENTS"/>
  <Attribute
    Name="PaymentDate"
    ColumnName="PAYMENT_DATE"
    SQLType="DATE"
    Type="java.sql.Timestamp"
    ColumnType="DATE"
    TableName="FIN_VEN_PAYMENTS"/>
  <Attribute
    Name="EffectiveDate"
    ColumnName="EFFECTIVE_DATE"
    SQLType="DATE"
    Type="java.sql.Timestamp"
    ColumnType="DATE"
    TableName="FIN_VEN_PAYMENTS"/>
  <Attribute
    Name="PaymentStatus"
    Precision="20"
    ColumnName="PAYMENT_STATUS"
    SQLType="VARCHAR"
    Type="java.lang.String"
    ColumnType="VARCHAR2"
    TableName="FIN_VEN_PAYMENTS">
    <DesignTime>
      <Attr Name="_DisplaySize" Value="20"/>
    </DesignTime>
  </Attribute>
  <Attribute
    Name="NotesRemarks"
    Precision="1000"
    ColumnName="NOTES_REMARKS"
    SQLType="VARCHAR"
    Type="java.lang.String"
    ColumnType="VARCHAR2"
    TableName="FIN_VEN_PAYMENTS">
    <DesignTime>
      <Attr Name="_DisplaySize" Value="1000"/>
    </DesignTime>
  </Attribute>
  <Attribute
    Name="CheckReference"
    Precision="20"
    ColumnName="CHECK_REFERENCE"
    SQLType="VARCHAR"
    Type="java.lang.String"
    ColumnType="VARCHAR2"
    TableName="FIN_VEN_PAYMENTS">
    <DesignTime>
      <Attr Name="_DisplaySize" Value="20"/>
    </DesignTime>
  </Attribute>
  <Attribute
    Name="Outstanding"
    ColumnName="OUTSTANDING"
    SQLType="NUMERIC"
    Type="java.math.BigDecimal"
    ColumnType="NUMBER"
    TableName="FIN_VEN_PAYMENTS"/>
  <Attribute
    Name="PaymentMethod"
    Precision="20"
    ColumnName="PAYMENT_METHOD"
    SQLType="VARCHAR"
    Type="java.lang.String"
    ColumnType="VARCHAR2"
    TableName="FIN_VEN_PAYMENTS">
    <DesignTime>
      <Attr Name="_DisplaySize" Value="20"/>
    </DesignTime>
  </Attribute>
  <Attribute
    Name="Paytoparty"
    Precision="20"
    ColumnName="PAYTOPARTY"
    SQLType="VARCHAR"
    Type="java.lang.String"
    ColumnType="VARCHAR2"
    TableName="FIN_VEN_PAYMENTS">
    <DesignTime>
      <Attr Name="_DisplaySize" Value="20"/>
    </DesignTime>
  </Attribute>
  <Key
    Name="FinVenPaymentsPk"
    PrimaryKey="true">
    <DesignTime>
      <Attr Name="_DBObjectName" Value="FIN_VEN_PAYMENTS_PK"/>
    </DesignTime>
    <AttrArray Name="Attributes">
      <Item Value="erp.model.fin.FinVenPayments.PaymentCode"/>
    </AttrArray>
  </Key>
  <Key
    Name="FinVenPaymentsFk1">
    <DesignTime>
      <Attr Name="_isCascadeDelete" Value="true"/>
      <Attr Name="_referencedKey" Value="INV_ORDERS_PK"/>
      <Attr Name="_isForeign" Value="true"/>
      <Attr Name="_DBObjectName" Value="FIN_VEN_PAYMENTS_FK1"/>
    </DesignTime>
    <AttrArray Name="Attributes">
      <Item Value="erp.model.fin.FinVenPayments.OrderNo"/>
    </AttrArray>
  </Key>
</Entity>
