<?xml version="1.0" encoding="windows-1252" ?>
<!DOCTYPE ViewObject SYSTEM "jbo_03_01.dtd">
<!---->
<ViewObject
  xmlns="http://xmlns.oracle.com/bc4j"
  Name="FinVenPaymentsView"
  Version="12.2.1.12.24"
  InheritPersonalization="merge"
  SelectListFlags="1"
  FromListFlags="1"
  WhereFlags="1"
  BindingStyle="OracleName"
  CustomQuery="false"
  SelectAllAttributes="false"
  PageIterMode="Full">
  <ViewAccessor
    Name="LookupCode1"
    ViewObjectName="erp.model.LookupCode"
    RowLevelBinds="true">
    <ParameterMap>
      <PIMap Variable="BindLookupType">
        <TransientExpression
          trustMode="untrusted"
          Name="ExpressionScript"><![CDATA['PAYMENT_TYPE']]></TransientExpression>
      </PIMap>
    </ParameterMap>
  </ViewAccessor>
  <ViewAccessor
    Name="LookupCode2"
    ViewObjectName="erp.model.LookupCode"
    RowLevelBinds="true">
    <ParameterMap>
      <PIMap Variable="BindLookupType">
        <TransientExpression
          trustMode="untrusted"
          Name="ExpressionScript"><![CDATA['PAYMENT_METHOD']]></TransientExpression>
      </PIMap>
    </ParameterMap>
  </ViewAccessor>
  <ViewAccessor
    Name="LookupCode3"
    ViewObjectName="erp.model.LookupCode"
    RowLevelBinds="true">
    <ParameterMap>
      <PIMap Variable="BindLookupType">
        <TransientExpression
          trustMode="untrusted"
          Name="ExpressionScript"><![CDATA['PAYMENT_STATUS']]></TransientExpression>
      </PIMap>
    </ParameterMap>
  </ViewAccessor>
  <ListBinding
    Name="LOV_PaymentStatus"
    ListVOName="LookupCode3"
    NullValueFlag="start"
    NullValueId="${adfBundle['oracle.javatools.resourcebundle.SystemBundle']['NULL_VALUE_RESID']}"
    MRUCount="0">
    <AttrArray Name="AttrNames">
      <Item Value="PaymentStatus"/>
    </AttrArray>
    <AttrArray Name="AttrExpressions"/>
    <AttrArray Name="ListAttrNames">
      <Item Value="LookupCode"/>
    </AttrArray>
    <AttrArray Name="ListDisplayAttrNames">
      <Item Value="Meaning"/>
    </AttrArray>
    <DisplayCriteria/>
  </ListBinding>
  <ListBinding
    Name="LOV_PaymentType"
    ListVOName="LookupCode1"
    NullValueFlag="start"
    NullValueId="${adfBundle['oracle.javatools.resourcebundle.SystemBundle']['NULL_VALUE_RESID']}"
    MRUCount="0">
    <AttrArray Name="AttrNames">
      <Item Value="PaymentType"/>
    </AttrArray>
    <AttrArray Name="AttrExpressions"/>
    <AttrArray Name="ListAttrNames">
      <Item Value="LookupCode"/>
    </AttrArray>
    <AttrArray Name="ListDisplayAttrNames">
      <Item Value="Meaning"/>
    </AttrArray>
    <DisplayCriteria/>
  </ListBinding>
  <ListBinding
    Name="LOV_PaymentMethod"
    ListVOName="LookupCode2"
    NullValueFlag="start"
    NullValueId="${adfBundle['oracle.javatools.resourcebundle.SystemBundle']['NULL_VALUE_RESID']}"
    MRUCount="0">
    <AttrArray Name="AttrNames">
      <Item Value="PaymentMethod"/>
    </AttrArray>
    <AttrArray Name="AttrExpressions"/>
    <AttrArray Name="ListAttrNames">
      <Item Value="LookupCode"/>
    </AttrArray>
    <AttrArray Name="ListDisplayAttrNames">
      <Item Value="Meaning"/>
    </AttrArray>
    <DisplayCriteria/>
  </ListBinding>
  <EntityUsage
    Name="FinVenPayments"
    Entity="erp.model.fin.FinVenPayments"/>
  <ViewAttribute
    Name="OrderNo"
    PrecisionRule="true"
    EntityAttrName="OrderNo"
    EntityUsage="FinVenPayments"
    AliasName="ORDER_NO">
    <Properties>
      <SchemaBasedProperties>
        <LABEL
          ResId="erp.model.fin.FinVenPaymentsView.OrderNo_LABEL"/>
      </SchemaBasedProperties>
    </Properties>
  </ViewAttribute>
  <ViewAttribute
    Name="PaymentCode"
    IsNotNull="true"
    PrecisionRule="true"
    EntityAttrName="PaymentCode"
    EntityUsage="FinVenPayments"
    AliasName="PAYMENT_CODE"
    IsUpdateable="while_insert">
    <Properties>
      <SchemaBasedProperties>
        <LABEL
          ResId="erp.model.fin.FinVenPaymentsView.PaymentCode_LABEL"/>
      </SchemaBasedProperties>
    </Properties>
  </ViewAttribute>
  <ViewAttribute
    Name="PaymentType"
    PrecisionRule="true"
    EntityAttrName="PaymentType"
    EntityUsage="FinVenPayments"
    AliasName="PAYMENT_TYPE"
    LOVName="LOV_PaymentType">
    <Properties>
      <SchemaBasedProperties>
        <LABEL
          ResId="erp.model.fin.FinVenPaymentsView.PaymentType_LABEL"/>
        <CONTROLTYPE
          Value="choice"/>
      </SchemaBasedProperties>
    </Properties>
  </ViewAttribute>
  <ViewAttribute
    Name="Amount"
    PrecisionRule="true"
    EntityAttrName="Amount"
    EntityUsage="FinVenPayments"
    AliasName="AMOUNT">
    <Properties>
      <SchemaBasedProperties>
        <LABEL
          ResId="erp.model.fin.FinVenPaymentsView.Amount_LABEL"/>
      </SchemaBasedProperties>
    </Properties>
  </ViewAttribute>
  <ViewAttribute
    Name="PaymentDate"
    PrecisionRule="true"
    EntityAttrName="PaymentDate"
    EntityUsage="FinVenPayments"
    AliasName="PAYMENT_DATE">
    <Properties>
      <SchemaBasedProperties>
        <LABEL
          ResId="erp.model.fin.FinVenPaymentsView.PaymentDate_LABEL"/>
      </SchemaBasedProperties>
    </Properties>
  </ViewAttribute>
  <ViewAttribute
    Name="EffectiveDate1"
    PrecisionRule="true"
    EntityAttrName="EffectiveDate"
    EntityUsage="FinVenPayments"
    AliasName="EFFECTIVE_DATE">
    <Properties>
      <SchemaBasedProperties>
        <LABEL
          ResId="erp.model.fin.FinVenPaymentsView.EffectiveDate1_LABEL"/>
      </SchemaBasedProperties>
    </Properties>
  </ViewAttribute>
  <ViewAttribute
    Name="PaymentStatus"
    PrecisionRule="true"
    EntityAttrName="PaymentStatus"
    EntityUsage="FinVenPayments"
    AliasName="PAYMENT_STATUS"
    LOVName="LOV_PaymentStatus">
    <Properties>
      <SchemaBasedProperties>
        <LABEL
          ResId="erp.model.fin.FinVenPaymentsView.PaymentStatus_LABEL"/>
        <CONTROLTYPE
          Value="choice"/>
      </SchemaBasedProperties>
    </Properties>
  </ViewAttribute>
  <ViewAttribute
    Name="NotesRemarks"
    PrecisionRule="true"
    EntityAttrName="NotesRemarks"
    EntityUsage="FinVenPayments"
    AliasName="NOTES_REMARKS">
    <Properties>
      <SchemaBasedProperties>
        <LABEL
          ResId="erp.model.fin.FinVenPaymentsView.NotesRemarks_LABEL"/>
      </SchemaBasedProperties>
    </Properties>
  </ViewAttribute>
  <ViewAttribute
    Name="CheckReference"
    PrecisionRule="true"
    EntityAttrName="CheckReference"
    EntityUsage="FinVenPayments"
    AliasName="CHECK_REFERENCE">
    <Properties>
      <SchemaBasedProperties>
        <LABEL
          ResId="erp.model.fin.FinVenPaymentsView.CheckReference_LABEL"/>
      </SchemaBasedProperties>
    </Properties>
  </ViewAttribute>
  <ViewAttribute
    Name="Outstanding"
    PrecisionRule="true"
    EntityAttrName="Outstanding"
    EntityUsage="FinVenPayments"
    AliasName="OUTSTANDING">
    <Properties>
      <SchemaBasedProperties>
        <LABEL
          ResId="erp.model.fin.FinVenPaymentsView.Outstanding_LABEL"/>
      </SchemaBasedProperties>
    </Properties>
  </ViewAttribute>
  <ViewAttribute
    Name="PaymentMethod"
    PrecisionRule="true"
    EntityAttrName="PaymentMethod"
    EntityUsage="FinVenPayments"
    AliasName="PAYMENT_METHOD"
    LOVName="LOV_PaymentMethod">
    <Properties>
      <SchemaBasedProperties>
        <LABEL
          ResId="erp.model.fin.FinVenPaymentsView.PaymentMethod_LABEL"/>
        <CONTROLTYPE
          Value="choice"/>
      </SchemaBasedProperties>
    </Properties>
  </ViewAttribute>
  <ViewAttribute
    Name="Paytoparty"
    PrecisionRule="true"
    EntityAttrName="Paytoparty"
    EntityUsage="FinVenPayments"
    AliasName="PAYTOPARTY">
    <Properties>
      <SchemaBasedProperties>
        <LABEL
          ResId="erp.model.fin.FinVenPaymentsView.Paytoparty_LABEL"/>
      </SchemaBasedProperties>
    </Properties>
  </ViewAttribute>
  <ResourceBundle>
    <PropertiesBundle
      PropertiesFile="erp.model.SUNWAY_ERP_ModelBundle"/>
  </ResourceBundle>
</ViewObject>
