<?xml version="1.0" encoding="windows-1252" ?>
<!DOCTYPE Entity SYSTEM "jbo_03_01.dtd">
<!---->
<Entity
  xmlns="http://xmlns.oracle.com/bc4j"
  Name="HrCompanyPayroll"
  Version="12.2.1.12.24"
  InheritPersonalization="merge"
  DBObjectType="table"
  DBObjectName="HR_COMPANY_PAYROLL"
  AliasName="HrCompanyPayroll"
  BindingStyle="OracleName">
  <Attribute
    Name="PayrollCode"
    IsNotNull="true"
    Precision="20"
    ColumnName="PAYROLL_CODE"
    SQLType="VARCHAR"
    Type="java.lang.String"
    ColumnType="VARCHAR2"
    TableName="HR_COMPANY_PAYROLL"
    PrimaryKey="true">
    <DesignTime>
      <Attr Name="_DisplaySize" Value="20"/>
    </DesignTime>
  </Attribute>
  <Attribute
    Name="PayStart"
    ColumnName="PAY_START"
    SQLType="DATE"
    Type="java.sql.Timestamp"
    ColumnType="DATE"
    TableName="HR_COMPANY_PAYROLL"/>
  <Attribute
    Name="PayEnd"
    ColumnName="PAY_END"
    SQLType="DATE"
    Type="java.sql.Timestamp"
    ColumnType="DATE"
    TableName="HR_COMPANY_PAYROLL"/>
  <Attribute
    Name="WorkPeriod"
    ColumnName="WORK_PERIOD"
    SQLType="NUMERIC"
    Type="java.math.BigDecimal"
    ColumnType="NUMBER"
    TableName="HR_COMPANY_PAYROLL"/>
  <Attribute
    Name="Netpay"
    ColumnName="NETPAY"
    SQLType="NUMERIC"
    Type="java.math.BigDecimal"
    ColumnType="NUMBER"
    TableName="HR_COMPANY_PAYROLL"/>
  <Attribute
    Name="EmployeeNo"
    IsNotNull="true"
    Precision="38"
    Scale="0"
    ColumnName="EMPLOYEE_NO"
    SQLType="NUMERIC"
    Type="java.math.BigInteger"
    ColumnType="NUMBER"
    TableName="HR_COMPANY_PAYROLL"
    PrimaryKey="true"/>
  <Attribute
    Name="Payday"
    ColumnName="PAYDAY"
    SQLType="DATE"
    Type="java.sql.Timestamp"
    ColumnType="DATE"
    TableName="HR_COMPANY_PAYROLL"/>
  <Attribute
    Name="Bankname"
    Precision="20"
    ColumnName="BANKNAME"
    SQLType="VARCHAR"
    Type="java.lang.String"
    ColumnType="VARCHAR2"
    TableName="HR_COMPANY_PAYROLL">
    <DesignTime>
      <Attr Name="_DisplaySize" Value="20"/>
    </DesignTime>
  </Attribute>
  <Attribute
    Name="DebitAccountNo"
    Precision="20"
    ColumnName="DEBIT_ACCOUNT_NO"
    SQLType="VARCHAR"
    Type="java.lang.String"
    ColumnType="VARCHAR2"
    TableName="HR_COMPANY_PAYROLL">
    <DesignTime>
      <Attr Name="_DisplaySize" Value="20"/>
    </DesignTime>
  </Attribute>
  <Attribute
    Name="Firstname"
    Precision="20"
    ColumnName="FIRSTNAME"
    SQLType="VARCHAR"
    Type="java.lang.String"
    ColumnType="VARCHAR2"
    TableName="HR_COMPANY_PAYROLL">
    <DesignTime>
      <Attr Name="_DisplaySize" Value="20"/>
    </DesignTime>
  </Attribute>
  <Attribute
    Name="Lastname"
    Precision="20"
    ColumnName="LASTNAME"
    SQLType="VARCHAR"
    Type="java.lang.String"
    ColumnType="VARCHAR2"
    TableName="HR_COMPANY_PAYROLL">
    <DesignTime>
      <Attr Name="_DisplaySize" Value="20"/>
    </DesignTime>
  </Attribute>
  <Attribute
    Name="NotesRemarks"
    Precision="1000"
    ColumnName="NOTES_REMARKS"
    SQLType="VARCHAR"
    Type="java.lang.String"
    ColumnType="VARCHAR2"
    TableName="HR_COMPANY_PAYROLL">
    <DesignTime>
      <Attr Name="_DisplaySize" Value="1000"/>
    </DesignTime>
  </Attribute>
  <Attribute
    Name="CreditAccount"
    Precision="20"
    ColumnName="CREDIT_ACCOUNT"
    SQLType="VARCHAR"
    Type="java.lang.String"
    ColumnType="VARCHAR2"
    TableName="HR_COMPANY_PAYROLL">
    <DesignTime>
      <Attr Name="_DisplaySize" Value="20"/>
    </DesignTime>
  </Attribute>
  <Attribute
    Name="TotalSalary"
    Precision="20"
    ColumnName="TOTAL_SALARY"
    SQLType="VARCHAR"
    Type="java.lang.String"
    ColumnType="VARCHAR2"
    TableName="HR_COMPANY_PAYROLL">
    <DesignTime>
      <Attr Name="_DisplaySize" Value="20"/>
    </DesignTime>
  </Attribute>
  <Attribute
    Name="CrNo"
    IsNotNull="true"
    ColumnName="CR_NO"
    SQLType="NUMERIC"
    Type="java.math.BigDecimal"
    ColumnType="NUMBER"
    TableName="HR_COMPANY_PAYROLL"
    PrimaryKey="true"/>
  <Key
    Name="SalaryPaymentPk"
    PrimaryKey="true">
    <DesignTime>
      <Attr Name="_DBObjectName" Value="SALARY_PAYMENT_PK"/>
    </DesignTime>
    <AttrArray Name="Attributes">
      <Item Value="erp.model.fin.HrCompanyPayroll.PayrollCode"/>
      <Item Value="erp.model.fin.HrCompanyPayroll.CrNo"/>
      <Item Value="erp.model.fin.HrCompanyPayroll.EmployeeNo"/>
    </AttrArray>
  </Key>
  <Key
    Name="HrEmplSalaryPaymentFk1">
    <DesignTime>
      <Attr Name="_isCascadeDelete" Value="true"/>
      <Attr Name="_referencedKey" Value="COMPANY_INFO_PK"/>
      <Attr Name="_isForeign" Value="true"/>
      <Attr Name="_DBObjectName" Value="HR_EMPL_SALARY_PAYMENT_FK1"/>
    </DesignTime>
    <AttrArray Name="Attributes">
      <Item Value="erp.model.fin.HrCompanyPayroll.CrNo"/>
    </AttrArray>
  </Key>
</Entity>
