<?xml version="1.0" encoding="windows-1252" ?>
<!DOCTYPE ViewObject SYSTEM "jbo_03_01.dtd">
<!---->
<ViewObject
  xmlns="http://xmlns.oracle.com/bc4j"
  Name="HrCompanyPayrollView"
  Version="12.2.1.12.24"
  InheritPersonalization="merge"
  BindingStyle="OracleName"
  CustomQuery="true"
  PageIterMode="Full">
  <DesignTime>
    <Attr Name="_isExpertMode" Value="true"/>
  </DesignTime>
  <SQLQuery><![CDATA[SELECT HrCompanyPayroll.PAYROLL_CODE,                                                                         
       HrCompanyPayroll.PAY_START,                                                                         
       HrCompanyPayroll.PAY_END,                                                                         
       HrCompanyPayroll.WORK_PERIOD,                                                                         
       HrCompanyPayroll.NETPAY,                                                                         
       HrCompanyPayroll.EMPLOYEE_NO,                                                                         
       HrCompanyPayroll.PAYDAY,                                                                         
       HrCompanyPayroll.BANKNAME,                                                                         
       HrCompanyPayroll.DEBIT_ACCOUNT_NO,                                                                         
       HrCompanyPayroll.FIRSTNAME,                                                                         
       HrCompanyPayroll.LASTNAME,                                                                         
       HrCompanyPayroll.NOTES_REMARKS,                                                                         
       HrCompanyPayroll.CREDIT_ACCOUNT,                                                                         
       HrCompanyPayroll.TOTAL_SALARY,                                                                         
       HrCompanyPayroll.CR_NO  ,                                                                   
    HrEmplInfo.FIRST_NAME,                                                                  
    HrEmplInfo.LAST_NAME,                                                         
    HrEmplBankInfo.ACCOUNT_NO ,                                           
    HrEmplBankInfo.BANK_NAME ,FinSetUp.ID,HrEmplComp.GROSSPAY   ,                                
   (SELECT     SUM(HrEmplCom.GROSSPAY) AS TOTAL_GROSS_PAY              
   FROM                         
HR_EMPL_COMPENSATION HrEmplCom      
JOIN  HR_EMPL_INFO HrEmplInfo   ON    HrEmplCom.EMPLOYEE_NO = HrEmplInfo.EMPLOYEE_NO                            
JOIN HR_COMPANY_PAYROLL HrCompanyPayrol  ON  HrCompanyPayrol.EMPLOYEE_NO = HrEmplInfo.EMPLOYEE_NO         
JOIN FIN_PAYROLL_SETUP FinSetUp ON FinSetUp.PAYROLL_CODE=HrCompanyPayrol.PAYROLL_CODE       
WHERE  FinSetUp.ID=(select max(FinSetUp.ID) FROM FIN_PAYROLL_SETUP FinSetUp  )         
)  AS TOTAL_SALARY                      
                                                              
FROM  HR_COMPANY_PAYROLL HrCompanyPayroll                                                               
JOIN  HR_EMPL_INFO HrEmplInfo   ON    HrCompanyPayroll.EMPLOYEE_NO = HrEmplInfo.EMPLOYEE_NO                                                           
JOIN HR_EMPL_BANK_INFO HrEmplBankInfo ON  HrEmplBankInfo.EMPLOYEE_NO=  HrEmplInfo.EMPLOYEE_NO                                          
JOIN FIN_PAYROLL_SETUP FinSetUp ON FinSetUp.PAYROLL_CODE=HrCompanyPayroll.PAYROLL_CODE                                        
JOIN HR_EMPL_COMPENSATION HrEmplComp ON HrEmplComp.EMPLOYEE_NO= HrEmplInfo.EMPLOYEE_NO                                    
WHERE  FinSetUp.ID=(select max(FinSetUp.ID) FROM FIN_PAYROLL_SETUP FinSetUp  )]]></SQLQuery>
  <EntityUsage
    Name="HrCompanyPayroll"
    Entity="erp.model.fin.HrCompanyPayroll"/>
  <ViewAttribute
    Name="PayrollCode"
    IsNotNull="true"
    PrecisionRule="true"
    EntityAttrName="PayrollCode"
    EntityUsage="HrCompanyPayroll"
    AliasName="PAYROLL_CODE">
    <Properties>
      <SchemaBasedProperties>
        <LABEL
          ResId="erp.model.fin.HrCompanyPayrollView.PayrollCode_LABEL"/>
      </SchemaBasedProperties>
    </Properties>
  </ViewAttribute>
  <ViewAttribute
    Name="PayStart"
    PrecisionRule="true"
    EntityAttrName="PayStart"
    EntityUsage="HrCompanyPayroll"
    AliasName="PAY_START">
    <Properties>
      <SchemaBasedProperties>
        <LABEL
          ResId="erp.model.fin.HrCompanyPayrollView.PayStart_LABEL"/>
      </SchemaBasedProperties>
    </Properties>
  </ViewAttribute>
  <ViewAttribute
    Name="PayEnd"
    PrecisionRule="true"
    EntityAttrName="PayEnd"
    EntityUsage="HrCompanyPayroll"
    AliasName="PAY_END">
    <Properties>
      <SchemaBasedProperties>
        <LABEL
          ResId="erp.model.fin.HrCompanyPayrollView.PayEnd_LABEL"/>
      </SchemaBasedProperties>
    </Properties>
  </ViewAttribute>
  <ViewAttribute
    Name="WorkPeriod"
    PrecisionRule="true"
    EntityAttrName="WorkPeriod"
    EntityUsage="HrCompanyPayroll"
    AliasName="WORK_PERIOD">
    <Properties>
      <SchemaBasedProperties>
        <LABEL
          ResId="erp.model.fin.HrCompanyPayrollView.WorkPeriod_LABEL"/>
      </SchemaBasedProperties>
    </Properties>
  </ViewAttribute>
  <ViewAttribute
    Name="Netpay"
    PrecisionRule="true"
    EntityAttrName="Netpay"
    EntityUsage="HrCompanyPayroll"
    AliasName="NETPAY">
    <Properties>
      <SchemaBasedProperties>
        <LABEL
          ResId="erp.model.fin.HrCompanyPayrollView.Netpay_LABEL"/>
      </SchemaBasedProperties>
    </Properties>
  </ViewAttribute>
  <ViewAttribute
    Name="EmployeeNo"
    IsNotNull="true"
    PrecisionRule="true"
    EntityAttrName="EmployeeNo"
    EntityUsage="HrCompanyPayroll"
    AliasName="EMPLOYEE_NO">
    <Properties>
      <SchemaBasedProperties>
        <LABEL
          ResId="erp.model.fin.HrCompanyPayrollView.EmployeeNo_LABEL"/>
      </SchemaBasedProperties>
    </Properties>
  </ViewAttribute>
  <ViewAttribute
    Name="Payday"
    PrecisionRule="true"
    EntityAttrName="Payday"
    EntityUsage="HrCompanyPayroll"
    AliasName="PAYDAY">
    <Properties>
      <SchemaBasedProperties>
        <LABEL
          ResId="erp.model.fin.HrCompanyPayrollView.Payday_LABEL"/>
      </SchemaBasedProperties>
    </Properties>
  </ViewAttribute>
  <ViewAttribute
    Name="Bankname"
    PrecisionRule="true"
    EntityAttrName="Bankname"
    EntityUsage="HrCompanyPayroll"
    AliasName="BANKNAME">
    <Properties>
      <SchemaBasedProperties>
        <LABEL
          ResId="erp.model.fin.HrCompanyPayrollView.Bankname_LABEL"/>
      </SchemaBasedProperties>
    </Properties>
  </ViewAttribute>
  <ViewAttribute
    Name="DebitAccountNo"
    PrecisionRule="true"
    EntityAttrName="DebitAccountNo"
    EntityUsage="HrCompanyPayroll"
    AliasName="DEBIT_ACCOUNT_NO">
    <Properties>
      <SchemaBasedProperties>
        <LABEL
          ResId="erp.model.fin.HrCompanyPayrollView.DebitAccountNo_LABEL"/>
      </SchemaBasedProperties>
    </Properties>
  </ViewAttribute>
  <ViewAttribute
    Name="Firstname"
    PrecisionRule="true"
    EntityAttrName="Firstname"
    EntityUsage="HrCompanyPayroll"
    AliasName="FIRSTNAME">
    <Properties>
      <SchemaBasedProperties>
        <LABEL
          ResId="erp.model.fin.HrCompanyPayrollView.Firstname_LABEL"/>
      </SchemaBasedProperties>
    </Properties>
  </ViewAttribute>
  <ViewAttribute
    Name="Lastname"
    PrecisionRule="true"
    EntityAttrName="Lastname"
    EntityUsage="HrCompanyPayroll"
    AliasName="LASTNAME">
    <Properties>
      <SchemaBasedProperties>
        <LABEL
          ResId="erp.model.fin.HrCompanyPayrollView.Lastname_LABEL"/>
      </SchemaBasedProperties>
    </Properties>
  </ViewAttribute>
  <ViewAttribute
    Name="NotesRemarks"
    PrecisionRule="true"
    EntityAttrName="NotesRemarks"
    EntityUsage="HrCompanyPayroll"
    AliasName="NOTES_REMARKS">
    <Properties>
      <SchemaBasedProperties>
        <LABEL
          ResId="erp.model.fin.HrCompanyPayrollView.NotesRemarks_LABEL"/>
      </SchemaBasedProperties>
    </Properties>
  </ViewAttribute>
  <ViewAttribute
    Name="CreditAccount"
    PrecisionRule="true"
    EntityAttrName="CreditAccount"
    EntityUsage="HrCompanyPayroll"
    AliasName="CREDIT_ACCOUNT">
    <Properties>
      <SchemaBasedProperties>
        <LABEL
          ResId="erp.model.fin.HrCompanyPayrollView.CreditAccount_LABEL"/>
      </SchemaBasedProperties>
    </Properties>
  </ViewAttribute>
  <ViewAttribute
    Name="TotalSalary"
    PrecisionRule="true"
    EntityAttrName="TotalSalary"
    EntityUsage="HrCompanyPayroll"
    AliasName="TOTAL_SALARY">
    <Properties>
      <SchemaBasedProperties>
        <LABEL
          ResId="erp.model.fin.HrCompanyPayrollView.TotalSalary_LABEL"/>
      </SchemaBasedProperties>
    </Properties>
  </ViewAttribute>
  <ViewAttribute
    Name="CrNo"
    IsNotNull="true"
    PrecisionRule="true"
    EntityAttrName="CrNo"
    EntityUsage="HrCompanyPayroll"
    AliasName="CR_NO">
    <Properties>
      <SchemaBasedProperties>
        <LABEL
          ResId="erp.model.fin.HrCompanyPayrollView.CrNo_LABEL"/>
      </SchemaBasedProperties>
    </Properties>
  </ViewAttribute>
  <ViewAttribute
    Name="FirstName1"
    IsUpdateable="false"
    IsPersistent="false"
    PrecisionRule="true"
    Precision="32"
    Type="java.lang.String"
    ColumnType="VARCHAR2"
    AliasName="FIRST_NAME"
    Expression="FIRST_NAME"
    SQLType="VARCHAR">
    <DesignTime>
      <Attr Name="_DisplaySize" Value="32"/>
    </DesignTime>
  </ViewAttribute>
  <ViewAttribute
    Name="LastName1"
    IsUpdateable="false"
    IsPersistent="false"
    PrecisionRule="true"
    Precision="32"
    Type="java.lang.String"
    ColumnType="VARCHAR2"
    AliasName="LAST_NAME"
    Expression="LAST_NAME"
    SQLType="VARCHAR">
    <DesignTime>
      <Attr Name="_DisplaySize" Value="32"/>
    </DesignTime>
  </ViewAttribute>
  <ViewAttribute
    Name="AccountNo"
    IsUpdateable="false"
    IsPersistent="false"
    PrecisionRule="true"
    Precision="100"
    Type="java.lang.String"
    ColumnType="VARCHAR2"
    AliasName="ACCOUNT_NO"
    Expression="ACCOUNT_NO"
    SQLType="VARCHAR">
    <DesignTime>
      <Attr Name="_DisplaySize" Value="100"/>
    </DesignTime>
  </ViewAttribute>
  <ViewAttribute
    Name="BankName1"
    IsUpdateable="false"
    IsPersistent="false"
    PrecisionRule="true"
    Precision="100"
    Type="java.lang.String"
    ColumnType="VARCHAR2"
    AliasName="BANK_NAME"
    Expression="BANK_NAME"
    SQLType="VARCHAR">
    <DesignTime>
      <Attr Name="_DisplaySize" Value="100"/>
    </DesignTime>
  </ViewAttribute>
  <ViewAttribute
    Name="Id"
    IsUpdateable="false"
    IsPersistent="false"
    PrecisionRule="true"
    Type="java.math.BigDecimal"
    ColumnType="NUMBER"
    AliasName="ID"
    Expression="ID"
    SQLType="NUMERIC"/>
  <ViewAttribute
    Name="Grosspay"
    IsUpdateable="false"
    IsPersistent="false"
    PrecisionRule="true"
    Type="java.math.BigDecimal"
    ColumnType="NUMBER"
    AliasName="GROSSPAY"
    Expression="GROSSPAY"
    SQLType="NUMERIC"/>
  <ViewAttribute
    Name="TotalSalary1"
    IsUpdateable="false"
    IsPersistent="false"
    PrecisionRule="true"
    Type="java.math.BigDecimal"
    ColumnType="NUMBER"
    AliasName="TOTAL_SALARY"
    Expression="TOTAL_SALARY"
    SQLType="NUMERIC"/>
  <ResourceBundle>
    <PropertiesBundle
      PropertiesFile="erp.model.SUNWAY_ERP_ModelBundle"/>
  </ResourceBundle>
</ViewObject>
