<?xml version="1.0" encoding="windows-1252" ?>
<!DOCTYPE ViewObject SYSTEM "jbo_03_01.dtd">
<!---->
<ViewObject
  xmlns="http://xmlns.oracle.com/bc4j"
  Name="InvCustomersView1"
  Version="12.2.1.12.24"
  InheritPersonalization="merge"
  SelectListFlags="1"
  FromListFlags="1"
  WhereFlags="1"
  BindingStyle="OracleName"
  CustomQuery="false"
  SelectAllAttributes="false"
  PageIterMode="Full">
  <EntityUsage
    Name="InvCustomers"
    Entity="erp.model.fin.InvCustomers"/>
  <ViewAttribute
    Name="Name"
    IsNotNull="true"
    PrecisionRule="true"
    EntityAttrName="Name"
    EntityUsage="InvCustomers"
    AliasName="NAME">
    <Properties>
      <SchemaBasedProperties>
        <LABEL
          ResId="erp.model.fin.InvCustomersView1.Name_LABEL"/>
      </SchemaBasedProperties>
    </Properties>
  </ViewAttribute>
  <ViewAttribute
    Name="Street"
    PrecisionRule="true"
    EntityAttrName="Street"
    EntityUsage="InvCustomers"
    AliasName="STREET">
    <Properties>
      <SchemaBasedProperties>
        <LABEL
          ResId="erp.model.fin.InvCustomersView1.Street_LABEL"/>
      </SchemaBasedProperties>
    </Properties>
  </ViewAttribute>
  <ViewAttribute
    Name="Phoneno"
    IsNotNull="true"
    PrecisionRule="true"
    EntityAttrName="Phoneno"
    EntityUsage="InvCustomers"
    AliasName="PHONENO">
    <Properties>
      <SchemaBasedProperties>
        <LABEL
          ResId="erp.model.fin.InvCustomersView1.Phoneno_LABEL"/>
      </SchemaBasedProperties>
    </Properties>
  </ViewAttribute>
  <ViewAttribute
    Name="OrderNo"
    IsNotNull="true"
    PrecisionRule="true"
    EntityAttrName="OrderNo"
    EntityUsage="InvCustomers"
    AliasName="ORDER_NO">
    <Properties>
      <SchemaBasedProperties>
        <LABEL
          ResId="erp.model.fin.InvCustomersView1.OrderNo_LABEL"/>
      </SchemaBasedProperties>
    </Properties>
  </ViewAttribute>
  <ViewAttribute
    Name="Customerid"
    IsNotNull="true"
    PrecisionRule="true"
    EntityAttrName="Customerid"
    EntityUsage="InvCustomers"
    AliasName="CUSTOMERID">
    <Properties>
      <SchemaBasedProperties>
        <LABEL
          ResId="erp.model.fin.InvCustomersView1.Customerid_LABEL"/>
      </SchemaBasedProperties>
    </Properties>
  </ViewAttribute>
  <ViewAttribute
    Name="City"
    PrecisionRule="true"
    EntityAttrName="City"
    EntityUsage="InvCustomers"
    AliasName="CITY">
    <Properties>
      <SchemaBasedProperties>
        <LABEL
          ResId="erp.model.fin.InvCustomersView1.City_LABEL"/>
      </SchemaBasedProperties>
    </Properties>
  </ViewAttribute>
  <ViewAttribute
    Name="Country"
    PrecisionRule="true"
    EntityAttrName="Country"
    EntityUsage="InvCustomers"
    AliasName="COUNTRY">
    <Properties>
      <SchemaBasedProperties>
        <LABEL
          ResId="erp.model.fin.InvCustomersView1.Country_LABEL"/>
      </SchemaBasedProperties>
    </Properties>
  </ViewAttribute>
  <ResourceBundle>
    <PropertiesBundle
      PropertiesFile="erp.model.SUNWAY_ERP_ModelBundle"/>
  </ResourceBundle>
</ViewObject>
