<?xml version="1.0" encoding="windows-1252" ?>
<!DOCTYPE ViewObject SYSTEM "jbo_03_01.dtd">
<!---->
<ViewObject
  xmlns="http://xmlns.oracle.com/bc4j"
  Name="InvInventoryView"
  Version="12.2.1.12.24"
  InheritPersonalization="merge"
  SelectListFlags="1"
  FromListFlags="1"
  WhereFlags="1"
  BindingStyle="OracleName"
  CustomQuery="false"
  SelectAllAttributes="false"
  PageIterMode="Full">
  <ViewAccessor
    Name="inv_Modules_InvStoresView1_1"
    ViewObjectName="erp.model.inv.InvStoresView"
    AMUsageName="inv_Modules"
    ViewInstanceName="InvStoresView1"
    RowLevelBinds="true"/>
  <ListBinding
    Name="LOV_Location"
    ListVOName="inv_Modules_InvStoresView1_1"
    NullValueFlag="none"
    MRUCount="0">
    <AttrArray Name="AttrNames">
      <Item Value="Location"/>
    </AttrArray>
    <AttrArray Name="AttrExpressions"/>
    <AttrArray Name="ListAttrNames">
      <Item Value="StoreName"/>
    </AttrArray>
    <AttrArray Name="ListDisplayAttrNames">
      <Item Value="StoreName"/>
    </AttrArray>
    <DisplayCriteria/>
  </ListBinding>
  <EntityUsage
    Name="InvInventory"
    Entity="erp.model.fin.InvInventory"/>
  <ViewAttribute
    Name="ItemCode"
    IsNotNull="true"
    PrecisionRule="true"
    EntityAttrName="ItemCode"
    EntityUsage="InvInventory"
    AliasName="ITEM_CODE"/>
  <ViewAttribute
    Name="SerialNumber"
    IsNotNull="true"
    PrecisionRule="true"
    EntityAttrName="SerialNumber"
    EntityUsage="InvInventory"
    AliasName="SERIAL_NUMBER"/>
  <ViewAttribute
    Name="Location"
    IsNotNull="true"
    PrecisionRule="true"
    EntityAttrName="Location"
    EntityUsage="InvInventory"
    AliasName="LOCATION"
    LOVName="LOV_Location">
    <Properties>
      <SchemaBasedProperties>
        <CONTROLTYPE
          Value="choice"/>
      </SchemaBasedProperties>
    </Properties>
  </ViewAttribute>
  <ViewAttribute
    Name="ProductCategory"
    PrecisionRule="true"
    EntityAttrName="ProductCategory"
    EntityUsage="InvInventory"
    AliasName="PRODUCT_CATEGORY"/>
  <ViewAttribute
    Name="Brand"
    PrecisionRule="true"
    EntityAttrName="Brand"
    EntityUsage="InvInventory"
    AliasName="BRAND"/>
  <ViewAttribute
    Name="ProductName"
    PrecisionRule="true"
    EntityAttrName="ProductName"
    EntityUsage="InvInventory"
    AliasName="PRODUCT_NAME"/>
  <ViewAttribute
    Name="ItemType"
    PrecisionRule="true"
    EntityAttrName="ItemType"
    EntityUsage="InvInventory"
    AliasName="ITEM_TYPE"/>
  <ViewAttribute
    Name="ItemDescription"
    PrecisionRule="true"
    EntityAttrName="ItemDescription"
    EntityUsage="InvInventory"
    AliasName="ITEM_DESCRIPTION"/>
  <ViewAttribute
    Name="QuantityReceived"
    PrecisionRule="true"
    EntityAttrName="QuantityReceived"
    EntityUsage="InvInventory"
    AliasName="QUANTITY_RECEIVED"/>
  <ViewAttribute
    Name="QuantityOnHande"
    PrecisionRule="true"
    EntityAttrName="QuantityOnHande"
    EntityUsage="InvInventory"
    AliasName="QUANTITY_ON_HANDE"/>
  <ViewAttribute
    Name="RetailPrice"
    PrecisionRule="true"
    EntityAttrName="RetailPrice"
    EntityUsage="InvInventory"
    AliasName="RETAIL_PRICE"/>
  <ViewAttribute
    Name="UnitSalePrice"
    PrecisionRule="true"
    EntityAttrName="UnitSalePrice"
    EntityUsage="InvInventory"
    AliasName="UNIT_SALE_PRICE"/>
  <ViewAttribute
    Name="DateReceived"
    PrecisionRule="true"
    EntityAttrName="DateReceived"
    EntityUsage="InvInventory"
    AliasName="DATE_RECEIVED"/>
  <ViewAttribute
    Name="SaleByDate"
    PrecisionRule="true"
    EntityAttrName="SaleByDate"
    EntityUsage="InvInventory"
    AliasName="SALE_BY_DATE"/>
  <ViewAttribute
    Name="Minimum"
    PrecisionRule="true"
    EntityAttrName="Minimum"
    EntityUsage="InvInventory"
    AliasName="MINIMUM"/>
  <ViewAttribute
    Name="Maximum"
    PrecisionRule="true"
    EntityAttrName="Maximum"
    EntityUsage="InvInventory"
    AliasName="MAXIMUM"/>
  <ViewAttribute
    Name="Notesremarks"
    PrecisionRule="true"
    EntityAttrName="Notesremarks"
    EntityUsage="InvInventory"
    AliasName="NOTESREMARKS"/>
  <ViewAttribute
    Name="ProductStatus"
    PrecisionRule="true"
    EntityAttrName="ProductStatus"
    EntityUsage="InvInventory"
    AliasName="PRODUCT_STATUS"/>
  <ViewAttribute
    Name="ItemPic"
    IsQueriable="false"
    PrecisionRule="true"
    EntityAttrName="ItemPic"
    EntityUsage="InvInventory"
    AliasName="ITEM_PIC"/>
  <ViewAttribute
    Name="Uof"
    PrecisionRule="true"
    EntityAttrName="Uof"
    EntityUsage="InvInventory"
    AliasName="UOF"/>
  <ViewAttribute
    Name="Commission"
    PrecisionRule="true"
    EntityAttrName="Commission"
    EntityUsage="InvInventory"
    AliasName="COMMISSION"/>
  <ViewLinkAccessor
    Name="InvSalesView"
    ViewLink="erp.model.fin.InvSalesFk1Link"
    Type="oracle.jbo.RowIterator"
    IsUpdateable="false"/>
  <ViewLinkAccessor
    Name="InvVarianceView"
    ViewLink="erp.model.fin.InvVarianceFk1Link"
    Type="oracle.jbo.server.ViewRowImpl"
    IsUpdateable="false"/>
</ViewObject>
