<?xml version="1.0" encoding="windows-1252" ?>
<!DOCTYPE Entity SYSTEM "jbo_03_01.dtd">
<!---->
<Entity
  xmlns="http://xmlns.oracle.com/bc4j"
  Name="InvOrders"
  Version="12.2.1.12.24"
  InheritPersonalization="merge"
  DBObjectType="table"
  DBObjectName="INV_ORDERS"
  AliasName="InvOrders"
  BindingStyle="OracleName">
  <Attribute
    Name="OrderId"
    IsNotNull="true"
    ColumnName="ORDER_ID"
    SQLType="NUMERIC"
    Type="java.math.BigDecimal"
    ColumnType="NUMBER"
    TableName="INV_ORDERS"
    PrimaryKey="true"/>
  <Attribute
    Name="OrderName"
    Precision="20"
    ColumnName="ORDER_NAME"
    SQLType="VARCHAR"
    Type="java.lang.String"
    ColumnType="VARCHAR2"
    TableName="INV_ORDERS">
    <DesignTime>
      <Attr Name="_DisplaySize" Value="20"/>
    </DesignTime>
  </Attribute>
  <Attribute
    Name="OrderStatus"
    Precision="20"
    ColumnName="ORDER_STATUS"
    SQLType="VARCHAR"
    Type="java.lang.String"
    ColumnType="VARCHAR2"
    TableName="INV_ORDERS">
    <DesignTime>
      <Attr Name="_DisplaySize" Value="20"/>
    </DesignTime>
  </Attribute>
  <Attribute
    Name="Supplier"
    ColumnName="SUPPLIER"
    SQLType="NUMERIC"
    Type="java.math.BigDecimal"
    ColumnType="NUMBER"
    TableName="INV_ORDERS"/>
  <Attribute
    Name="CreatedBy"
    Precision="32"
    ColumnName="CREATED_BY"
    SQLType="VARCHAR"
    Type="java.lang.String"
    ColumnType="VARCHAR2"
    TableName="INV_ORDERS">
    <DesignTime>
      <Attr Name="_DisplaySize" Value="32"/>
    </DesignTime>
  </Attribute>
  <Attribute
    Name="Agreement"
    Precision="32"
    ColumnName="AGREEMENT"
    SQLType="VARCHAR"
    Type="java.lang.String"
    ColumnType="VARCHAR2"
    TableName="INV_ORDERS">
    <DesignTime>
      <Attr Name="_DisplaySize" Value="32"/>
    </DesignTime>
  </Attribute>
  <Attribute
    Name="EstimatedDeliveryDate"
    ColumnName="ESTIMATED_DELIVERY_DATE"
    SQLType="DATE"
    Type="java.sql.Timestamp"
    ColumnType="DATE"
    TableName="INV_ORDERS"/>
  <Attribute
    Name="ShipmentDate"
    ColumnName="SHIPMENT_DATE"
    SQLType="DATE"
    Type="java.sql.Timestamp"
    ColumnType="DATE"
    TableName="INV_ORDERS"/>
  <Attribute
    Name="ItemCode"
    Precision="32"
    ColumnName="ITEM_CODE"
    SQLType="VARCHAR"
    Type="java.lang.String"
    ColumnType="VARCHAR2"
    TableName="INV_ORDERS">
    <DesignTime>
      <Attr Name="_DisplaySize" Value="32"/>
    </DesignTime>
  </Attribute>
  <Attribute
    Name="OrderDate"
    ColumnName="ORDER_DATE"
    SQLType="DATE"
    Type="java.sql.Timestamp"
    ColumnType="DATE"
    TableName="INV_ORDERS"/>
  <Attribute
    Name="Notesremarks"
    Precision="1000"
    ColumnName="NOTESREMARKS"
    SQLType="VARCHAR"
    Type="java.lang.String"
    ColumnType="VARCHAR2"
    TableName="INV_ORDERS">
    <DesignTime>
      <Attr Name="_DisplaySize" Value="1000"/>
    </DesignTime>
  </Attribute>
  <AccessorAttribute
    Name="InvVendors"
    Association="erp.model.fin.InvVendorsFk1Assoc"
    AssociationEnd="erp.model.fin.InvVendorsFk1Assoc.InvVendors"
    AssociationOtherEnd="erp.model.fin.InvVendorsFk1Assoc.InvOrders"
    Type="oracle.jbo.RowIterator"
    IsUpdateable="false"/>
  <AccessorAttribute
    Name="FinVenPayments1"
    Association="erp.model.fin.FinVenPaymentsFk1Assoc1"
    AssociationEnd="erp.model.fin.FinVenPaymentsFk1Assoc1.FinVenPayments1"
    AssociationOtherEnd="erp.model.fin.FinVenPaymentsFk1Assoc1.InvOrders"
    Type="oracle.jbo.RowIterator"
    IsUpdateable="false"/>
  <AccessorAttribute
    Name="FinVenPayments"
    Association="erp.model.fin.FinVenPaymentsFk1Assoc"
    AssociationEnd="erp.model.fin.FinVenPaymentsFk1Assoc.FinVenPayments"
    AssociationOtherEnd="erp.model.fin.FinVenPaymentsFk1Assoc.InvOrders"
    Type="oracle.jbo.RowIterator"
    IsUpdateable="false"/>
  <Key
    Name="InvOrdersPk"
    PrimaryKey="true">
    <DesignTime>
      <Attr Name="_DBObjectName" Value="INV_ORDERS_PK"/>
    </DesignTime>
    <AttrArray Name="Attributes">
      <Item Value="erp.model.fin.InvOrders.OrderId"/>
    </AttrArray>
  </Key>
  <Key
    Name="InvOrdersFk1">
    <DesignTime>
      <Attr Name="_isCascadeDelete" Value="true"/>
      <Attr Name="_referencedKey" Value="INV_INVENTORY_PK"/>
      <Attr Name="_isForeign" Value="true"/>
      <Attr Name="_DBObjectName" Value="INV_ORDERS_FK1"/>
    </DesignTime>
    <AttrArray Name="Attributes">
      <Item Value="erp.model.fin.InvOrders.ItemCode"/>
    </AttrArray>
  </Key>
</Entity>
