<?xml version="1.0" encoding="windows-1252" ?>
<!DOCTYPE ViewObject SYSTEM "jbo_03_01.dtd">
<!---->
<ViewObject
  xmlns="http://xmlns.oracle.com/bc4j"
  Name="InvOrderedItemsView"
  Version="12.2.1.12.24"
  InheritPersonalization="merge"
  SelectListFlags="1"
  FromListFlags="1"
  WhereFlags="1"
  BindingStyle="OracleName"
  CustomQuery="false"
  SelectAllAttributes="false"
  PageIterMode="Full">
  <EntityUsage
    Name="InvOrderedItems"
    Entity="erp.model.fin.InvOrderedItems"/>
  <ViewAttribute
    Name="ItemCode"
    IsNotNull="true"
    PrecisionRule="true"
    EntityAttrName="ItemCode"
    EntityUsage="InvOrderedItems"
    AliasName="ITEM_CODE">
    <Properties>
      <SchemaBasedProperties>
        <LABEL
          ResId="erp.model.fin.InvOrderedItemsView.ItemCode_LABEL"/>
      </SchemaBasedProperties>
    </Properties>
  </ViewAttribute>
  <ViewAttribute
    Name="ProductName"
    PrecisionRule="true"
    EntityAttrName="ProductName"
    EntityUsage="InvOrderedItems"
    AliasName="PRODUCT_NAME">
    <Properties>
      <SchemaBasedProperties>
        <LABEL
          ResId="erp.model.fin.InvOrderedItemsView.ProductName_LABEL"/>
      </SchemaBasedProperties>
    </Properties>
  </ViewAttribute>
  <ViewAttribute
    Name="Description"
    PrecisionRule="true"
    EntityAttrName="Description"
    EntityUsage="InvOrderedItems"
    AliasName="DESCRIPTION">
    <Properties>
      <SchemaBasedProperties>
        <LABEL
          ResId="erp.model.fin.InvOrderedItemsView.Description_LABEL"/>
      </SchemaBasedProperties>
    </Properties>
  </ViewAttribute>
  <ViewAttribute
    Name="Quantity"
    PrecisionRule="true"
    EntityAttrName="Quantity"
    EntityUsage="InvOrderedItems"
    AliasName="QUANTITY">
    <Properties>
      <SchemaBasedProperties>
        <LABEL
          ResId="erp.model.fin.InvOrderedItemsView.Quantity_LABEL"/>
      </SchemaBasedProperties>
    </Properties>
  </ViewAttribute>
  <ViewAttribute
    Name="OrderNo"
    IsNotNull="true"
    PrecisionRule="true"
    EntityAttrName="OrderNo"
    EntityUsage="InvOrderedItems"
    AliasName="ORDER_NO">
    <Properties>
      <SchemaBasedProperties>
        <LABEL
          ResId="erp.model.fin.InvOrderedItemsView.OrderNo_LABEL"/>
      </SchemaBasedProperties>
    </Properties>
  </ViewAttribute>
  <ViewAttribute
    Name="Unitprice"
    PrecisionRule="true"
    EntityAttrName="Unitprice"
    EntityUsage="InvOrderedItems"
    AliasName="UNITPRICE">
    <Properties>
      <SchemaBasedProperties>
        <LABEL
          ResId="erp.model.fin.InvOrderedItemsView.Unitprice_LABEL"/>
      </SchemaBasedProperties>
    </Properties>
  </ViewAttribute>
  <ViewAttribute
    Name="Total"
    PrecisionRule="true"
    EntityAttrName="Total"
    EntityUsage="InvOrderedItems"
    AliasName="TOTAL">
    <Properties>
      <SchemaBasedProperties>
        <LABEL
          ResId="erp.model.fin.InvOrderedItemsView.Total_LABEL"/>
      </SchemaBasedProperties>
    </Properties>
  </ViewAttribute>
  <ViewAttribute
    Name="TotoalDue"
    PrecisionRule="true"
    EntityAttrName="TotoalDue"
    EntityUsage="InvOrderedItems"
    AliasName="TOTOAL_DUE">
    <Properties>
      <SchemaBasedProperties>
        <LABEL
          ResId="erp.model.fin.InvOrderedItemsView.TotoalDue_LABEL"/>
      </SchemaBasedProperties>
    </Properties>
  </ViewAttribute>
  <ViewAttribute
    Name="Discount"
    PrecisionRule="true"
    EntityAttrName="Discount"
    EntityUsage="InvOrderedItems"
    AliasName="DISCOUNT">
    <Properties>
      <SchemaBasedProperties>
        <LABEL
          ResId="erp.model.fin.InvOrderedItemsView.Discount_LABEL"/>
      </SchemaBasedProperties>
    </Properties>
  </ViewAttribute>
  <ViewLinkAccessor
    Name="InvTotalduePurchaseView"
    ViewLink="erp.model.fin.OrderItems_totalDueViewLink"
    Type="oracle.jbo.RowIterator"
    IsUpdateable="false"/>
  <ResourceBundle>
    <PropertiesBundle
      PropertiesFile="erp.model.SUNWAY_ERP_ModelBundle"/>
  </ResourceBundle>
  <SortCriteria>
    <Sort
      Attribute="OrderNo"/>
  </SortCriteria>
</ViewObject>
