<?xml version="1.0" encoding="windows-1252" ?>
<!DOCTYPE ViewObject SYSTEM "jbo_03_01.dtd">
<!---->
<ViewObject
  xmlns="http://xmlns.oracle.com/bc4j"
  Name="InvOrdersView"
  Version="12.2.1.12.24"
  InheritPersonalization="merge"
  SelectListFlags="1"
  FromListFlags="1"
  WhereFlags="1"
  BindingStyle="OracleName"
  CustomQuery="false"
  SelectAllAttributes="false"
  PageIterMode="Full">
  <ViewAccessor
    Name="LookupCode1"
    ViewObjectName="erp.model.LookupCode"
    RowLevelBinds="true">
    <ParameterMap>
      <PIMap Variable="BindLookupType">
        <TransientExpression
          trustMode="untrusted"
          Name="ExpressionScript"><![CDATA['ORDER_STATUS']]></TransientExpression>
      </PIMap>
    </ParameterMap>
  </ViewAccessor>
  <ListBinding
    Name="LOV_OrderStatus"
    ListVOName="LookupCode1"
    NullValueFlag="start"
    NullValueId="${adfBundle['oracle.javatools.resourcebundle.SystemBundle']['NULL_VALUE_RESID']}"
    MRUCount="0">
    <AttrArray Name="AttrNames">
      <Item Value="OrderStatus"/>
    </AttrArray>
    <AttrArray Name="AttrExpressions"/>
    <AttrArray Name="ListAttrNames">
      <Item Value="LookupCode"/>
    </AttrArray>
    <AttrArray Name="ListDisplayAttrNames">
      <Item Value="Meaning"/>
    </AttrArray>
    <DisplayCriteria/>
  </ListBinding>
  <EntityUsage
    Name="InvOrders"
    Entity="erp.model.fin.InvOrders"/>
  <ViewAttribute
    Name="OrderId"
    IsNotNull="true"
    PrecisionRule="true"
    EntityAttrName="OrderId"
    EntityUsage="InvOrders"
    AliasName="ORDER_ID">
    <Properties>
      <SchemaBasedProperties>
        <LABEL
          ResId="erp.model.fin.InvOrdersView.OrderId_LABEL"/>
      </SchemaBasedProperties>
    </Properties>
  </ViewAttribute>
  <ViewAttribute
    Name="OrderName"
    PrecisionRule="true"
    EntityAttrName="OrderName"
    EntityUsage="InvOrders"
    AliasName="ORDER_NAME">
    <Properties>
      <SchemaBasedProperties>
        <LABEL
          ResId="erp.model.fin.InvOrdersView.OrderName_LABEL"/>
      </SchemaBasedProperties>
    </Properties>
  </ViewAttribute>
  <ViewAttribute
    Name="OrderStatus"
    PrecisionRule="true"
    EntityAttrName="OrderStatus"
    EntityUsage="InvOrders"
    AliasName="ORDER_STATUS"
    LOVName="LOV_OrderStatus">
    <Properties>
      <SchemaBasedProperties>
        <LABEL
          ResId="erp.model.fin.InvOrdersView.OrderStatus_LABEL"/>
        <CONTROLTYPE
          Value="choice"/>
      </SchemaBasedProperties>
    </Properties>
  </ViewAttribute>
  <ViewAttribute
    Name="Supplier"
    PrecisionRule="true"
    EntityAttrName="Supplier"
    EntityUsage="InvOrders"
    AliasName="SUPPLIER">
    <Properties>
      <SchemaBasedProperties>
        <LABEL
          ResId="erp.model.fin.InvOrdersView.Supplier_LABEL"/>
      </SchemaBasedProperties>
    </Properties>
  </ViewAttribute>
  <ViewAttribute
    Name="CreatedBy"
    PrecisionRule="true"
    EntityAttrName="CreatedBy"
    EntityUsage="InvOrders"
    AliasName="CREATED_BY">
    <Properties>
      <SchemaBasedProperties>
        <LABEL
          ResId="erp.model.fin.InvOrdersView.CreatedBy_LABEL"/>
      </SchemaBasedProperties>
    </Properties>
  </ViewAttribute>
  <ViewAttribute
    Name="Agreement"
    PrecisionRule="true"
    EntityAttrName="Agreement"
    EntityUsage="InvOrders"
    AliasName="AGREEMENT">
    <Properties>
      <SchemaBasedProperties>
        <LABEL
          ResId="erp.model.fin.InvOrdersView.Agreement_LABEL"/>
      </SchemaBasedProperties>
    </Properties>
  </ViewAttribute>
  <ViewAttribute
    Name="EstimatedDeliveryDate"
    PrecisionRule="true"
    EntityAttrName="EstimatedDeliveryDate"
    EntityUsage="InvOrders"
    AliasName="ESTIMATED_DELIVERY_DATE">
    <Properties>
      <SchemaBasedProperties>
        <LABEL
          ResId="erp.model.fin.InvOrdersView.EstimatedDeliveryDate_LABEL"/>
      </SchemaBasedProperties>
    </Properties>
  </ViewAttribute>
  <ViewAttribute
    Name="ShipmentDate"
    PrecisionRule="true"
    EntityAttrName="ShipmentDate"
    EntityUsage="InvOrders"
    AliasName="SHIPMENT_DATE">
    <Properties>
      <SchemaBasedProperties>
        <LABEL
          ResId="erp.model.fin.InvOrdersView.ShipmentDate_LABEL"/>
      </SchemaBasedProperties>
    </Properties>
  </ViewAttribute>
  <ViewAttribute
    Name="ItemCode"
    PrecisionRule="true"
    EntityAttrName="ItemCode"
    EntityUsage="InvOrders"
    AliasName="ITEM_CODE">
    <Properties>
      <SchemaBasedProperties>
        <LABEL
          ResId="erp.model.fin.InvOrdersView.ItemCode_LABEL"/>
      </SchemaBasedProperties>
    </Properties>
  </ViewAttribute>
  <ViewAttribute
    Name="OrderDate"
    PrecisionRule="true"
    EntityAttrName="OrderDate"
    EntityUsage="InvOrders"
    AliasName="ORDER_DATE">
    <Properties>
      <SchemaBasedProperties>
        <LABEL
          ResId="erp.model.fin.InvOrdersView.OrderDate_LABEL"/>
      </SchemaBasedProperties>
    </Properties>
  </ViewAttribute>
  <ViewAttribute
    Name="Notesremarks"
    PrecisionRule="true"
    EntityAttrName="Notesremarks"
    EntityUsage="InvOrders"
    AliasName="NOTESREMARKS">
    <Properties>
      <SchemaBasedProperties>
        <LABEL
          ResId="erp.model.fin.InvOrdersView.Notesremarks_LABEL"/>
      </SchemaBasedProperties>
    </Properties>
  </ViewAttribute>
  <ViewCriteria
    Name="InvOrdersViewCriteria"
    ViewObjectName="erp.model.fin.InvOrdersView"
    Conjunction="AND">
    <Properties Name="_Props">
      <CustomProperties>
        <Property
          Name="autoExecute"
          Value="false"/>
        <Property
          Name="mode"
          Value="Basic"/>
        <Property
          Name="allowConjunctionOverride"
          Value="false"/>
        <Property
          Name="showInList"
          Value="true"/>
        <Property
          Name="displayOperators"
          Value="InAdvancedMode"/>
      </CustomProperties>
    </Properties>
    <ViewCriteriaRow
      Name="InvOrdersViewCriteria_row_0"
      UpperColumns="1">
      <ViewCriteriaItem
        Name="OrderId"
        ViewAttribute="OrderId"
        Operator="="
        Conjunction="AND"
        Required="Optional"/>
      <ViewCriteriaItem
        Name="OrderStatus"
        ViewAttribute="OrderStatus"
        Operator="="
        Conjunction="AND"
        Required="Optional"/>
      <ViewCriteriaItem
        Name="OrderDate"
        ViewAttribute="OrderDate"
        Operator="BETWEEN"
        Conjunction="AND"
        Required="Optional"/>
    </ViewCriteriaRow>
  </ViewCriteria>
  <ViewLinkAccessor
    Name="InvVendorsView"
    ViewLink="erp.model.fin.InvVendorsFk1Link"
    Type="oracle.jbo.RowIterator"
    IsUpdateable="false"/>
 
  <ViewLinkAccessor
    Name="InvOrderedItemsView"
    ViewLink="erp.model.fin.fin_order_OrderItemsViewLink"
    Type="oracle.jbo.RowIterator"
    IsUpdateable="false"/>
  <ViewLinkAccessor
    Name="FinVenPayments1View"
    ViewLink="erp.model.fin.finOrder_finVenPayment1ViewLink"
    Type="oracle.jbo.RowIterator"
    IsUpdateable="false"/>
  <ViewLinkAccessor
    Name="FinVenPaymentsView"
    ViewLink="erp.model.fin.finOrder_finVenpaymentViewLink"
    Type="oracle.jbo.RowIterator"
    IsUpdateable="false"/>
  <ResourceBundle>
    <PropertiesBundle
      PropertiesFile="erp.model.SUNWAY_ERP_ModelBundle"/>
  </ResourceBundle>
  <SortCriteria>
    <Sort
      Attribute="OrderDate"/>
  </SortCriteria>
  <SortCriteria>
    <Sort
      Attribute="OrderDate"/>
  </SortCriteria>
</ViewObject>
