<?xml version="1.0" encoding="windows-1252" ?>
<!DOCTYPE Entity SYSTEM "jbo_03_01.dtd">
<!---->
<Entity
  xmlns="http://xmlns.oracle.com/bc4j"
  Name="InvOrderedItems"
  Version="12.2.1.12.24"
  InheritPersonalization="merge"
  DBObjectType="table"
  DBObjectName="INV_ORDERED_ITEMS"
  AliasName="InvOrderedItems"
  BindingStyle="OracleName">
  <Attribute
    Name="ItemCode"
    IsNotNull="true"
    Precision="32"
    ColumnName="ITEM_CODE"
    SQLType="VARCHAR"
    Type="java.lang.String"
    ColumnType="VARCHAR2"
    TableName="INV_ORDERED_ITEMS"
    PrimaryKey="true">
    <DesignTime>
      <Attr Name="_DisplaySize" Value="32"/>
    </DesignTime>
  </Attribute>
  <Attribute
    Name="Description"
    Precision="320"
    ColumnName="DESCRIPTION"
    SQLType="VARCHAR"
    Type="java.lang.String"
    ColumnType="VARCHAR2"
    TableName="INV_ORDERED_ITEMS">
    <DesignTime>
      <Attr Name="_DisplaySize" Value="320"/>
    </DesignTime>
  </Attribute>
  <Attribute
    Name="Quantity"
    ColumnName="QUANTITY"
    SQLType="NUMERIC"
    Type="java.math.BigDecimal"
    ColumnType="NUMBER"
    TableName="INV_ORDERED_ITEMS"/>
  <Attribute
    Name="OrderNo"
    IsNotNull="true"
    ColumnName="ORDER_NO"
    SQLType="NUMERIC"
    Type="java.math.BigDecimal"
    ColumnType="NUMBER"
    TableName="INV_ORDERED_ITEMS"
    PrimaryKey="true"/>
  <Attribute
    Name="Unitprice"
    ColumnName="UNITPRICE"
    SQLType="NUMERIC"
    Type="java.math.BigDecimal"
    ColumnType="NUMBER"
    TableName="INV_ORDERED_ITEMS"/>
  <Attribute
    Name="Total"
    ColumnName="TOTAL"
    SQLType="NUMERIC"
    Type="java.math.BigDecimal"
    ColumnType="NUMBER"
    TableName="INV_ORDERED_ITEMS"/>
  <Attribute
    Name="TotoalDue"
    ColumnName="TOTOAL_DUE"
    SQLType="NUMERIC"
    Type="java.math.BigDecimal"
    ColumnType="NUMBER"
    TableName="INV_ORDERED_ITEMS"/>
  <Attribute
    Name="Discount"
    ColumnName="DISCOUNT"
    SQLType="NUMERIC"
    Type="java.math.BigDecimal"
    ColumnType="NUMBER"
    TableName="INV_ORDERED_ITEMS"/>
  <Attribute
    Name="ProductName"
    Precision="30"
    ColumnName="PRODUCT_NAME"
    SQLType="VARCHAR"
    Type="java.lang.String"
    ColumnType="VARCHAR2"
    TableName="INV_ORDERED_ITEMS">
    <DesignTime>
      <Attr Name="_DisplaySize" Value="30"/>
    </DesignTime>
  </Attribute>
  <Key
    Name="InvOrderedItemsPk"
    PrimaryKey="true">
    <DesignTime>
      <Attr Name="_DBObjectName" Value="INV_ORDERED_ITEMS_PK"/>
    </DesignTime>
    <AttrArray Name="Attributes">
      <Item Value="erp.model.fin.InvOrderedItems.ItemCode"/>
      <Item Value="erp.model.fin.InvOrderedItems.OrderNo"/>
    </AttrArray>
  </Key>
  <Key
    Name="InvOrderedItemsFk1">
    <DesignTime>
      <Attr Name="_isCascadeDelete" Value="true"/>
      <Attr Name="_referencedKey" Value="INV_ORDERS_PK"/>
      <Attr Name="_isForeign" Value="true"/>
      <Attr Name="_DBObjectName" Value="INV_ORDERED_ITEMS_FK1"/>
    </DesignTime>
    <AttrArray Name="Attributes">
      <Item Value="erp.model.fin.InvOrderedItems.OrderNo"/>
    </AttrArray>
  </Key>
</Entity>
