<?xml version="1.0" encoding="windows-1252" ?>
<!DOCTYPE Entity SYSTEM "jbo_03_01.dtd">
<!---->
<Entity
  xmlns="http://xmlns.oracle.com/bc4j"
  Name="InvSales"
  Version="12.2.1.12.24"
  InheritPersonalization="merge"
  DBObjectType="table"
  DBObjectName="INV_SALES"
  AliasName="InvSales"
  BindingStyle="OracleName">
  <Attribute
    Name="Saledate"
    ColumnName="SALEDATE"
    SQLType="DATE"
    Type="java.sql.Timestamp"
    ColumnType="DATE"
    TableName="INV_SALES"/>
  <Attribute
    Name="Orderno"
    IsNotNull="true"
    ColumnName="ORDERNO"
    SQLType="NUMERIC"
    Type="java.math.BigDecimal"
    ColumnType="NUMBER"
    TableName="INV_SALES"
    PrimaryKey="true"/>
  <Attribute
    Name="Salesperson"
    Precision="32"
    ColumnName="SALESPERSON"
    SQLType="VARCHAR"
    Type="java.lang.String"
    ColumnType="VARCHAR2"
    TableName="INV_SALES">
    <DesignTime>
      <Attr Name="_DisplaySize" Value="32"/>
    </DesignTime>
  </Attribute>
  <Attribute
    Name="ItemCode"
    Precision="32"
    ColumnName="ITEM_CODE"
    SQLType="VARCHAR"
    Type="java.lang.String"
    ColumnType="VARCHAR2"
    TableName="INV_SALES">
    <DesignTime>
      <Attr Name="_DisplaySize" Value="32"/>
    </DesignTime>
  </Attribute>
  <Attribute
    Name="SaleStatus"
    Precision="20"
    ColumnName="SALE_STATUS"
    SQLType="VARCHAR"
    Type="java.lang.String"
    ColumnType="VARCHAR2"
    TableName="INV_SALES">
    <DesignTime>
      <Attr Name="_DisplaySize" Value="20"/>
    </DesignTime>
  </Attribute>
  <Attribute
    Name="Notesremarks"
    Precision="1000"
    ColumnName="NOTESREMARKS"
    SQLType="VARCHAR"
    Type="java.lang.String"
    ColumnType="VARCHAR2"
    TableName="INV_SALES">
    <DesignTime>
      <Attr Name="_DisplaySize" Value="1000"/>
    </DesignTime>
  </Attribute>
  <Attribute
    Name="CustomerPhoneno"
    ColumnName="CUSTOMER_PHONENO"
    SQLType="NUMERIC"
    Type="java.math.BigDecimal"
    ColumnType="NUMBER"
    TableName="INV_SALES"/>
  <AccessorAttribute
    Name="InvSaleItems"
    Association="erp.model.fin.InvSaleItemsFk1Assoc"
    AssociationEnd="erp.model.fin.InvSaleItemsFk1Assoc.InvSaleItems"
    AssociationOtherEnd="erp.model.fin.InvSaleItemsFk1Assoc.InvSales"
    Type="oracle.jbo.RowIterator"
    IsUpdateable="false"/>
  <Key
    Name="InvSalesPk"
    PrimaryKey="true">
    <DesignTime>
      <Attr Name="_DBObjectName" Value="INV_SALES_PK"/>
    </DesignTime>
    <AttrArray Name="Attributes">
      <Item Value="erp.model.fin.InvSales.Orderno"/>
    </AttrArray>
  </Key>
  <Key
    Name="InvSalesFk1">
    <DesignTime>
      <Attr Name="_referencedKey" Value="INV_INVENTORY_PK"/>
      <Attr Name="_isForeign" Value="true"/>
      <Attr Name="_DBObjectName" Value="INV_SALES_FK1"/>
    </DesignTime>
    <AttrArray Name="Attributes">
      <Item Value="erp.model.fin.InvSales.ItemCode"/>
    </AttrArray>
  </Key>
</Entity>
