<?xml version="1.0" encoding="windows-1252" ?>
<!DOCTYPE ViewObject SYSTEM "jbo_03_01.dtd">
<!---->
<ViewObject
  xmlns="http://xmlns.oracle.com/bc4j"
  Name="InvSalesView"
  Version="12.2.1.12.24"
  InheritPersonalization="merge"
  SelectListFlags="1"
  FromListFlags="1"
  WhereFlags="1"
  BindingStyle="OracleName"
  CustomQuery="false"
  SelectAllAttributes="false"
  PageIterMode="Full">
  <ViewAccessor
    Name="LookupCode1"
    ViewObjectName="erp.model.LookupCode"
    RowLevelBinds="true">
    <ParameterMap>
      <PIMap Variable="BindLookupType">
        <TransientExpression
          trustMode="untrusted"
          Name="ExpressionScript"><![CDATA['SALE_STATUS']]></TransientExpression>
      </PIMap>
    </ParameterMap>
  </ViewAccessor>
  <ListBinding
    Name="LOV_SaleStatus"
    ListVOName="LookupCode1"
    NullValueFlag="start"
    NullValueId="${adfBundle['oracle.javatools.resourcebundle.SystemBundle']['NULL_VALUE_RESID']}"
    MRUCount="0">
    <AttrArray Name="AttrNames">
      <Item Value="SaleStatus"/>
    </AttrArray>
    <AttrArray Name="AttrExpressions"/>
    <AttrArray Name="ListAttrNames">
      <Item Value="LookupCode"/>
    </AttrArray>
    <AttrArray Name="ListDisplayAttrNames">
      <Item Value="Meaning"/>
    </AttrArray>
    <DisplayCriteria/>
  </ListBinding>
  <EntityUsage
    Name="InvSales"
    Entity="erp.model.fin.InvSales"/>
  <ViewAttribute
    Name="Saledate"
    PrecisionRule="true"
    EntityAttrName="Saledate"
    EntityUsage="InvSales"
    AliasName="SALEDATE">
    <Properties>
      <SchemaBasedProperties>
        <LABEL
          ResId="erp.model.fin.InvSalesView.Saledate_LABEL"/>
      </SchemaBasedProperties>
    </Properties>
  </ViewAttribute>
  <ViewAttribute
    Name="Orderno"
    IsNotNull="true"
    PrecisionRule="true"
    EntityAttrName="Orderno"
    EntityUsage="InvSales"
    AliasName="ORDERNO">
    <Properties>
      <SchemaBasedProperties>
        <LABEL
          ResId="erp.model.fin.InvSalesView.Orderno_LABEL"/>
      </SchemaBasedProperties>
    </Properties>
  </ViewAttribute>
  <ViewAttribute
    Name="Salesperson"
    PrecisionRule="true"
    EntityAttrName="Salesperson"
    EntityUsage="InvSales"
    AliasName="SALESPERSON">
    <Properties>
      <SchemaBasedProperties>
        <LABEL
          ResId="erp.model.fin.InvSalesView.Salesperson_LABEL"/>
      </SchemaBasedProperties>
    </Properties>
  </ViewAttribute>
  <ViewAttribute
    Name="ItemCode"
    PrecisionRule="true"
    EntityAttrName="ItemCode"
    EntityUsage="InvSales"
    AliasName="ITEM_CODE">
    <Properties>
      <SchemaBasedProperties>
        <LABEL
          ResId="erp.model.fin.InvSalesView.ItemCode_LABEL"/>
      </SchemaBasedProperties>
    </Properties>
  </ViewAttribute>
  <ViewAttribute
    Name="SaleStatus"
    PrecisionRule="true"
    EntityAttrName="SaleStatus"
    EntityUsage="InvSales"
    AliasName="SALE_STATUS"
    LOVName="LOV_SaleStatus">
    <Properties>
      <SchemaBasedProperties>
        <LABEL
          ResId="erp.model.fin.InvSalesView.SaleStatus_LABEL"/>
        <CONTROLTYPE
          Value="choice"/>
      </SchemaBasedProperties>
    </Properties>
  </ViewAttribute>
  <ViewAttribute
    Name="Notesremarks"
    PrecisionRule="true"
    EntityAttrName="Notesremarks"
    EntityUsage="InvSales"
    AliasName="NOTESREMARKS">
    <Properties>
      <SchemaBasedProperties>
        <LABEL
          ResId="erp.model.fin.InvSalesView.Notesremarks_LABEL"/>
      </SchemaBasedProperties>
    </Properties>
  </ViewAttribute>
  <ViewAttribute
    Name="CustomerPhoneno"
    PrecisionRule="true"
    EntityAttrName="CustomerPhoneno"
    EntityUsage="InvSales"
    AliasName="CUSTOMER_PHONENO">
    <Properties>
      <SchemaBasedProperties>
        <LABEL
          ResId="erp.model.fin.InvSalesView.CustomerPhoneno_LABEL"/>
      </SchemaBasedProperties>
    </Properties>
  </ViewAttribute>
  <ViewCriteria
    Name="InvSalesViewCriteria"
    ViewObjectName="erp.model.fin.InvSalesView"
    Conjunction="AND">
    <Properties Name="_Props">
      <CustomProperties>
        <Property
          Name="autoExecute"
          Value="false"/>
        <Property
          Name="mode"
          Value="Basic"/>
        <Property
          Name="allowConjunctionOverride"
          Value="false"/>
        <Property
          Name="showInList"
          Value="true"/>
        <Property
          Name="displayName"
          ResId="erp.model.fin.InvSalesView.InvSalesViewCriteria_displayName"/>
        <Property
          Name="displayOperators"
          Value="InAdvancedMode"/>
      </CustomProperties>
    </Properties>
    <ViewCriteriaRow
      Name="InvSalesViewCriteria_row_0"
      UpperColumns="1">
      <ViewCriteriaItem
        Name="Saledate"
        ViewAttribute="Saledate"
        Operator="BETWEEN"
        Conjunction="AND"
        Required="Optional"/>
      <ViewCriteriaItem
        Name="Orderno"
        ViewAttribute="Orderno"
        Operator="="
        Conjunction="AND"
        Required="Optional"/>
      <ViewCriteriaItem
        Name="SaleStatus"
        ViewAttribute="SaleStatus"
        Operator="="
        Conjunction="AND"
        Required="Optional"/>
    </ViewCriteriaRow>
  </ViewCriteria>
  <ViewLinkAccessor
    Name="InvSaleItemsView"
    ViewLink="erp.model.fin.InvSaleItemsFk1Link"
    Type="oracle.jbo.RowIterator"
    IsUpdateable="false"/>
  <ViewLinkAccessor
    Name="InvCustomersView1"
    ViewLink="erp.model.fin.fin_Sale_CustomerViewLink"
    Type="oracle.jbo.RowIterator"
    IsUpdateable="false"/>
  <ViewLinkAccessor
    Name="FinCusPayments1View"
    ViewLink="erp.model.fin.fin_sale_Customer_paymentViewLink"
    Type="oracle.jbo.RowIterator"
    IsUpdateable="false"/>
  <ViewLinkAccessor
    Name="FinCusPaymentsView1"
    ViewLink="erp.model.fin.Sale_customerPayment1ViewLink"
    Type="oracle.jbo.RowIterator"
    IsUpdateable="false"/>
  <ResourceBundle>
    <PropertiesBundle
      PropertiesFile="erp.model.SUNWAY_ERP_ModelBundle"/>
  </ResourceBundle>
  <SortCriteria>
    <Sort
      Attribute="Saledate"/>
  </SortCriteria>
</ViewObject>
