<?xml version="1.0" encoding="windows-1252" ?>
<!DOCTYPE Entity SYSTEM "jbo_03_01.dtd">
<!---->
<Entity
  xmlns="http://xmlns.oracle.com/bc4j"
  Name="InvVariance"
  Version="12.2.1.12.24"
  InheritPersonalization="merge"
  DBObjectType="table"
  DBObjectName="INV_VARIANCE"
  AliasName="InvVariance"
  BindingStyle="OracleName">
  <Attribute
    Name="ItemCode"
    IsNotNull="true"
    Precision="32"
    ColumnName="ITEM_CODE"
    SQLType="VARCHAR"
    Type="java.lang.String"
    ColumnType="VARCHAR2"
    TableName="INV_VARIANCE"
    PrimaryKey="true">
    <DesignTime>
      <Attr Name="_DisplaySize" Value="32"/>
    </DesignTime>
  </Attribute>
  <Attribute
    Name="VarianceStatus"
    IsNotNull="true"
    Precision="20"
    ColumnName="VARIANCE_STATUS"
    SQLType="VARCHAR"
    Type="java.lang.String"
    ColumnType="VARCHAR2"
    TableName="INV_VARIANCE">
    <DesignTime>
      <Attr Name="_DisplaySize" Value="20"/>
    </DesignTime>
  </Attribute>
  <Attribute
    Name="VarianceDate"
    IsNotNull="true"
    ColumnName="VARIANCE_DATE"
    SQLType="DATE"
    Type="java.sql.Timestamp"
    ColumnType="DATE"
    TableName="INV_VARIANCE"/>
  <Attribute
    Name="FromLocation"
    Precision="20"
    ColumnName="FROM_LOCATION"
    SQLType="VARCHAR"
    Type="java.lang.String"
    ColumnType="VARCHAR2"
    TableName="INV_VARIANCE">
    <DesignTime>
      <Attr Name="_DisplaySize" Value="20"/>
    </DesignTime>
  </Attribute>
  <Attribute
    Name="ToLocation"
    Precision="20"
    ColumnName="TO_LOCATION"
    SQLType="VARCHAR"
    Type="java.lang.String"
    ColumnType="VARCHAR2"
    TableName="INV_VARIANCE">
    <DesignTime>
      <Attr Name="_DisplaySize" Value="20"/>
    </DesignTime>
  </Attribute>
  <Attribute
    Name="NotesRemarks"
    Precision="100"
    ColumnName="NOTES_REMARKS"
    SQLType="VARCHAR"
    Type="java.lang.String"
    ColumnType="VARCHAR2"
    TableName="INV_VARIANCE">
    <DesignTime>
      <Attr Name="_DisplaySize" Value="100"/>
    </DesignTime>
  </Attribute>
  <Attribute
    Name="VarianceQuantity"
    ColumnName="VARIANCE_QUANTITY"
    SQLType="NUMERIC"
    Type="java.math.BigDecimal"
    ColumnType="NUMBER"
    TableName="INV_VARIANCE"/>
  <Attribute
    Name="VariancecReason"
    Precision="32"
    ColumnName="VARIANCEC_REASON"
    SQLType="VARCHAR"
    Type="java.lang.String"
    ColumnType="VARCHAR2"
    TableName="INV_VARIANCE">
    <DesignTime>
      <Attr Name="_DisplaySize" Value="32"/>
    </DesignTime>
  </Attribute>
  <Attribute
    Name="VarianceType"
    Precision="20"
    ColumnName="VARIANCE_TYPE"
    SQLType="VARCHAR"
    Type="java.lang.String"
    ColumnType="VARCHAR2"
    TableName="INV_VARIANCE">
    <DesignTime>
      <Attr Name="_DisplaySize" Value="20"/>
    </DesignTime>
  </Attribute>
  <AccessorAttribute
    Name="InvInventory"
    Association="erp.model.fin.InvVarianceFk1Assoc"
    AssociationEnd="erp.model.fin.InvVarianceFk1Assoc.InvInventory"
    AssociationOtherEnd="erp.model.fin.InvVarianceFk1Assoc.InvVariance"
    Type="oracle.jbo.server.EntityImpl"
    IsUpdateable="true"/>
  <Key
    Name="InvVariancePk"
    PrimaryKey="true">
    <DesignTime>
      <Attr Name="_DBObjectName" Value="INV_VARIANCE_PK"/>
    </DesignTime>
    <AttrArray Name="Attributes">
      <Item Value="erp.model.fin.InvVariance.ItemCode"/>
    </AttrArray>
  </Key>
  <Key
    Name="InvVarianceFk1">
    <DesignTime>
      <Attr Name="_isCascadeDelete" Value="true"/>
      <Attr Name="_referencedKey" Value="INV_INVENTORY_PK"/>
      <Attr Name="_isForeign" Value="true"/>
      <Attr Name="_DBObjectName" Value="INV_VARIANCE_FK1"/>
    </DesignTime>
    <AttrArray Name="Attributes">
      <Item Value="erp.model.fin.InvVariance.ItemCode"/>
    </AttrArray>
  </Key>
</Entity>
