<?xml version="1.0" encoding="windows-1252" ?>
<!DOCTYPE ViewObject SYSTEM "jbo_03_01.dtd">
<!---->
<ViewObject
  xmlns="http://xmlns.oracle.com/bc4j"
  Name="InvVendorsView"
  Version="12.2.1.12.24"
  InheritPersonalization="merge"
  SelectListFlags="1"
  FromListFlags="1"
  WhereFlags="1"
  BindingStyle="OracleName"
  CustomQuery="false"
  SelectAllAttributes="false"
  PageIterMode="Full">
  <EntityUsage
    Name="InvVendors"
    Entity="erp.model.fin.InvVendors"/>
  <ViewAttribute
    Name="Orderno"
    IsNotNull="true"
    PrecisionRule="true"
    EntityAttrName="Orderno"
    EntityUsage="InvVendors"
    AliasName="ORDERNO">
    <Properties>
      <SchemaBasedProperties>
        <LABEL
          ResId="erp.model.fin.InvVendorsView.Orderno_LABEL"/>
      </SchemaBasedProperties>
    </Properties>
  </ViewAttribute>
  <ViewAttribute
    Name="ItemCode"
    PrecisionRule="true"
    EntityAttrName="ItemCode"
    EntityUsage="InvVendors"
    AliasName="ITEM_CODE">
    <Properties>
      <SchemaBasedProperties>
        <LABEL
          ResId="erp.model.fin.InvVendorsView.ItemCode_LABEL"/>
      </SchemaBasedProperties>
    </Properties>
  </ViewAttribute>
  <ViewAttribute
    Name="VendorId"
    IsNotNull="true"
    PrecisionRule="true"
    EntityAttrName="VendorId"
    EntityUsage="InvVendors"
    AliasName="VENDOR_ID">
    <Properties>
      <SchemaBasedProperties>
        <LABEL
          ResId="erp.model.fin.InvVendorsView.VendorId_LABEL"/>
      </SchemaBasedProperties>
    </Properties>
  </ViewAttribute>
  <ViewAttribute
    Name="VendorName"
    PrecisionRule="true"
    EntityAttrName="VendorName"
    EntityUsage="InvVendors"
    AliasName="VENDOR_NAME">
    <Properties>
      <SchemaBasedProperties>
        <LABEL
          ResId="erp.model.fin.InvVendorsView.VendorName_LABEL"/>
      </SchemaBasedProperties>
    </Properties>
  </ViewAttribute>
  <ViewAttribute
    Name="Street"
    PrecisionRule="true"
    EntityAttrName="Street"
    EntityUsage="InvVendors"
    AliasName="STREET">
    <Properties>
      <SchemaBasedProperties>
        <LABEL
          ResId="erp.model.fin.InvVendorsView.Street_LABEL"/>
      </SchemaBasedProperties>
    </Properties>
  </ViewAttribute>
  <ViewAttribute
    Name="City"
    PrecisionRule="true"
    EntityAttrName="City"
    EntityUsage="InvVendors"
    AliasName="CITY">
    <Properties>
      <SchemaBasedProperties>
        <LABEL
          ResId="erp.model.fin.InvVendorsView.City_LABEL"/>
      </SchemaBasedProperties>
    </Properties>
  </ViewAttribute>
  <ViewAttribute
    Name="Country"
    PrecisionRule="true"
    EntityAttrName="Country"
    EntityUsage="InvVendors"
    AliasName="COUNTRY">
    <Properties>
      <SchemaBasedProperties>
        <LABEL
          ResId="erp.model.fin.InvVendorsView.Country_LABEL"/>
      </SchemaBasedProperties>
    </Properties>
  </ViewAttribute>
  <ViewAttribute
    Name="Phoneno"
    PrecisionRule="true"
    EntityAttrName="Phoneno"
    EntityUsage="InvVendors"
    AliasName="PHONENO">
    <Properties>
      <SchemaBasedProperties>
        <LABEL
          ResId="erp.model.fin.InvVendorsView.Phoneno_LABEL"/>
      </SchemaBasedProperties>
    </Properties>
  </ViewAttribute>
  <ResourceBundle>
    <PropertiesBundle
      PropertiesFile="erp.model.SUNWAY_ERP_ModelBundle"/>
  </ResourceBundle>
</ViewObject>
