<?xml version="1.0" encoding="windows-1252" ?>
<!DOCTYPE ViewLink SYSTEM "jbo_03_01.dtd">
<!---->
<ViewLink
  xmlns="http://xmlns.oracle.com/bc4j"
  Name="InvVarianceFk1Link"
  Version="12.2.1.12.24"
  InheritPersonalization="merge"
  EntityAssociation="erp.model.fin.InvVarianceFk1Assoc">
  <ViewLinkDefEnd
    Name="InvInventoryView"
    Cardinality="1"
    Source="true"
    Owner="erp.model.fin.InvInventoryView">
    <DesignTime>
      <Attr Name="_isUpdateable" Value="true"/>
      <Attr Name="_minCardinality" Value="1"/>
      <Attr Name="_finderName" Value="InvInventoryView"/>
    </DesignTime>
    <AttrArray Name="Attributes">
      <Item Value="erp.model.fin.InvInventoryView.ItemCode"/>
    </AttrArray>
  </ViewLinkDefEnd>
  <ViewLinkDefEnd
    Name="InvVarianceView"
    Cardinality="1"
    Owner="erp.model.fin.InvVarianceView">
    <DesignTime>
      <Attr Name="_isUpdateable" Value="true"/>
      <Attr Name="_finderName" Value="InvVarianceView"/>
    </DesignTime>
    <AttrArray Name="Attributes">
      <Item Value="erp.model.fin.InvVarianceView.ItemCode"/>
    </AttrArray>
  </ViewLinkDefEnd>
</ViewLink>
