<?xml version="1.0" encoding="windows-1252" ?>
<!DOCTYPE ViewObject SYSTEM "jbo_03_01.dtd">
<!---->
<ViewObject
  xmlns="http://xmlns.oracle.com/bc4j"
  Name="CompanyInfoView"
  Version="12.2.1.12.24"
  InheritPersonalization="merge"
  SelectListFlags="1"
  FromListFlags="1"
  WhereFlags="1"
  BindingStyle="OracleName"
  CustomQuery="false"
  SelectAllAttributes="false"
  PageIterMode="Full">
  <EntityUsage
    Name="CompanyInfo"
    Entity="erp.model.inv.CompanyInfo"/>
  <ViewAttribute
    Name="CompanyName"
    IsNotNull="true"
    PrecisionRule="true"
    EntityAttrName="CompanyName"
    EntityUsage="CompanyInfo"
    AliasName="COMPANY_NAME">
    <Properties>
      <SchemaBasedProperties>
        <LABEL
          ResId="erp.model.inv.CompanyInfoView.CompanyName_LABEL"/>
      </SchemaBasedProperties>
    </Properties>
  </ViewAttribute>
  <ViewAttribute
    Name="NoOfEmployees"
    PrecisionRule="true"
    EntityAttrName="NoOfEmployees"
    EntityUsage="CompanyInfo"
    AliasName="NO_OF_EMPLOYEES">
    <Properties>
      <SchemaBasedProperties>
        <LABEL
          ResId="erp.model.inv.CompanyInfoView.NoOfEmployees_LABEL"/>
      </SchemaBasedProperties>
    </Properties>
  </ViewAttribute>
  <ViewAttribute
    Name="CrNo"
    IsNotNull="true"
    PrecisionRule="true"
    EntityAttrName="CrNo"
    EntityUsage="CompanyInfo"
    AliasName="CR_NO">
    <Properties>
      <SchemaBasedProperties>
        <LABEL
          ResId="erp.model.inv.CompanyInfoView.CrNo_LABEL"/>
      </SchemaBasedProperties>
    </Properties>
  </ViewAttribute>
  <ViewAttribute
    Name="ComputerCard"
    PrecisionRule="true"
    EntityAttrName="ComputerCard"
    EntityUsage="CompanyInfo"
    AliasName="COMPUTER_CARD">
    <Properties>
      <SchemaBasedProperties>
        <LABEL
          ResId="erp.model.inv.CompanyInfoView.ComputerCard_LABEL"/>
      </SchemaBasedProperties>
    </Properties>
  </ViewAttribute>
  <ViewAttribute
    Name="Street"
    PrecisionRule="true"
    EntityAttrName="Street"
    EntityUsage="CompanyInfo"
    AliasName="STREET">
    <Properties>
      <SchemaBasedProperties>
        <LABEL
          ResId="erp.model.inv.CompanyInfoView.Street_LABEL"/>
      </SchemaBasedProperties>
    </Properties>
  </ViewAttribute>
  <ViewAttribute
    Name="City"
    PrecisionRule="true"
    EntityAttrName="City"
    EntityUsage="CompanyInfo"
    AliasName="CITY">
    <Properties>
      <SchemaBasedProperties>
        <LABEL
          ResId="erp.model.inv.CompanyInfoView.City_LABEL"/>
      </SchemaBasedProperties>
    </Properties>
  </ViewAttribute>
  <ViewAttribute
    Name="State"
    PrecisionRule="true"
    EntityAttrName="State"
    EntityUsage="CompanyInfo"
    AliasName="STATE">
    <Properties>
      <SchemaBasedProperties>
        <LABEL
          ResId="erp.model.inv.CompanyInfoView.State_LABEL"/>
      </SchemaBasedProperties>
    </Properties>
  </ViewAttribute>
  <ViewAttribute
    Name="Country"
    PrecisionRule="true"
    EntityAttrName="Country"
    EntityUsage="CompanyInfo"
    AliasName="COUNTRY">
    <Properties>
      <SchemaBasedProperties>
        <LABEL
          ResId="erp.model.inv.CompanyInfoView.Country_LABEL"/>
      </SchemaBasedProperties>
    </Properties>
  </ViewAttribute>
  <ViewAttribute
    Name="EmployeeNo"
    PrecisionRule="true"
    EntityAttrName="EmployeeNo"
    EntityUsage="CompanyInfo"
    AliasName="EMPLOYEE_NO">
    <Properties>
      <SchemaBasedProperties>
        <LABEL
          ResId="erp.model.inv.CompanyInfoView.EmployeeNo_LABEL"/>
      </SchemaBasedProperties>
    </Properties>
  </ViewAttribute>
  <ViewAttribute
    Name="PhoneNo"
    PrecisionRule="true"
    EntityAttrName="PhoneNo"
    EntityUsage="CompanyInfo"
    AliasName="PHONE_NO">
    <Properties>
      <SchemaBasedProperties>
        <LABEL
          ResId="erp.model.inv.CompanyInfoView.PhoneNo_LABEL"/>
      </SchemaBasedProperties>
    </Properties>
  </ViewAttribute>
  <ResourceBundle>
    <PropertiesBundle
      PropertiesFile="erp.model.SUNWAY_ERP_ModelBundle"/>
  </ResourceBundle>
  <SortCriteria>
    <Sort
      Attribute="CompanyName"/>
  </SortCriteria>
</ViewObject>
