<?xml version="1.0" encoding="windows-1252" ?>
<!DOCTYPE Association SYSTEM "jbo_03_01.dtd">
<!---->
<Association
  xmlns="http://xmlns.oracle.com/bc4j"
  Name="InvCustomersFk1Assoc"
  Version="12.2.1.12.24"
  InheritPersonalization="merge">
  <DesignTime>
    <Attr Name="_isCodegen" Value="true"/>
  </DesignTime>
  <AssociationEnd
    Name="InvSales"
    Cardinality="1"
    Source="true"
    Owner="erp.model.inv.InvSales">
    <DesignTime>
      <Attr Name="_isUpdateable" Value="true"/>
      <Attr Name="_minCardinality" Value="1"/>
      <Attr Name="_aggregation" Value="0"/>
      <Attr Name="_finderName" Value="InvSales"/>
      <Attr Name="_foreignKey" Value="erp.model.inv.InvSales.InvSalesPk"/>
    </DesignTime>
    <AttrArray Name="Attributes">
      <Item Value="erp.model.inv.InvSales.Orderno"/>
    </AttrArray>
  </AssociationEnd>
  <AssociationEnd
    Name="InvCustomers"
    Cardinality="1"
    Owner="erp.model.inv.InvCustomers">
    <DesignTime>
      <Attr Name="_isUpdateable" Value="true"/>
      <Attr Name="_aggregation" Value="0"/>
      <Attr Name="_finderName" Value="InvCustomers"/>
      <Attr Name="_foreignKey" Value="erp.model.inv.InvCustomers.InvCustomersFk1"/>
    </DesignTime>
    <AttrArray Name="Attributes">
      <Item Value="erp.model.inv.InvCustomers.OrderNo"/>
    </AttrArray>
  </AssociationEnd>
</Association>
