<?xml version="1.0" encoding="windows-1252" ?>
<!DOCTYPE ViewObject SYSTEM "jbo_03_01.dtd">
<!---->
<ViewObject
  xmlns="http://xmlns.oracle.com/bc4j"
  Name="InvInventory2View"
  Version="12.2.1.12.24"
  InheritPersonalization="merge"
  SelectListFlags="1"
  FromListFlags="1"
  WhereFlags="1"
  BindingStyle="OracleName"
  CustomQuery="false"
  SelectAllAttributes="false"
  PageIterMode="Full"
  FetchMode="FETCH_AS_NEEDED"
  MaxFetchSize="0">
  <ViewAccessor
    Name="LookupCode1"
    ViewObjectName="erp.model.LookupCode"
    RowLevelBinds="true">
    <ParameterMap>
      <PIMap Variable="BindLookupType">
        <TransientExpression
          trustMode="untrusted"
          Name="ExpressionScript"><![CDATA['PRODUCT_STATUS']]></TransientExpression>
      </PIMap>
    </ParameterMap>
  </ViewAccessor>
  <ViewAccessor
    Name="LookupCode2"
    ViewObjectName="erp.model.LookupCode"
    RowLevelBinds="true">
    <ParameterMap>
      <PIMap Variable="BindLookupType">
        <TransientExpression
          trustMode="untrusted"
          Name="ExpressionScript"><![CDATA['UOM']]></TransientExpression>
      </PIMap>
    </ParameterMap>
  </ViewAccessor>
  <ViewAccessor
    Name="InvStoresView1"
    ViewObjectName="erp.model.inv.InvStoresView"
    RowLevelBinds="true"/>
  <ListBinding
    Name="LOV_Location"
    ListVOName="InvStoresView1"
    NullValueFlag="none"
    MRUCount="0">
    <AttrArray Name="AttrNames">
      <Item Value="Location"/>
    </AttrArray>
    <AttrArray Name="AttrExpressions"/>
    <AttrArray Name="ListAttrNames">
      <Item Value="StoreName"/>
    </AttrArray>
    <AttrArray Name="ListDisplayAttrNames">
      <Item Value="StoreName"/>
    </AttrArray>
    <DisplayCriteria/>
  </ListBinding>
  <ListBinding
    Name="LOV_ProductStatus"
    ListVOName="LookupCode1"
    NullValueFlag="start"
    NullValueId="${adfBundle['oracle.javatools.resourcebundle.SystemBundle']['NULL_VALUE_RESID']}"
    MRUCount="0">
    <AttrArray Name="AttrNames">
      <Item Value="ProductStatus"/>
    </AttrArray>
    <AttrArray Name="AttrExpressions"/>
    <AttrArray Name="ListAttrNames">
      <Item Value="LookupCode"/>
    </AttrArray>
    <AttrArray Name="ListDisplayAttrNames">
      <Item Value="Meaning"/>
    </AttrArray>
    <DisplayCriteria/>
  </ListBinding>
  <ListBinding
    Name="LOV_Uof"
    ListVOName="LookupCode2"
    NullValueFlag="start"
    NullValueId="${adfBundle['oracle.javatools.resourcebundle.SystemBundle']['NULL_VALUE_RESID']}"
    MRUCount="0">
    <AttrArray Name="AttrNames">
      <Item Value="Uof"/>
    </AttrArray>
    <AttrArray Name="AttrExpressions"/>
    <AttrArray Name="ListAttrNames">
      <Item Value="LookupCode"/>
    </AttrArray>
    <AttrArray Name="ListDisplayAttrNames">
      <Item Value="Meaning"/>
    </AttrArray>
    <DisplayCriteria/>
  </ListBinding>
  <EntityUsage
    Name="InvInventory2"
    Entity="erp.model.inv.InvInventory2"/>
  <ViewAttribute
    Name="ItemCode"
    IsNotNull="true"
    PrecisionRule="true"
    EntityAttrName="ItemCode"
    EntityUsage="InvInventory2"
    AliasName="ITEM_CODE">
    <Properties>
      <SchemaBasedProperties>
        <LABEL
          ResId="erp.model.inv.InvInventory2View.ItemCode_LABEL"/>
      </SchemaBasedProperties>
    </Properties>
  </ViewAttribute>
  <ViewAttribute
    Name="Barcode"
    PrecisionRule="true"
    EntityAttrName="Barcode"
    EntityUsage="InvInventory2"
    AliasName="BARCODE">
    <Properties>
      <SchemaBasedProperties>
        <LABEL
          ResId="erp.model.inv.InvInventory2View.Barcode_LABEL"/>
      </SchemaBasedProperties>
    </Properties>
  </ViewAttribute>
  <ViewAttribute
    Name="SerialNumber"
    IsNotNull="true"
    PrecisionRule="true"
    EntityAttrName="SerialNumber"
    EntityUsage="InvInventory2"
    AliasName="SERIAL_NUMBER">
    <Properties>
      <SchemaBasedProperties>
        <LABEL
          ResId="erp.model.inv.InvInventory2View.SerialNumber_LABEL"/>
      </SchemaBasedProperties>
    </Properties>
  </ViewAttribute>
  <ViewAttribute
    Name="Location"
    IsNotNull="true"
    PrecisionRule="true"
    EntityAttrName="Location"
    EntityUsage="InvInventory2"
    AliasName="LOCATION"
    LOVName="LOV_Location">
    <Properties>
      <SchemaBasedProperties>
        <CONTROLTYPE
          Value="choice"/>
        <LABEL
          ResId="erp.model.inv.InvInventory2View.Location_LABEL"/>
      </SchemaBasedProperties>
    </Properties>
  </ViewAttribute>
  <ViewAttribute
    Name="ProductCategory"
    PrecisionRule="true"
    EntityAttrName="ProductCategory"
    EntityUsage="InvInventory2"
    AliasName="PRODUCT_CATEGORY">
    <Properties>
      <SchemaBasedProperties>
        <LABEL
          ResId="erp.model.inv.InvInventory2View.ProductCategory_LABEL"/>
      </SchemaBasedProperties>
    </Properties>
  </ViewAttribute>
  <ViewAttribute
    Name="Brand"
    PrecisionRule="true"
    EntityAttrName="Brand"
    EntityUsage="InvInventory2"
    AliasName="BRAND">
    <Properties>
      <SchemaBasedProperties>
        <LABEL
          ResId="erp.model.inv.InvInventory2View.Brand_LABEL"/>
      </SchemaBasedProperties>
    </Properties>
  </ViewAttribute>
  <ViewAttribute
    Name="ProductName"
    PrecisionRule="true"
    EntityAttrName="ProductName"
    EntityUsage="InvInventory2"
    AliasName="PRODUCT_NAME">
    <Properties>
      <SchemaBasedProperties>
        <LABEL
          ResId="erp.model.inv.InvInventory2View.ProductName_LABEL"/>
      </SchemaBasedProperties>
    </Properties>
  </ViewAttribute>
  <ViewAttribute
    Name="ItemType"
    PrecisionRule="true"
    EntityAttrName="ItemType"
    EntityUsage="InvInventory2"
    AliasName="ITEM_TYPE">
    <Properties>
      <SchemaBasedProperties>
        <LABEL
          ResId="erp.model.inv.InvInventory2View.ItemType_LABEL"/>
      </SchemaBasedProperties>
    </Properties>
  </ViewAttribute>
  <ViewAttribute
    Name="ItemDescription"
    PrecisionRule="true"
    EntityAttrName="ItemDescription"
    EntityUsage="InvInventory2"
    AliasName="ITEM_DESCRIPTION">
    <Properties>
      <SchemaBasedProperties>
        <LABEL
          ResId="erp.model.inv.InvInventory2View.ItemDescription_LABEL"/>
      </SchemaBasedProperties>
    </Properties>
  </ViewAttribute>
  <ViewAttribute
    Name="QuantityReceived"
    PrecisionRule="true"
    EntityAttrName="QuantityReceived"
    EntityUsage="InvInventory2"
    AliasName="QUANTITY_RECEIVED">
    <Properties>
      <SchemaBasedProperties>
        <LABEL
          ResId="erp.model.inv.InvInventory2View.QuantityReceived_LABEL"/>
      </SchemaBasedProperties>
    </Properties>
  </ViewAttribute>
  <ViewAttribute
    Name="QuantityOnHande"
    PrecisionRule="true"
    EntityAttrName="QuantityOnHande"
    EntityUsage="InvInventory2"
    AliasName="QUANTITY_ON_HANDE">
    <Properties>
      <SchemaBasedProperties>
        <LABEL
          ResId="erp.model.inv.InvInventory2View.QuantityOnHande_LABEL"/>
      </SchemaBasedProperties>
    </Properties>
  </ViewAttribute>
  <ViewAttribute
    Name="RetailPrice"
    PrecisionRule="true"
    EntityAttrName="RetailPrice"
    EntityUsage="InvInventory2"
    AliasName="RETAIL_PRICE">
    <Properties>
      <SchemaBasedProperties>
        <LABEL
          ResId="erp.model.inv.InvInventory2View.RetailPrice_LABEL"/>
      </SchemaBasedProperties>
    </Properties>
  </ViewAttribute>
  <ViewAttribute
    Name="UnitSalePrice"
    PrecisionRule="true"
    EntityAttrName="UnitSalePrice"
    EntityUsage="InvInventory2"
    AliasName="UNIT_SALE_PRICE">
    <Properties>
      <SchemaBasedProperties>
        <LABEL
          ResId="erp.model.inv.InvInventory2View.UnitSalePrice_LABEL"/>
      </SchemaBasedProperties>
    </Properties>
  </ViewAttribute>
  <ViewAttribute
    Name="DateReceived"
    PrecisionRule="true"
    EntityAttrName="DateReceived"
    EntityUsage="InvInventory2"
    AliasName="DATE_RECEIVED">
    <Properties>
      <SchemaBasedProperties>
        <LABEL
          ResId="erp.model.inv.InvInventory2View.DateReceived_LABEL"/>
      </SchemaBasedProperties>
    </Properties>
  </ViewAttribute>
  <ViewAttribute
    Name="SaleByDate"
    PrecisionRule="true"
    EntityAttrName="SaleByDate"
    EntityUsage="InvInventory2"
    AliasName="SALE_BY_DATE">
    <Properties>
      <SchemaBasedProperties>
        <LABEL
          ResId="erp.model.inv.InvInventory2View.SaleByDate_LABEL"/>
      </SchemaBasedProperties>
    </Properties>
  </ViewAttribute>
  <ViewAttribute
    Name="Minimum"
    PrecisionRule="true"
    EntityAttrName="Minimum"
    EntityUsage="InvInventory2"
    AliasName="MINIMUM">
    <Properties>
      <SchemaBasedProperties>
        <LABEL
          ResId="erp.model.inv.InvInventory2View.Minimum_LABEL"/>
      </SchemaBasedProperties>
    </Properties>
  </ViewAttribute>
  <ViewAttribute
    Name="Maximum"
    PrecisionRule="true"
    EntityAttrName="Maximum"
    EntityUsage="InvInventory2"
    AliasName="MAXIMUM">
    <Properties>
      <SchemaBasedProperties>
        <LABEL
          ResId="erp.model.inv.InvInventory2View.Maximum_LABEL"/>
      </SchemaBasedProperties>
    </Properties>
  </ViewAttribute>
  <ViewAttribute
    Name="Notesremarks"
    PrecisionRule="true"
    EntityAttrName="Notesremarks"
    EntityUsage="InvInventory2"
    AliasName="NOTESREMARKS">
    <Properties>
      <SchemaBasedProperties>
        <LABEL
          ResId="erp.model.inv.InvInventory2View.Notesremarks_LABEL"/>
      </SchemaBasedProperties>
    </Properties>
  </ViewAttribute>
  <ViewAttribute
    Name="ProductStatus"
    PrecisionRule="true"
    EntityAttrName="ProductStatus"
    EntityUsage="InvInventory2"
    AliasName="PRODUCT_STATUS"
    LOVName="LOV_ProductStatus">
    <Properties>
      <SchemaBasedProperties>
        <CONTROLTYPE
          Value="choice"/>
        <LABEL
          ResId="erp.model.inv.InvInventory2View.ProductStatus_LABEL"/>
      </SchemaBasedProperties>
    </Properties>
  </ViewAttribute>
  <ViewAttribute
    Name="ItemPic"
    IsQueriable="false"
    PrecisionRule="true"
    EntityAttrName="ItemPic"
    EntityUsage="InvInventory2"
    AliasName="ITEM_PIC"/>
  <ViewAttribute
    Name="Uof"
    PrecisionRule="true"
    EntityAttrName="Uof"
    EntityUsage="InvInventory2"
    AliasName="UOF"
    LOVName="LOV_Uof">
    <Properties>
      <SchemaBasedProperties>
        <CONTROLTYPE
          Value="choice"/>
        <LABEL
          ResId="erp.model.inv.InvInventory2View.Uof_LABEL"/>
      </SchemaBasedProperties>
    </Properties>
  </ViewAttribute>
  <ViewAttribute
    Name="Variance"
    PrecisionRule="true"
    EntityAttrName="Variance"
    EntityUsage="InvInventory2"
    AliasName="VARIANCE"/>
  <ViewAttribute
    Name="Commission"
    PrecisionRule="true"
    EntityAttrName="Commission"
    EntityUsage="InvInventory2"
    AliasName="COMMISSION">
    <Properties>
      <SchemaBasedProperties>
        <LABEL
          ResId="erp.model.inv.InvInventory2View.Commission_LABEL"/>
      </SchemaBasedProperties>
    </Properties>
  </ViewAttribute>
  <ViewAttribute
    Name="TotalCommission"
    PrecisionRule="true"
    EntityAttrName="TotalCommission"
    EntityUsage="InvInventory2"
    AliasName="TOTAL_COMMISSION">
    <Properties>
      <SchemaBasedProperties>
        <LABEL
          ResId="erp.model.inv.InvInventory2View.TotalCommission_LABEL"/>
      </SchemaBasedProperties>
    </Properties>
  </ViewAttribute>
  <ViewCriteria
    Name="InvInventory2ViewCriteria"
    ViewObjectName="erp.model.inv.InvInventory2View"
    Conjunction="AND">
    <Properties Name="_Props">
      <CustomProperties>
        <Property
          Name="autoExecute"
          Value="false"/>
        <Property
          Name="mode"
          Value="Basic"/>
        <Property
          Name="allowConjunctionOverride"
          Value="false"/>
        <Property
          Name="showInList"
          Value="true"/>
        <Property
          Name="displayOperators"
          Value="InAdvancedMode"/>
      </CustomProperties>
    </Properties>
    <ViewCriteriaRow
      Name="InvInventory2ViewCriteria_row_0"
      UpperColumns="1">
      <ViewCriteriaItem
        Name="ItemCode"
        ViewAttribute="ItemCode"
        Operator="STARTSWITH"
        Conjunction="AND"
        Required="Optional"/>
      <ViewCriteriaItem
        Name="Location"
        ViewAttribute="Location"
        Operator="STARTSWITH"
        Conjunction="AND"
        Required="Optional"/>
      <ViewCriteriaItem
        Name="ProductName"
        ViewAttribute="ProductName"
        Operator="STARTSWITH"
        Conjunction="AND"
        Required="Optional"/>
    </ViewCriteriaRow>
  </ViewCriteria>
  <ResourceBundle>
    <PropertiesBundle
      PropertiesFile="erp.model.SUNWAY_ERP_ModelBundle"/>
  </ResourceBundle>
</ViewObject>
