<?xml version="1.0" encoding="windows-1252" ?>
<!DOCTYPE ViewObject SYSTEM "jbo_03_01.dtd">
<!---->
<ViewObject
  xmlns="http://xmlns.oracle.com/bc4j"
  Name="InvInventoryVView"
  Version="12.2.1.12.24"
  InheritPersonalization="merge"
  BindingStyle="OracleName"
  CustomQuery="true"
  PageIterMode="Full"
  OrderBy='"ITEM_CODE"'
  FetchMode="FETCH_AS_NEEDED"
  MaxFetchSize="0">
  <DesignTime>
    <Attr Name="_isExpertMode" Value="true"/>
  </DesignTime>
  <ViewAccessor
    Name="LookupCode1"
    ViewObjectName="erp.model.LookupCode"
    RowLevelBinds="true">
    <ParameterMap>
      <PIMap Variable="BindLookupType">
        <TransientExpression
          trustMode="untrusted"
          Name="ExpressionScript"><![CDATA['UOF']]></TransientExpression>
      </PIMap>
    </ParameterMap>
  </ViewAccessor>
  <ViewAccessor
    Name="LookupCode2"
    ViewObjectName="erp.model.LookupCode"
    RowLevelBinds="true">
    <ParameterMap>
      <PIMap Variable="BindLookupType">
        <TransientExpression
          trustMode="untrusted"
          Name="ExpressionScript"><![CDATA['PRODUCT_STATUS']]></TransientExpression>
      </PIMap>
    </ParameterMap>
  </ViewAccessor>
  <ViewAccessor
    Name="LookupCode3"
    ViewObjectName="erp.model.LookupCode"
    RowLevelBinds="true"/>
  <ViewAccessor
    Name="inv_Modules_InvStoresView1_1"
    ViewObjectName="erp.model.inv.InvStoresView"
    AMUsageName="inv_Modules"
    ViewInstanceName="InvStoresView1"
    RowLevelBinds="true"/>
  <ListBinding
    Name="LOV_Location"
    ListVOName="inv_Modules_InvStoresView1_1"
    NullValueFlag="none"
    MRUCount="0">
    <AttrArray Name="AttrNames">
      <Item Value="Location"/>
    </AttrArray>
    <AttrArray Name="AttrExpressions"/>
    <AttrArray Name="ListAttrNames">
      <Item Value="StoreName"/>
    </AttrArray>
    <AttrArray Name="ListDisplayAttrNames">
      <Item Value="StoreName"/>
    </AttrArray>
    <DisplayCriteria/>
  </ListBinding>
  <SQLQuery><![CDATA[SELECT InvInventory.ITEM_CODE, 
       InvInventory.SERIAL_NUMBER, 
       InvInventory.LOCATION, 
       InvInventory.PRODUCT_CATEGORY, 
       InvInventory.BRAND, 
       InvInventory.PRODUCT_NAME, 
       InvInventory.ITEM_TYPE, 
       InvInventory.ITEM_DESCRIPTION, 
       InvInventory.QUANTITY_RECEIVED, 
       InvInventory.QUANTITY_ON_HANDE, 
       InvInventory.RETAIL_PRICE, 
       InvInventory.UNIT_SALE_PRICE, 
       InvInventory.DATE_RECEIVED, 
       InvInventory.SALE_BY_DATE, 
       InvInventory.MINIMUM, 
       InvInventory.MAXIMUM, 
       InvInventory.NOTESREMARKS, 
       InvInventory.PRODUCT_STATUS, 
       InvInventory.ITEM_PIC, 
       InvInventory.UOF, 
       InvInventory.VARIANCE 
FROM INV_INVENTORY InvInventory]]></SQLQuery>
  <EntityUsage
    Name="InvSales"
    Entity="erp.model.inv.InvSales"/>
  <EntityUsage
    Name="InvOrders"
    Entity="erp.model.inv.InvOrders"
    ReadOnly="true"
    DeleteParticipant="false">
    <DesignTime>
      <Attr Name="_customjoin" Value="true"/>
    </DesignTime>
  </EntityUsage>
  <EntityUsage
    Name="InvSaleItems"
    Entity="erp.model.inv.InvSaleItems"
    Association="erp.model.inv.InvSaleItemsFk1Assoc"
    AssociationEnd="erp.model.inv.InvSaleItemsFk1Assoc.InvSaleItems"
    SourceUsage="erp.model.inv.InvInventoryVView.InvSales"
    ReadOnly="true"
    Reference="true"
    DeleteParticipant="false"
    JoinType="INNER JOIN">
    <DesignTime>
      <AttrArray Name="_dstAttributes">
        <Item Value="erp.model.inv.InvSaleItems.OrderNo"/>
      </AttrArray>
      <AttrArray Name="_srcAttributes">
        <Item Value="erp.model.inv.InvSales.Orderno"/>
      </AttrArray>
    </DesignTime>
  </EntityUsage>
  <EntityUsage
    Name="InvOrderedItems"
    Entity="erp.model.inv.InvOrderedItems"
    Association="erp.model.inv.InvOrderedItemsFk1Assoc"
    AssociationEnd="erp.model.inv.InvOrderedItemsFk1Assoc.InvOrderedItems"
    SourceUsage="erp.model.inv.InvInventoryVView.InvOrders"
    ReadOnly="true"
    Reference="true"
    DeleteParticipant="false"
    JoinType="INNER JOIN">
    <DesignTime>
      <AttrArray Name="_dstAttributes">
        <Item Value="erp.model.inv.InvOrderedItems.OrderNo"/>
      </AttrArray>
      <AttrArray Name="_srcAttributes">
        <Item Value="erp.model.inv.InvOrders.OrderId"/>
      </AttrArray>
    </DesignTime>
  </EntityUsage>
  <EntityUsage
    Name="InvVariance"
    Entity="erp.model.inv.InvVariance"
    ReadOnly="true"
    DeleteParticipant="false">
    <DesignTime>
      <Attr Name="_customjoin" Value="true"/>
    </DesignTime>
  </EntityUsage>
  <EntityUsage
    Name="InvRecieveItem"
    Entity="erp.model.inv.InvRecieveItem"
    ReadOnly="true"
    DeleteParticipant="false">
    <DesignTime>
      <Attr Name="_customjoin" Value="true"/>
    </DesignTime>
  </EntityUsage>
  <ViewAttribute
    Name="ItemCode"
    IsUpdateable="false"
    IsPersistent="false"
    IsNotNull="true"
    PrecisionRule="true"
    Precision="32"
    Type="java.lang.String"
    ColumnType="VARCHAR2"
    AliasName="ITEM_CODE"
    Expression="ITEM_CODE"
    SQLType="VARCHAR">
    <DesignTime>
      <Attr Name="_DisplaySize" Value="32"/>
    </DesignTime>
    <Properties>
      <SchemaBasedProperties>
        <LABEL
          ResId="erp.model.inv.InvInventoryVView.ItemCode_LABEL"/>
      </SchemaBasedProperties>
    </Properties>
  </ViewAttribute>
  <ViewAttribute
    Name="SerialNumber"
    IsUpdateable="false"
    IsPersistent="false"
    IsNotNull="true"
    PrecisionRule="true"
    Type="java.math.BigDecimal"
    ColumnType="NUMBER"
    AliasName="SERIAL_NUMBER"
    Expression="SERIAL_NUMBER"
    SQLType="NUMERIC">
    <Properties>
      <SchemaBasedProperties>
        <LABEL
          ResId="erp.model.inv.InvInventoryVView.SerialNumber_LABEL"/>
      </SchemaBasedProperties>
    </Properties>
  </ViewAttribute>
  <ViewAttribute
    Name="Location"
    IsUpdateable="false"
    IsPersistent="false"
    IsNotNull="true"
    PrecisionRule="true"
    Precision="32"
    Type="java.lang.String"
    ColumnType="VARCHAR2"
    AliasName="LOCATION"
    Expression="LOCATION"
    SQLType="VARCHAR"
    LOVName="LOV_Location">
    <DesignTime>
      <Attr Name="_DisplaySize" Value="32"/>
    </DesignTime>
    <Properties>
      <SchemaBasedProperties>
        <LABEL
          ResId="erp.model.inv.InvInventoryVView.Location_LABEL"/>
        <CONTROLTYPE
          Value="choice"/>
      </SchemaBasedProperties>
    </Properties>
  </ViewAttribute>
  <ViewAttribute
    Name="ProductCategory"
    IsUpdateable="false"
    IsPersistent="false"
    PrecisionRule="true"
    Precision="20"
    Type="java.lang.String"
    ColumnType="VARCHAR2"
    AliasName="PRODUCT_CATEGORY"
    Expression="PRODUCT_CATEGORY"
    SQLType="VARCHAR">
    <DesignTime>
      <Attr Name="_DisplaySize" Value="20"/>
    </DesignTime>
    <Properties>
      <SchemaBasedProperties>
        <LABEL
          ResId="erp.model.inv.InvInventoryVView.ProductCategory_LABEL"/>
      </SchemaBasedProperties>
    </Properties>
  </ViewAttribute>
  <ViewAttribute
    Name="Brand"
    IsUpdateable="false"
    IsPersistent="false"
    PrecisionRule="true"
    Precision="16"
    Type="java.lang.String"
    ColumnType="VARCHAR2"
    AliasName="BRAND"
    Expression="BRAND"
    SQLType="VARCHAR">
    <DesignTime>
      <Attr Name="_DisplaySize" Value="16"/>
    </DesignTime>
    <Properties>
      <SchemaBasedProperties>
        <LABEL
          ResId="erp.model.inv.InvInventoryVView.Brand_LABEL"/>
      </SchemaBasedProperties>
    </Properties>
  </ViewAttribute>
  <ViewAttribute
    Name="ProductName"
    IsUpdateable="false"
    IsPersistent="false"
    PrecisionRule="true"
    Precision="32"
    Type="java.lang.String"
    ColumnType="VARCHAR2"
    AliasName="PRODUCT_NAME"
    Expression="PRODUCT_NAME"
    SQLType="VARCHAR">
    <DesignTime>
      <Attr Name="_DisplaySize" Value="32"/>
    </DesignTime>
    <Properties>
      <SchemaBasedProperties>
        <LABEL
          ResId="erp.model.inv.InvInventoryVView.ProductName_LABEL"/>
      </SchemaBasedProperties>
    </Properties>
  </ViewAttribute>
  <ViewAttribute
    Name="ItemType"
    IsUpdateable="false"
    IsPersistent="false"
    PrecisionRule="true"
    Precision="16"
    Type="java.lang.String"
    ColumnType="VARCHAR2"
    AliasName="ITEM_TYPE"
    Expression="ITEM_TYPE"
    SQLType="VARCHAR">
    <DesignTime>
      <Attr Name="_DisplaySize" Value="16"/>
    </DesignTime>
    <Properties>
      <SchemaBasedProperties>
        <LABEL
          ResId="erp.model.inv.InvInventoryVView.ItemType_LABEL"/>
      </SchemaBasedProperties>
    </Properties>
  </ViewAttribute>
  <ViewAttribute
    Name="ItemDescription"
    IsUpdateable="false"
    IsPersistent="false"
    PrecisionRule="true"
    Precision="64"
    Type="java.lang.String"
    ColumnType="VARCHAR2"
    AliasName="ITEM_DESCRIPTION"
    Expression="ITEM_DESCRIPTION"
    SQLType="VARCHAR">
    <DesignTime>
      <Attr Name="_DisplaySize" Value="64"/>
    </DesignTime>
    <Properties>
      <SchemaBasedProperties>
        <LABEL
          ResId="erp.model.inv.InvInventoryVView.ItemDescription_LABEL"/>
      </SchemaBasedProperties>
    </Properties>
  </ViewAttribute>
  <ViewAttribute
    Name="QuantityReceived"
    IsUpdateable="false"
    IsPersistent="false"
    PrecisionRule="true"
    Type="java.math.BigDecimal"
    ColumnType="NUMBER"
    AliasName="QUANTITY_RECEIVED"
    Expression="QUANTITY_RECEIVED"
    SQLType="NUMERIC">
    <Properties>
      <SchemaBasedProperties>
        <LABEL
          ResId="erp.model.inv.InvInventoryVView.QuantityReceived_LABEL"/>
      </SchemaBasedProperties>
    </Properties>
  </ViewAttribute>
  <ViewAttribute
    Name="QuantityOnHande"
    IsUpdateable="false"
    IsPersistent="false"
    PrecisionRule="true"
    Type="java.math.BigDecimal"
    ColumnType="NUMBER"
    AliasName="QUANTITY_ON_HANDE"
    Expression="QUANTITY_ON_HANDE"
    SQLType="NUMERIC">
    <Properties>
      <SchemaBasedProperties>
        <LABEL
          ResId="erp.model.inv.InvInventoryVView.QuantityOnHande_LABEL"/>
      </SchemaBasedProperties>
    </Properties>
  </ViewAttribute>
  <ViewAttribute
    Name="RetailPrice"
    IsUpdateable="false"
    IsPersistent="false"
    PrecisionRule="true"
    Type="java.math.BigDecimal"
    ColumnType="NUMBER"
    AliasName="RETAIL_PRICE"
    Expression="RETAIL_PRICE"
    SQLType="NUMERIC">
    <Properties>
      <SchemaBasedProperties>
        <LABEL
          ResId="erp.model.inv.InvInventoryVView.RetailPrice_LABEL"/>
      </SchemaBasedProperties>
    </Properties>
  </ViewAttribute>
  <ViewAttribute
    Name="UnitSalePrice"
    IsUpdateable="false"
    IsPersistent="false"
    PrecisionRule="true"
    Type="java.math.BigDecimal"
    ColumnType="NUMBER"
    AliasName="UNIT_SALE_PRICE"
    Expression="UNIT_SALE_PRICE"
    SQLType="NUMERIC">
    <Properties>
      <SchemaBasedProperties>
        <LABEL
          ResId="erp.model.inv.InvInventoryVView.UnitSalePrice_LABEL"/>
      </SchemaBasedProperties>
    </Properties>
  </ViewAttribute>
  <ViewAttribute
    Name="DateReceived"
    IsUpdateable="false"
    IsPersistent="false"
    PrecisionRule="true"
    Type="java.sql.Timestamp"
    ColumnType="DATE"
    AliasName="DATE_RECEIVED"
    Expression="DATE_RECEIVED"
    SQLType="DATE">
    <Properties>
      <SchemaBasedProperties>
        <LABEL
          ResId="erp.model.inv.InvInventoryVView.DateReceived_LABEL"/>
      </SchemaBasedProperties>
    </Properties>
  </ViewAttribute>
  <ViewAttribute
    Name="SaleByDate"
    IsUpdateable="false"
    IsPersistent="false"
    PrecisionRule="true"
    Type="java.sql.Timestamp"
    ColumnType="DATE"
    AliasName="SALE_BY_DATE"
    Expression="SALE_BY_DATE"
    SQLType="DATE">
    <Properties>
      <SchemaBasedProperties>
        <LABEL
          ResId="erp.model.inv.InvInventoryVView.SaleByDate_LABEL"/>
      </SchemaBasedProperties>
    </Properties>
  </ViewAttribute>
  <ViewAttribute
    Name="Minimum"
    IsUpdateable="false"
    IsPersistent="false"
    PrecisionRule="true"
    Type="java.math.BigDecimal"
    ColumnType="NUMBER"
    AliasName="MINIMUM"
    Expression="MINIMUM"
    SQLType="NUMERIC">
    <Properties>
      <SchemaBasedProperties>
        <LABEL
          ResId="erp.model.inv.InvInventoryVView.Minimum_LABEL"/>
      </SchemaBasedProperties>
    </Properties>
  </ViewAttribute>
  <ViewAttribute
    Name="Maximum"
    IsUpdateable="false"
    IsPersistent="false"
    PrecisionRule="true"
    Type="java.math.BigDecimal"
    ColumnType="NUMBER"
    AliasName="MAXIMUM"
    Expression="MAXIMUM"
    SQLType="NUMERIC">
    <Properties>
      <SchemaBasedProperties>
        <LABEL
          ResId="erp.model.inv.InvInventoryVView.Maximum_LABEL"/>
      </SchemaBasedProperties>
    </Properties>
  </ViewAttribute>
  <ViewAttribute
    Name="Notesremarks"
    IsUpdateable="false"
    IsPersistent="false"
    PrecisionRule="true"
    Precision="1000"
    Type="java.lang.String"
    ColumnType="VARCHAR2"
    AliasName="NOTESREMARKS"
    Expression="NOTESREMARKS"
    SQLType="VARCHAR">
    <DesignTime>
      <Attr Name="_DisplaySize" Value="1000"/>
    </DesignTime>
    <Properties>
      <SchemaBasedProperties>
        <LABEL
          ResId="erp.model.inv.InvInventoryVView.Notesremarks_LABEL"/>
      </SchemaBasedProperties>
    </Properties>
  </ViewAttribute>
  <ViewAttribute
    Name="ProductStatus"
    IsUpdateable="false"
    IsPersistent="false"
    PrecisionRule="true"
    Precision="32"
    Type="java.lang.String"
    ColumnType="VARCHAR2"
    AliasName="PRODUCT_STATUS"
    Expression="PRODUCT_STATUS"
    SQLType="VARCHAR">
    <DesignTime>
      <Attr Name="_DisplaySize" Value="32"/>
    </DesignTime>
    <Properties>
      <SchemaBasedProperties>
        <LABEL
          ResId="erp.model.inv.InvInventoryVView.ProductStatus_LABEL"/>
      </SchemaBasedProperties>
    </Properties>
  </ViewAttribute>
  <ViewAttribute
    Name="ItemPic"
    IsUpdateable="false"
    IsQueriable="false"
    IsPersistent="false"
    PrecisionRule="true"
    Type="oracle.jbo.domain.BlobDomain"
    ColumnType="BLOB"
    AliasName="ITEM_PIC"
    Expression="ITEM_PIC"
    SQLType="BLOB">
    <Properties>
      <SchemaBasedProperties>
        <LABEL
          ResId="erp.model.inv.InvInventoryVView.ItemPic_LABEL"/>
      </SchemaBasedProperties>
    </Properties>
  </ViewAttribute>
  <ViewAttribute
    Name="Uof"
    IsUpdateable="false"
    IsPersistent="false"
    PrecisionRule="true"
    Precision="10"
    Type="java.lang.String"
    ColumnType="VARCHAR2"
    AliasName="UOF"
    Expression="UOF"
    SQLType="VARCHAR">
    <DesignTime>
      <Attr Name="_DisplaySize" Value="10"/>
    </DesignTime>
    <Properties>
      <SchemaBasedProperties>
        <LABEL
          ResId="erp.model.inv.InvInventoryVView.Uof_LABEL"/>
      </SchemaBasedProperties>
    </Properties>
  </ViewAttribute>
  <ViewAttribute
    Name="Variance"
    IsUpdateable="false"
    IsPersistent="false"
    PrecisionRule="true"
    Type="java.math.BigDecimal"
    ColumnType="NUMBER"
    AliasName="VARIANCE"
    Expression="VARIANCE"
    SQLType="NUMERIC">
    <Properties>
      <SchemaBasedProperties>
        <LABEL
          ResId="erp.model.inv.InvInventoryVView.Variance_LABEL"/>
      </SchemaBasedProperties>
    </Properties>
  </ViewAttribute>
  <ViewAttribute
    Name="ItemCode1"
    PrecisionRule="true"
    EntityAttrName="ItemCode"
    EntityUsage="InvSales"
    AliasName="ITEM_CODE1"/>
  <ViewAttribute
    Name="Orderno"
    IsUpdateable="while_insert"
    PrecisionRule="true"
    EntityAttrName="Orderno"
    EntityUsage="InvSales"
    AliasName="ORDERNO"/>
  <ViewAttribute
    Name="SaleStatus"
    PrecisionRule="true"
    EntityAttrName="SaleStatus"
    EntityUsage="InvSales"
    AliasName="SALE_STATUS"/>
  <ViewAttribute
    Name="Saledate"
    PrecisionRule="true"
    EntityAttrName="Saledate"
    EntityUsage="InvSales"
    AliasName="SALEDATE"/>
  <ViewAttribute
    Name="ItemCode2"
    PrecisionRule="true"
    EntityAttrName="ItemCode"
    EntityUsage="InvOrders"
    AliasName="ITEM_CODE2"/>
  <ViewAttribute
    Name="OrderId"
    IsUpdateable="while_insert"
    PrecisionRule="true"
    EntityAttrName="OrderId"
    EntityUsage="InvOrders"
    AliasName="ORDER_ID"/>
  <ViewAttribute
    Name="OrderDate"
    PrecisionRule="true"
    EntityAttrName="OrderDate"
    EntityUsage="InvOrders"
    AliasName="ORDER_DATE"/>
  <ViewAttribute
    Name="OrderId1"
    IsUpdateable="while_insert"
    PrecisionRule="true"
    EntityAttrName="OrderId"
    EntityUsage="InvOrders"
    AliasName="ORDER_ID1"/>
  <ViewAttribute
    Name="OrderStatus"
    PrecisionRule="true"
    EntityAttrName="OrderStatus"
    EntityUsage="InvOrders"
    AliasName="ORDER_STATUS"/>
  <ViewAttribute
    Name="ShipmentDate"
    PrecisionRule="true"
    EntityAttrName="ShipmentDate"
    EntityUsage="InvOrders"
    AliasName="SHIPMENT_DATE"/>
  <ViewAttribute
    Name="Supplier"
    PrecisionRule="true"
    EntityAttrName="Supplier"
    EntityUsage="InvOrders"
    AliasName="SUPPLIER"/>
  <ViewAttribute
    Name="Discount"
    PrecisionRule="true"
    EntityAttrName="Discount"
    EntityUsage="InvSaleItems"
    AliasName="DISCOUNT"/>
  <ViewAttribute
    Name="ItemCode3"
    IsNotNull="true"
    PrecisionRule="true"
    EntityAttrName="ItemCode"
    EntityUsage="InvSaleItems"
    AliasName="ITEM_CODE3"/>
  <ViewAttribute
    Name="OrderNo1"
    IsNotNull="true"
    PrecisionRule="true"
    EntityAttrName="OrderNo"
    EntityUsage="InvSaleItems"
    AliasName="ORDER_NO1"/>
  <ViewAttribute
    Name="ItemCode4"
    IsNotNull="true"
    PrecisionRule="true"
    EntityAttrName="ItemCode"
    EntityUsage="InvSaleItems"
    AliasName="ITEM_CODE4"/>
  <ViewAttribute
    Name="OrderNo2"
    IsNotNull="true"
    PrecisionRule="true"
    EntityAttrName="OrderNo"
    EntityUsage="InvSaleItems"
    AliasName="ORDER_NO2"/>
  <ViewAttribute
    Name="ProductName1"
    PrecisionRule="true"
    EntityAttrName="ProductName"
    EntityUsage="InvSaleItems"
    AliasName="PRODUCT_NAME1"/>
  <ViewAttribute
    Name="Qauntity"
    PrecisionRule="true"
    EntityAttrName="Qauntity"
    EntityUsage="InvSaleItems"
    AliasName="QAUNTITY"/>
  <ViewAttribute
    Name="Total"
    PrecisionRule="true"
    EntityAttrName="Total"
    EntityUsage="InvSaleItems"
    AliasName="TOTAL"/>
  <ViewAttribute
    Name="TotlaDue"
    PrecisionRule="true"
    EntityAttrName="TotlaDue"
    EntityUsage="InvSaleItems"
    AliasName="TOTLA_DUE"/>
  <ViewAttribute
    Name="Discount1"
    PrecisionRule="true"
    EntityAttrName="Discount"
    EntityUsage="InvOrderedItems"
    AliasName="DISCOUNT1"/>
  <ViewAttribute
    Name="ItemCode5"
    IsNotNull="true"
    PrecisionRule="true"
    EntityAttrName="ItemCode"
    EntityUsage="InvOrderedItems"
    AliasName="ITEM_CODE5"/>
  <ViewAttribute
    Name="OrderNo3"
    IsNotNull="true"
    PrecisionRule="true"
    EntityAttrName="OrderNo"
    EntityUsage="InvOrderedItems"
    AliasName="ORDER_NO3"/>
  <ViewAttribute
    Name="ItemCode6"
    IsNotNull="true"
    PrecisionRule="true"
    EntityAttrName="ItemCode"
    EntityUsage="InvOrderedItems"
    AliasName="ITEM_CODE6"/>
  <ViewAttribute
    Name="OrderNo4"
    IsNotNull="true"
    PrecisionRule="true"
    EntityAttrName="OrderNo"
    EntityUsage="InvOrderedItems"
    AliasName="ORDER_NO4"/>
  <ViewAttribute
    Name="ProductName2"
    PrecisionRule="true"
    EntityAttrName="ProductName"
    EntityUsage="InvOrderedItems"
    AliasName="PRODUCT_NAME2"/>
  <ViewAttribute
    Name="Quantity"
    PrecisionRule="true"
    EntityAttrName="Quantity"
    EntityUsage="InvOrderedItems"
    AliasName="QUANTITY"/>
  <ViewAttribute
    Name="Total1"
    PrecisionRule="true"
    EntityAttrName="Total"
    EntityUsage="InvOrderedItems"
    AliasName="TOTAL1"/>
  <ViewAttribute
    Name="TotoalDue"
    PrecisionRule="true"
    EntityAttrName="TotoalDue"
    EntityUsage="InvOrderedItems"
    AliasName="TOTOAL_DUE"/>
  <ViewAttribute
    Name="Unitprice"
    PrecisionRule="true"
    EntityAttrName="Unitprice"
    EntityUsage="InvOrderedItems"
    AliasName="UNITPRICE"/>
  <ViewAttribute
    Name="ItemCode7"
    IsNotNull="true"
    PrecisionRule="true"
    EntityAttrName="ItemCode"
    EntityUsage="InvVariance"
    AliasName="ITEM_CODE7"/>
  <ViewAttribute
    Name="VarianceDate"
    IsNotNull="true"
    PrecisionRule="true"
    EntityAttrName="VarianceDate"
    EntityUsage="InvVariance"
    AliasName="VARIANCE_DATE"/>
  <ViewAttribute
    Name="VarianceDate1"
    IsNotNull="true"
    PrecisionRule="true"
    EntityAttrName="VarianceDate"
    EntityUsage="InvVariance"
    AliasName="VARIANCE_DATE1"/>
  <ViewAttribute
    Name="VarianceQuantity"
    PrecisionRule="true"
    EntityAttrName="VarianceQuantity"
    EntityUsage="InvVariance"
    AliasName="VARIANCE_QUANTITY"/>
  <ViewAttribute
    Name="VarianceStatus"
    IsNotNull="true"
    PrecisionRule="true"
    EntityAttrName="VarianceStatus"
    EntityUsage="InvVariance"
    AliasName="VARIANCE_STATUS"/>
  <ViewAttribute
    Name="VarianceType"
    PrecisionRule="true"
    EntityAttrName="VarianceType"
    EntityUsage="InvVariance"
    AliasName="VARIANCE_TYPE"/>
  <ViewAttribute
    Name="VariancecReason"
    PrecisionRule="true"
    EntityAttrName="VariancecReason"
    EntityUsage="InvVariance"
    AliasName="VARIANCEC_REASON"/>
  <ViewAttribute
    Name="CostPrice"
    PrecisionRule="true"
    EntityAttrName="CostPrice"
    EntityUsage="InvRecieveItem"
    AliasName="COST_PRICE"/>
  <ViewAttribute
    Name="ItemCode8"
    IsNotNull="true"
    PrecisionRule="true"
    EntityAttrName="ItemCode"
    EntityUsage="InvRecieveItem"
    AliasName="ITEM_CODE8"/>
  <ViewAttribute
    Name="ReceivedDate"
    IsNotNull="true"
    PrecisionRule="true"
    EntityAttrName="ReceivedDate"
    EntityUsage="InvRecieveItem"
    AliasName="RECEIVED_DATE"/>
  <ViewAttribute
    Name="ReceivedDate1"
    IsNotNull="true"
    PrecisionRule="true"
    EntityAttrName="ReceivedDate"
    EntityUsage="InvRecieveItem"
    AliasName="RECEIVED_DATE1"/>
  <ViewAttribute
    Name="RecievedQuantity"
    PrecisionRule="true"
    EntityAttrName="RecievedQuantity"
    EntityUsage="InvRecieveItem"
    AliasName="RECIEVED_QUANTITY"/>
  <ViewAttribute
    Name="ItemCode9"
    IsNotNull="true"
    PrecisionRule="true"
    EntityAttrName="ItemCode"
    EntityUsage="InvRecieveItem"
    AliasName="ITEM_CODE9"/>
  <ViewCriteria
    Name="InvInventoryVViewCriteria"
    ViewObjectName="erp.model.inv.InvInventoryVView"
    Conjunction="AND">
    <Properties Name="_Props">
      <CustomProperties>
        <Property
          Name="autoExecute"
          Value="false"/>
        <Property
          Name="mode"
          Value="Basic"/>
        <Property
          Name="allowConjunctionOverride"
          Value="false"/>
        <Property
          Name="showInList"
          Value="false"/>
        <Property
          Name="displayOperators"
          Value="InAdvancedMode"/>
      </CustomProperties>
    </Properties>
    <ViewCriteriaRow
      Name="InvInventoryVViewCriteria_row_0"
      UpperColumns="1">
      <ViewCriteriaItem
        Name="ItemCode"
        ViewAttribute="ItemCode"
        Operator="="
        Conjunction="AND"
        Required="Optional"/>
    </ViewCriteriaRow>
  </ViewCriteria>
  <AttrArray Name="KeyAttributes">
    <Item Value="ItemCode"/>
    <Item Value="Orderno"/>
    <Item Value="OrderId"/>
    <Item Value="OrderId1"/>
    <Item Value="ItemCode7"/>
    <Item Value="VarianceDate"/>
    <Item Value="VarianceDate1"/>
    <Item Value="ItemCode8"/>
    <Item Value="ReceivedDate"/>
    <Item Value="ReceivedDate1"/>
    <Item Value="ItemCode9"/>
  </AttrArray>
  <ResourceBundle>
    <PropertiesBundle
      PropertiesFile="erp.model.SUNWAY_ERP_ModelBundle"/>
  </ResourceBundle>
</ViewObject>
