<?xml version="1.0" encoding="windows-1252" ?>
<!DOCTYPE ViewObject SYSTEM "jbo_03_01.dtd">
<!---->
<ViewObject
  xmlns="http://xmlns.oracle.com/bc4j"
  Name="InvInventoryView"
  Version="12.2.1.12.24"
  InheritPersonalization="merge"
  SelectListFlags="1"
  FromListFlags="1"
  WhereFlags="1"
  BindingStyle="OracleName"
  CustomQuery="false"
  SelectAllAttributes="false"
  PageIterMode="Full">
  <ViewAccessor
    Name="LookupCode1"
    ViewObjectName="erp.model.LookupCode"
    RowLevelBinds="true">
    <ParameterMap>
      <PIMap Variable="BindLookupType">
        <TransientExpression
          trustMode="untrusted"
          Name="ExpressionScript"><![CDATA['PRODUCT_STATUS']]></TransientExpression>
      </PIMap>
    </ParameterMap>
  </ViewAccessor>
  <ViewAccessor
    Name="LookupCode2"
    ViewObjectName="erp.model.LookupCode"
    RowLevelBinds="true">
    <ParameterMap>
      <PIMap Variable="BindLookupType">
        <TransientExpression
          trustMode="untrusted"
          Name="ExpressionScript"><![CDATA['UOM']]></TransientExpression>
      </PIMap>
    </ParameterMap>
  </ViewAccessor>
  <ViewAccessor
    Name="inv_Modules_InvItemTransferView1_1"
    ViewObjectName="erp.model.inv.InvItemTransferView"
    AMUsageName="inv_Modules"
    ViewInstanceName="InvItemTransferView1"
    RowLevelBinds="true"/>
  <ViewAccessor
    Name="inv_Modules_InvStoresView1_1"
    ViewObjectName="erp.model.inv.InvStoresView"
    AMUsageName="inv_Modules"
    ViewInstanceName="InvStoresView1"
    RowLevelBinds="true"/>
  <ViewAccessor
    Name="inv_Modules_InvStoresView1_2"
    ViewObjectName="erp.model.inv.InvStoresView"
    AMUsageName="inv_Modules"
    ViewInstanceName="InvStoresView1"
    RowLevelBinds="true"/>
  <ListBinding
    Name="LOV_ProductStatus"
    ListVOName="LookupCode1"
    NullValueFlag="start"
    NullValueId="${adfBundle['oracle.javatools.resourcebundle.SystemBundle']['NULL_VALUE_RESID']}"
    MRUCount="0">
    <AttrArray Name="AttrNames">
      <Item Value="ProductStatus"/>
    </AttrArray>
    <AttrArray Name="AttrExpressions"/>
    <AttrArray Name="ListAttrNames">
      <Item Value="LookupCode"/>
    </AttrArray>
    <AttrArray Name="ListDisplayAttrNames">
      <Item Value="Meaning"/>
    </AttrArray>
    <DisplayCriteria/>
  </ListBinding>
  <ListBinding
    Name="LOV_Uof"
    ListVOName="LookupCode2"
    NullValueFlag="start"
    NullValueId="${adfBundle['oracle.javatools.resourcebundle.SystemBundle']['NULL_VALUE_RESID']}"
    MRUCount="0">
    <AttrArray Name="AttrNames">
      <Item Value="Uof"/>
    </AttrArray>
    <AttrArray Name="AttrExpressions"/>
    <AttrArray Name="ListAttrNames">
      <Item Value="LookupCode"/>
    </AttrArray>
    <AttrArray Name="ListDisplayAttrNames">
      <Item Value="Meaning"/>
    </AttrArray>
    <DisplayCriteria/>
  </ListBinding>
  <ListBinding
    Name="LOV_Location"
    ListVOName="inv_Modules_InvStoresView1_1"
    NullValueFlag="none"
    MRUCount="0">
    <AttrArray Name="AttrNames">
      <Item Value="Location"/>
    </AttrArray>
    <AttrArray Name="AttrExpressions"/>
    <AttrArray Name="ListAttrNames">
      <Item Value="StoreName"/>
    </AttrArray>
    <AttrArray Name="ListDisplayAttrNames">
      <Item Value="StoreName"/>
    </AttrArray>
    <DisplayCriteria/>
  </ListBinding>
  <EntityUsage
    Name="InvInventory"
    Entity="erp.model.inv.InvInventory"/>
  <ViewAttribute
    Name="ItemCode"
    IsNotNull="true"
    PrecisionRule="true"
    EntityAttrName="ItemCode"
    EntityUsage="InvInventory"
    AliasName="ITEM_CODE">
    <Properties>
      <SchemaBasedProperties>
        <LABEL
          ResId="erp.model.inv.InvInventoryView.ItemCode_LABEL"/>
      </SchemaBasedProperties>
    </Properties>
  </ViewAttribute>
  <ViewAttribute
    Name="Barcode"
    PrecisionRule="true"
    EntityAttrName="Barcode"
    EntityUsage="InvInventory"
    AliasName="BARCODE"/>
  <ViewAttribute
    Name="SerialNumber"
    IsNotNull="true"
    PrecisionRule="true"
    EntityAttrName="SerialNumber"
    EntityUsage="InvInventory"
    AliasName="SERIAL_NUMBER">
    <Properties>
      <SchemaBasedProperties>
        <LABEL
          ResId="erp.model.inv.InvInventoryView.SerialNumber_LABEL"/>
      </SchemaBasedProperties>
    </Properties>
  </ViewAttribute>
  <ViewAttribute
    Name="Location"
    IsNotNull="true"
    PrecisionRule="true"
    EntityAttrName="Location"
    EntityUsage="InvInventory"
    AliasName="LOCATION"
    LOVName="LOV_Location">
    <Properties>
      <SchemaBasedProperties>
        <LABEL
          ResId="erp.model.inv.InvInventoryView.Location_LABEL"/>
        <CONTROLTYPE
          Value="choice"/>
      </SchemaBasedProperties>
    </Properties>
  </ViewAttribute>
  <ViewAttribute
    Name="ProductCategory"
    PrecisionRule="true"
    EntityAttrName="ProductCategory"
    EntityUsage="InvInventory"
    AliasName="PRODUCT_CATEGORY">
    <Properties>
      <SchemaBasedProperties>
        <LABEL
          ResId="erp.model.inv.InvInventoryView.ProductCategory_LABEL"/>
      </SchemaBasedProperties>
    </Properties>
  </ViewAttribute>
  <ViewAttribute
    Name="Brand"
    PrecisionRule="true"
    EntityAttrName="Brand"
    EntityUsage="InvInventory"
    AliasName="BRAND">
    <Properties>
      <SchemaBasedProperties>
        <LABEL
          ResId="erp.model.inv.InvInventoryView.Brand_LABEL"/>
      </SchemaBasedProperties>
    </Properties>
  </ViewAttribute>
  <ViewAttribute
    Name="SubCategory"
    PrecisionRule="true"
    EntityAttrName="SubCategory"
    EntityUsage="InvInventory"
    AliasName="SUB_CATEGORY"/>
  <ViewAttribute
    Name="ProductName"
    PrecisionRule="true"
    EntityAttrName="ProductName"
    EntityUsage="InvInventory"
    AliasName="PRODUCT_NAME">
    <Properties>
      <SchemaBasedProperties>
        <LABEL
          ResId="erp.model.inv.InvInventoryView.ProductName_LABEL"/>
      </SchemaBasedProperties>
    </Properties>
  </ViewAttribute>
  <ViewAttribute
    Name="ItemType"
    PrecisionRule="true"
    EntityAttrName="ItemType"
    EntityUsage="InvInventory"
    AliasName="ITEM_TYPE">
    <Properties>
      <SchemaBasedProperties>
        <LABEL
          ResId="erp.model.inv.InvInventoryView.ItemType_LABEL"/>
      </SchemaBasedProperties>
    </Properties>
  </ViewAttribute>
  <ViewAttribute
    Name="ItemDescription"
    PrecisionRule="true"
    EntityAttrName="ItemDescription"
    EntityUsage="InvInventory"
    AliasName="ITEM_DESCRIPTION">
    <Properties>
      <SchemaBasedProperties>
        <LABEL
          ResId="erp.model.inv.InvInventoryView.ItemDescription_LABEL"/>
      </SchemaBasedProperties>
    </Properties>
  </ViewAttribute>
  <ViewAttribute
    Name="QuantityReceived"
    PrecisionRule="true"
    EntityAttrName="QuantityReceived"
    EntityUsage="InvInventory"
    AliasName="QUANTITY_RECEIVED">
    <Properties>
      <SchemaBasedProperties>
        <LABEL
          ResId="erp.model.inv.InvInventoryView.QuantityReceived_LABEL"/>
      </SchemaBasedProperties>
    </Properties>
  </ViewAttribute>
  <ViewAttribute
    Name="QuantityOnHande"
    PrecisionRule="true"
    EntityAttrName="QuantityOnHande"
    EntityUsage="InvInventory"
    AliasName="QUANTITY_ON_HANDE">
    <Properties>
      <SchemaBasedProperties>
        <LABEL
          ResId="erp.model.inv.InvInventoryView.QuantityOnHande_LABEL"/>
      </SchemaBasedProperties>
    </Properties>
  </ViewAttribute>
  <ViewAttribute
    Name="RetailPrice"
    PrecisionRule="true"
    EntityAttrName="RetailPrice"
    EntityUsage="InvInventory"
    AliasName="RETAIL_PRICE">
    <Properties>
      <SchemaBasedProperties>
        <LABEL
          ResId="erp.model.inv.InvInventoryView.RetailPrice_LABEL"/>
      </SchemaBasedProperties>
    </Properties>
  </ViewAttribute>
  <ViewAttribute
    Name="UnitSalePrice"
    PrecisionRule="true"
    EntityAttrName="UnitSalePrice"
    EntityUsage="InvInventory"
    AliasName="UNIT_SALE_PRICE">
    <Properties>
      <SchemaBasedProperties>
        <LABEL
          ResId="erp.model.inv.InvInventoryView.UnitSalePrice_LABEL"/>
      </SchemaBasedProperties>
    </Properties>
  </ViewAttribute>
  <ViewAttribute
    Name="DateReceived"
    PrecisionRule="true"
    EntityAttrName="DateReceived"
    EntityUsage="InvInventory"
    AliasName="DATE_RECEIVED">
    <Properties>
      <SchemaBasedProperties>
        <LABEL
          ResId="erp.model.inv.InvInventoryView.DateReceived_LABEL"/>
      </SchemaBasedProperties>
    </Properties>
  </ViewAttribute>
  <ViewAttribute
    Name="SaleByDate"
    PrecisionRule="true"
    EntityAttrName="SaleByDate"
    EntityUsage="InvInventory"
    AliasName="SALE_BY_DATE">
    <Properties>
      <SchemaBasedProperties>
        <LABEL
          ResId="erp.model.inv.InvInventoryView.SaleByDate_LABEL"/>
      </SchemaBasedProperties>
    </Properties>
  </ViewAttribute>
  <ViewAttribute
    Name="Minimum"
    PrecisionRule="true"
    EntityAttrName="Minimum"
    EntityUsage="InvInventory"
    AliasName="MINIMUM">
    <Properties>
      <SchemaBasedProperties>
        <LABEL
          ResId="erp.model.inv.InvInventoryView.Minimum_LABEL"/>
      </SchemaBasedProperties>
    </Properties>
  </ViewAttribute>
  <ViewAttribute
    Name="Maximum"
    PrecisionRule="true"
    EntityAttrName="Maximum"
    EntityUsage="InvInventory"
    AliasName="MAXIMUM">
    <Properties>
      <SchemaBasedProperties>
        <LABEL
          ResId="erp.model.inv.InvInventoryView.Maximum_LABEL"/>
      </SchemaBasedProperties>
    </Properties>
  </ViewAttribute>
  <ViewAttribute
    Name="Notesremarks"
    PrecisionRule="true"
    EntityAttrName="Notesremarks"
    EntityUsage="InvInventory"
    AliasName="NOTESREMARKS">
    <Properties>
      <SchemaBasedProperties>
        <LABEL
          ResId="erp.model.inv.InvInventoryView.Notesremarks_LABEL"/>
      </SchemaBasedProperties>
    </Properties>
  </ViewAttribute>
  <ViewAttribute
    Name="ProductStatus"
    PrecisionRule="true"
    EntityAttrName="ProductStatus"
    EntityUsage="InvInventory"
    AliasName="PRODUCT_STATUS"
    LOVName="LOV_ProductStatus">
    <Properties>
      <SchemaBasedProperties>
        <LABEL
          ResId="erp.model.inv.InvInventoryView.ProductStatus_LABEL"/>
        <CONTROLTYPE
          Value="choice"/>
      </SchemaBasedProperties>
    </Properties>
  </ViewAttribute>
  <ViewAttribute
    Name="ItemPic"
    IsQueriable="false"
    PrecisionRule="true"
    EntityAttrName="ItemPic"
    EntityUsage="InvInventory"
    AliasName="ITEM_PIC">
    <Properties>
      <SchemaBasedProperties>
        <LABEL
          ResId="erp.model.inv.InvInventoryView.ItemPic_LABEL"/>
      </SchemaBasedProperties>
    </Properties>
  </ViewAttribute>
  <ViewAttribute
    Name="Uof"
    PrecisionRule="true"
    EntityAttrName="Uof"
    EntityUsage="InvInventory"
    AliasName="UOF"
    LOVName="LOV_Uof">
    <Properties>
      <SchemaBasedProperties>
        <LABEL
          ResId="erp.model.inv.InvInventoryView.Uof_LABEL"/>
        <CONTROLTYPE
          Value="choice"/>
      </SchemaBasedProperties>
    </Properties>
  </ViewAttribute>
  <ViewAttribute
    Name="Commission"
    PrecisionRule="true"
    EntityAttrName="Commission"
    EntityUsage="InvInventory"
    AliasName="COMMISSION"/>
  <ViewCriteria
    Name="InvInventoryViewCriteria"
    ViewObjectName="erp.model.inv.InvInventoryView"
    Conjunction="AND">
    <Properties Name="_Props">
      <CustomProperties>
        <Property
          Name="autoExecute"
          Value="false"/>
        <Property
          Name="mode"
          Value="Basic"/>
        <Property
          Name="allowConjunctionOverride"
          Value="false"/>
        <Property
          Name="showInList"
          Value="true"/>
        <Property
          Name="displayName"
          ResId="erp.model.inv.InvInventoryView.InvInventoryViewCriteria_displayName"/>
        <Property
          Name="displayOperators"
          Value="InAdvancedMode"/>
      </CustomProperties>
    </Properties>
    <ViewCriteriaRow
      Name="InvInventoryViewCriteria_row_0"
      UpperColumns="1">
      <ViewCriteriaItem
        Name="ItemCode"
        ViewAttribute="ItemCode"
        Operator="="
        Conjunction="AND"
        Required="Optional"/>
      <ViewCriteriaItem
        Name="Location"
        ViewAttribute="Location"
        Operator="="
        Conjunction="AND"
        Required="Optional"/>
      <ViewCriteriaItem
        Name="ItemType"
        ViewAttribute="ItemType"
        Operator="="
        Conjunction="AND"
        Required="Optional"/>
    </ViewCriteriaRow>
  </ViewCriteria>
  <ViewLinkAccessor
    Name="InvOrdersView"
    ViewLink="erp.model.inv.InvOrdersFk1Link"
    Type="oracle.jbo.RowIterator"
    IsUpdateable="false"/>
  <ViewLinkAccessor
    Name="InvSalesView"
    ViewLink="erp.model.inv.InvSalesFk1Link"
    Type="oracle.jbo.RowIterator"
    IsUpdateable="false"/>
  <ViewLinkAccessor
    Name="InvVarianceView"
    ViewLink="erp.model.inv.InvVarianceFk1Link"
    Type="oracle.jbo.server.ViewRowImpl"
    IsUpdateable="false"/>
  <ViewLinkAccessor
    Name="InvRecieveItemView"
    ViewLink="erp.model.inv.InventoryItem_receivedItemViewLink"
    Type="oracle.jbo.RowIterator"
    IsUpdateable="false"/>
  <ViewLinkAccessor
    Name="InvItemTransferView"
    ViewLink="erp.model.inv.inventoryItem_itemtransferViewLink"
    Type="oracle.jbo.RowIterator"
    IsUpdateable="false"/>
  <ViewLinkAccessor
    Name="InvSaleItems_singleItemReportView"
    ViewLink="erp.model.inv.invItem_singleItemSalesViewLink"
    Type="oracle.jbo.RowIterator"
    IsUpdateable="false"/>
  <ViewLinkAccessor
    Name="InvOrderedItems_SingleItemReportView"
    ViewLink="erp.model.inv.invItem_singleItemOrderViewLink"
    Type="oracle.jbo.RowIterator"
    IsUpdateable="false"/>
  <ResourceBundle>
    <PropertiesBundle
      PropertiesFile="erp.model.SUNWAY_ERP_ModelBundle"/>
  </ResourceBundle>
  <DeclarativeWhereClause
    Name="DeclarativeWhereClause">
    <ViewCriteria
      Name="InvInventoryViewWhereCriteria"
      ViewObjectName="erp.model.inv.InvInventoryView"
      Conjunction="AND"
      Mode="3">
      <ViewCriteriaRow
        Name="InvInventoryViewWhereCriteria_row_0"
        UpperColumns="1">
        <ViewCriteriaItem
          Name="ProductStatus"
          ViewAttribute="ProductStatus"
          Operator="&lt;>"
          Conjunction="AND"
          Value="'ds'"
          Required="Optional"/>
      </ViewCriteriaRow>
    </ViewCriteria>
  </DeclarativeWhereClause>
  <SortCriteria>
    <Sort
      Attribute="ItemCode"/>
  </SortCriteria>
</ViewObject>
