<?xml version="1.0" encoding="windows-1252" ?>
<!DOCTYPE Entity SYSTEM "jbo_03_01.dtd">
<!---->
<Entity
  xmlns="http://xmlns.oracle.com/bc4j"
  Name="InvItemTransfer"
  Version="12.2.1.12.24"
  InheritPersonalization="merge"
  DBObjectType="table"
  DBObjectName="INV_ITEM_TRANSFER"
  AliasName="InvItemTransfer"
  BindingStyle="OracleName"
  RowClass="erp.model.inv.InvItemTransferImpl">
  <DesignTime>
    <Attr Name="_codeGenFlag2" Value="Init|Access|DML"/>
    <Attr Name="_isCodegen" Value="true"/>
  </DesignTime>
  <Attribute
    Name="ItemCode"
    IsNotNull="true"
    Precision="32"
    ColumnName="ITEM_CODE"
    SQLType="VARCHAR"
    Type="java.lang.String"
    ColumnType="VARCHAR2"
    TableName="INV_ITEM_TRANSFER"
    PrimaryKey="true">
    <DesignTime>
      <Attr Name="_DisplaySize" Value="32"/>
    </DesignTime>
  </Attribute>
  <Attribute
    Name="ToLocation"
    Precision="20"
    ColumnName="TO_LOCATION"
    SQLType="VARCHAR"
    Type="java.lang.String"
    ColumnType="VARCHAR2"
    TableName="INV_ITEM_TRANSFER">
    <DesignTime>
      <Attr Name="_DisplaySize" Value="20"/>
    </DesignTime>
  </Attribute>
  <Attribute
    Name="FromLocation"
    Precision="20"
    ColumnName="FROM_LOCATION"
    SQLType="VARCHAR"
    Type="java.lang.String"
    ColumnType="VARCHAR2"
    TableName="INV_ITEM_TRANSFER">
    <DesignTime>
      <Attr Name="_DisplaySize" Value="20"/>
    </DesignTime>
  </Attribute>
  <Attribute
    Name="QuantityToTransfer"
    ColumnName="QUANTITY_TO_TRANSFER"
    SQLType="NUMERIC"
    Type="java.lang.Integer"
    ColumnType="NUMBER"
    TableName="INV_ITEM_TRANSFER"/>
  <Attribute
    Name="TransferDate"
    IsNotNull="true"
    ColumnName="TRANSFER_DATE"
    SQLType="DATE"
    Type="java.sql.Timestamp"
    ColumnType="DATE"
    TableName="INV_ITEM_TRANSFER"
    PrimaryKey="true"/>
  <Attribute
    Name="TransferReason"
    Precision="100"
    ColumnName="TRANSFER_REASON"
    SQLType="VARCHAR"
    Type="java.lang.String"
    ColumnType="VARCHAR2"
    TableName="INV_ITEM_TRANSFER">
    <DesignTime>
      <Attr Name="_DisplaySize" Value="100"/>
    </DesignTime>
  </Attribute>
  <Attribute
    Name="TransferStatus"
    Precision="20"
    ColumnName="TRANSFER_STATUS"
    SQLType="VARCHAR"
    Type="java.lang.String"
    ColumnType="VARCHAR2"
    TableName="INV_ITEM_TRANSFER">
    <DesignTime>
      <Attr Name="_DisplaySize" Value="20"/>
    </DesignTime>
  </Attribute>
  <Attribute
    Name="NoteRemarks"
    Precision="1000"
    ColumnName="NOTE_REMARKS"
    SQLType="VARCHAR"
    Type="java.lang.String"
    ColumnType="VARCHAR2"
    TableName="INV_ITEM_TRANSFER">
    <DesignTime>
      <Attr Name="_DisplaySize" Value="1000"/>
    </DesignTime>
  </Attribute>
  <Key
    Name="InvItemTransferPk"
    PrimaryKey="true">
    <DesignTime>
      <Attr Name="_DBObjectName" Value="INV_ITEM_TRANSFER_PK"/>
    </DesignTime>
    <AttrArray Name="Attributes">
      <Item Value="erp.model.inv.InvItemTransfer.ItemCode"/>
      <Item Value="erp.model.inv.InvItemTransfer.TransferDate"/>
    </AttrArray>
  </Key>
  <Key
    Name="InvItemTransferFk1">
    <DesignTime>
      <Attr Name="_referencedKey" Value="INV_INVENTORY_PK"/>
      <Attr Name="_isForeign" Value="true"/>
      <Attr Name="_DBObjectName" Value="INV_ITEM_TRANSFER_FK1"/>
    </DesignTime>
    <AttrArray Name="Attributes">
      <Item Value="erp.model.inv.InvItemTransfer.ItemCode"/>
    </AttrArray>
  </Key>
</Entity>
