<?xml version="1.0" encoding="windows-1252" ?>
<!DOCTYPE ViewObject SYSTEM "jbo_03_01.dtd">
<!---->
<ViewObject
  xmlns="http://xmlns.oracle.com/bc4j"
  Name="InvInventory_SingleItemReportView"
  Version="12.2.1.12.24"
  InheritPersonalization="merge"
  BindingStyle="OracleName"
  CustomQuery="true"
  PageIterMode="Full">
  <DesignTime>
    <Attr Name="_isExpertMode" Value="true"/>
  </DesignTime>
  <ViewAccessor
    Name="InvInventoryView1"
    ViewObjectName="erp.model.inv.InvInventoryView"
    RowLevelBinds="true"/>
  <ListBinding
    Name="LOV_ItemCode"
    ListVOName="InvInventoryView1"
    ComboRowCountHint="10"
    NullValueFlag="none"
    MRUCount="0">
    <AttrArray Name="AttrNames">
      <Item Value="ItemCode"/>
    </AttrArray>
    <AttrArray Name="AttrExpressions"/>
    <AttrArray Name="ListAttrNames">
      <Item Value="ItemCode"/>
    </AttrArray>
    <AttrArray Name="ListDisplayAttrNames">
      <Item Value="ItemCode"/>
    </AttrArray>
    <DisplayCriteria/>
  </ListBinding>
  <SQLQuery><![CDATA[SELECT InvInventory.ITEM_CODE,                             
       InvInventory.SERIAL_NUMBER,                             
       InvInventory.LOCATION,                             
       InvInventory.PRODUCT_CATEGORY,                             
       InvInventory.BRAND,                             
       InvInventory.PRODUCT_NAME,                             
       InvInventory.ITEM_TYPE,                             
       InvInventory.ITEM_DESCRIPTION,                             
       InvInventory.QUANTITY_RECEIVED,                             
       InvInventory.QUANTITY_ON_HANDE,                             
       InvInventory.RETAIL_PRICE,                             
       InvInventory.UNIT_SALE_PRICE,                             
       InvInventory.DATE_RECEIVED,                             
       InvInventory.SALE_BY_DATE,                             
       InvInventory.MINIMUM,                             
       InvInventory.MAXIMUM,                             
       InvInventory.NOTESREMARKS,                             
       InvInventory.PRODUCT_STATUS,                             
       InvInventory.ITEM_PIC,                             
       InvInventory.UOF,                             
       InvInventory.VARIANCE,                             
       InvInventory.COMMISSION,                             
       InvInventory.TOTAL_COMMISSION,                             
       InvInventory.SUB_CATEGORY,                             
       InvInventory.BARCODE,                     
       InvOrderItems.ORDER_NO,                     
       InvOrderItems.QUANTITY,                     
       InvOrderItems.TOTAL,                     
       InvVar.VARIANCE_DATE,                     
       InvVar.VARIANCE_STATUS,                     
       InvVar.VARIANCE_QUANTITY,                     
       InvVar.VARIANCEC_REASON,                     
       InvVar.VARIANCE_TYPE,                     
      -- InvSaleItems.ORDER_NO,                     
      -- InvSaleItems.QAUNTITY,                     
      -- InvSaleItems.TOTAL,            
       InvRecItems.RECEIVED_DATE,            
       InvRecItems.RECIEVED_QUANTITY      
FROM INV_INVENTORY InvInventory                             
 LEFT JOIN INV_ORDERED_ITEMS InvOrderItems ON InvOrderItems.ITEM_CODE=InvInventory.ITEM_CODE                            
--LEFT JOIN INV_SALE_ITEMS InvSaleItems ON InvSaleItems.ITEM_CODE=InvInventory.ITEM_CODE                            
 LEFT JOIN INV_VARIANCE InvVar ON InvVar.ITEM_CODE=InvInventory.ITEM_CODE                          
LEFT  JOIN INV_RECIEVE_ITEM InvRecItems ON InvRecItems.ITEM_CODE=InvInventory.ITEM_CODE]]></SQLQuery>
  <ViewAttribute
    Name="ItemCode"
    IsUpdateable="false"
    IsPersistent="false"
    IsNotNull="true"
    PrecisionRule="true"
    Precision="32"
    Type="java.lang.String"
    ColumnType="VARCHAR2"
    AliasName="ITEM_CODE"
    Expression="ITEM_CODE"
    SQLType="VARCHAR"
    LOVName="LOV_ItemCode">
    <DesignTime>
      <Attr Name="_DisplaySize" Value="32"/>
    </DesignTime>
    <Properties>
      <SchemaBasedProperties>
        <CONTROLTYPE
          Value="input_text_lov"/>
      </SchemaBasedProperties>
    </Properties>
  </ViewAttribute>
  <ViewAttribute
    Name="SerialNumber"
    IsUpdateable="false"
    IsPersistent="false"
    IsNotNull="true"
    PrecisionRule="true"
    Type="java.math.BigDecimal"
    ColumnType="NUMBER"
    AliasName="SERIAL_NUMBER"
    Expression="SERIAL_NUMBER"
    SQLType="NUMERIC"/>
  <ViewAttribute
    Name="Location"
    IsUpdateable="false"
    IsPersistent="false"
    IsNotNull="true"
    PrecisionRule="true"
    Precision="32"
    Type="java.lang.String"
    ColumnType="VARCHAR2"
    AliasName="LOCATION"
    Expression="LOCATION"
    SQLType="VARCHAR">
    <DesignTime>
      <Attr Name="_DisplaySize" Value="32"/>
    </DesignTime>
  </ViewAttribute>
  <ViewAttribute
    Name="ProductCategory"
    IsUpdateable="false"
    IsPersistent="false"
    PrecisionRule="true"
    Precision="20"
    Type="java.lang.String"
    ColumnType="VARCHAR2"
    AliasName="PRODUCT_CATEGORY"
    Expression="PRODUCT_CATEGORY"
    SQLType="VARCHAR">
    <DesignTime>
      <Attr Name="_DisplaySize" Value="20"/>
    </DesignTime>
  </ViewAttribute>
  <ViewAttribute
    Name="Brand"
    IsUpdateable="false"
    IsPersistent="false"
    PrecisionRule="true"
    Precision="16"
    Type="java.lang.String"
    ColumnType="VARCHAR2"
    AliasName="BRAND"
    Expression="BRAND"
    SQLType="VARCHAR">
    <DesignTime>
      <Attr Name="_DisplaySize" Value="16"/>
    </DesignTime>
  </ViewAttribute>
  <ViewAttribute
    Name="ProductName"
    IsUpdateable="false"
    IsPersistent="false"
    PrecisionRule="true"
    Precision="32"
    Type="java.lang.String"
    ColumnType="VARCHAR2"
    AliasName="PRODUCT_NAME"
    Expression="PRODUCT_NAME"
    SQLType="VARCHAR">
    <DesignTime>
      <Attr Name="_DisplaySize" Value="32"/>
    </DesignTime>
  </ViewAttribute>
  <ViewAttribute
    Name="ItemType"
    IsUpdateable="false"
    IsPersistent="false"
    PrecisionRule="true"
    Precision="16"
    Type="java.lang.String"
    ColumnType="VARCHAR2"
    AliasName="ITEM_TYPE"
    Expression="ITEM_TYPE"
    SQLType="VARCHAR">
    <DesignTime>
      <Attr Name="_DisplaySize" Value="16"/>
    </DesignTime>
  </ViewAttribute>
  <ViewAttribute
    Name="ItemDescription"
    IsUpdateable="false"
    IsPersistent="false"
    PrecisionRule="true"
    Precision="64"
    Type="java.lang.String"
    ColumnType="VARCHAR2"
    AliasName="ITEM_DESCRIPTION"
    Expression="ITEM_DESCRIPTION"
    SQLType="VARCHAR">
    <DesignTime>
      <Attr Name="_DisplaySize" Value="64"/>
    </DesignTime>
  </ViewAttribute>
  <ViewAttribute
    Name="QuantityReceived"
    IsUpdateable="false"
    IsPersistent="false"
    PrecisionRule="true"
    Type="java.math.BigDecimal"
    ColumnType="NUMBER"
    AliasName="QUANTITY_RECEIVED"
    Expression="QUANTITY_RECEIVED"
    SQLType="NUMERIC"/>
  <ViewAttribute
    Name="QuantityOnHande"
    IsUpdateable="false"
    IsPersistent="false"
    PrecisionRule="true"
    Type="java.math.BigDecimal"
    ColumnType="NUMBER"
    AliasName="QUANTITY_ON_HANDE"
    Expression="QUANTITY_ON_HANDE"
    SQLType="NUMERIC"/>
  <ViewAttribute
    Name="RetailPrice"
    IsUpdateable="false"
    IsPersistent="false"
    PrecisionRule="true"
    Type="java.math.BigDecimal"
    ColumnType="NUMBER"
    AliasName="RETAIL_PRICE"
    Expression="RETAIL_PRICE"
    SQLType="NUMERIC"/>
  <ViewAttribute
    Name="UnitSalePrice"
    IsUpdateable="false"
    IsPersistent="false"
    PrecisionRule="true"
    Type="java.math.BigDecimal"
    ColumnType="NUMBER"
    AliasName="UNIT_SALE_PRICE"
    Expression="UNIT_SALE_PRICE"
    SQLType="NUMERIC"/>
  <ViewAttribute
    Name="DateReceived"
    IsUpdateable="false"
    IsPersistent="false"
    PrecisionRule="true"
    Type="java.sql.Timestamp"
    ColumnType="DATE"
    AliasName="DATE_RECEIVED"
    Expression="DATE_RECEIVED"
    SQLType="DATE"/>
  <ViewAttribute
    Name="SaleByDate"
    IsUpdateable="false"
    IsPersistent="false"
    PrecisionRule="true"
    Type="java.sql.Timestamp"
    ColumnType="DATE"
    AliasName="SALE_BY_DATE"
    Expression="SALE_BY_DATE"
    SQLType="DATE"/>
  <ViewAttribute
    Name="Minimum"
    IsUpdateable="false"
    IsPersistent="false"
    PrecisionRule="true"
    Type="java.math.BigDecimal"
    ColumnType="NUMBER"
    AliasName="MINIMUM"
    Expression="MINIMUM"
    SQLType="NUMERIC"/>
  <ViewAttribute
    Name="Maximum"
    IsUpdateable="false"
    IsPersistent="false"
    PrecisionRule="true"
    Type="java.math.BigDecimal"
    ColumnType="NUMBER"
    AliasName="MAXIMUM"
    Expression="MAXIMUM"
    SQLType="NUMERIC"/>
  <ViewAttribute
    Name="Notesremarks"
    IsUpdateable="false"
    IsPersistent="false"
    PrecisionRule="true"
    Precision="1000"
    Type="java.lang.String"
    ColumnType="VARCHAR2"
    AliasName="NOTESREMARKS"
    Expression="NOTESREMARKS"
    SQLType="VARCHAR">
    <DesignTime>
      <Attr Name="_DisplaySize" Value="1000"/>
    </DesignTime>
  </ViewAttribute>
  <ViewAttribute
    Name="ProductStatus"
    IsUpdateable="false"
    IsPersistent="false"
    PrecisionRule="true"
    Precision="32"
    Type="java.lang.String"
    ColumnType="VARCHAR2"
    AliasName="PRODUCT_STATUS"
    Expression="PRODUCT_STATUS"
    SQLType="VARCHAR">
    <DesignTime>
      <Attr Name="_DisplaySize" Value="32"/>
    </DesignTime>
  </ViewAttribute>
  <ViewAttribute
    Name="ItemPic"
    IsUpdateable="false"
    IsQueriable="false"
    IsPersistent="false"
    PrecisionRule="true"
    Type="oracle.jbo.domain.BlobDomain"
    ColumnType="BLOB"
    AliasName="ITEM_PIC"
    Expression="ITEM_PIC"
    SQLType="BLOB"/>
  <ViewAttribute
    Name="Uof"
    IsUpdateable="false"
    IsPersistent="false"
    PrecisionRule="true"
    Precision="10"
    Type="java.lang.String"
    ColumnType="VARCHAR2"
    AliasName="UOF"
    Expression="UOF"
    SQLType="VARCHAR">
    <DesignTime>
      <Attr Name="_DisplaySize" Value="10"/>
    </DesignTime>
  </ViewAttribute>
  <ViewAttribute
    Name="Variance"
    IsUpdateable="false"
    IsPersistent="false"
    PrecisionRule="true"
    Type="java.math.BigDecimal"
    ColumnType="NUMBER"
    AliasName="VARIANCE"
    Expression="VARIANCE"
    SQLType="NUMERIC"/>
  <ViewAttribute
    Name="Commission"
    IsUpdateable="false"
    IsPersistent="false"
    PrecisionRule="true"
    Type="java.math.BigDecimal"
    ColumnType="NUMBER"
    AliasName="COMMISSION"
    Expression="COMMISSION"
    SQLType="NUMERIC"/>
  <ViewAttribute
    Name="TotalCommission"
    IsUpdateable="false"
    IsPersistent="false"
    PrecisionRule="true"
    Type="java.math.BigDecimal"
    ColumnType="NUMBER"
    AliasName="TOTAL_COMMISSION"
    Expression="TOTAL_COMMISSION"
    SQLType="NUMERIC"/>
  <ViewAttribute
    Name="SubCategory"
    IsUpdateable="false"
    IsPersistent="false"
    PrecisionRule="true"
    Precision="30"
    Type="java.lang.String"
    ColumnType="VARCHAR2"
    AliasName="SUB_CATEGORY"
    Expression="SUB_CATEGORY"
    SQLType="VARCHAR">
    <DesignTime>
      <Attr Name="_DisplaySize" Value="30"/>
    </DesignTime>
  </ViewAttribute>
  <ViewAttribute
    Name="Barcode"
    IsUpdateable="false"
    IsPersistent="false"
    PrecisionRule="true"
    Type="java.math.BigDecimal"
    ColumnType="NUMBER"
    AliasName="BARCODE"
    Expression="BARCODE"
    SQLType="NUMERIC"/>
  <ViewAttribute
    Name="OrderNo"
    IsUpdateable="false"
    IsPersistent="false"
    PrecisionRule="true"
    Type="java.math.BigDecimal"
    ColumnType="NUMBER"
    AliasName="ORDER_NO"
    Expression="ORDER_NO"
    SQLType="NUMERIC"/>
  <ViewAttribute
    Name="Quantity"
    IsUpdateable="false"
    IsPersistent="false"
    PrecisionRule="true"
    Type="java.math.BigDecimal"
    ColumnType="NUMBER"
    AliasName="QUANTITY"
    Expression="QUANTITY"
    SQLType="NUMERIC"/>
  <ViewAttribute
    Name="Total"
    IsUpdateable="false"
    IsPersistent="false"
    PrecisionRule="true"
    Type="java.math.BigDecimal"
    ColumnType="NUMBER"
    AliasName="TOTAL"
    Expression="TOTAL"
    SQLType="NUMERIC"/>
  <ViewAttribute
    Name="VarianceDate"
    IsUpdateable="false"
    IsPersistent="false"
    PrecisionRule="true"
    Type="java.sql.Timestamp"
    ColumnType="DATE"
    AliasName="VARIANCE_DATE"
    Expression="VARIANCE_DATE"
    SQLType="DATE"/>
  <ViewAttribute
    Name="VarianceStatus"
    IsUpdateable="false"
    IsPersistent="false"
    PrecisionRule="true"
    Precision="20"
    Type="java.lang.String"
    ColumnType="VARCHAR2"
    AliasName="VARIANCE_STATUS"
    Expression="VARIANCE_STATUS"
    SQLType="VARCHAR">
    <DesignTime>
      <Attr Name="_DisplaySize" Value="20"/>
    </DesignTime>
  </ViewAttribute>
  <ViewAttribute
    Name="VarianceQuantity"
    IsUpdateable="false"
    IsPersistent="false"
    PrecisionRule="true"
    Type="java.math.BigDecimal"
    ColumnType="NUMBER"
    AliasName="VARIANCE_QUANTITY"
    Expression="VARIANCE_QUANTITY"
    SQLType="NUMERIC"/>
  <ViewAttribute
    Name="VariancecReason"
    IsUpdateable="false"
    IsPersistent="false"
    PrecisionRule="true"
    Precision="32"
    Type="java.lang.String"
    ColumnType="VARCHAR2"
    AliasName="VARIANCEC_REASON"
    Expression="VARIANCEC_REASON"
    SQLType="VARCHAR">
    <DesignTime>
      <Attr Name="_DisplaySize" Value="32"/>
    </DesignTime>
  </ViewAttribute>
  <ViewAttribute
    Name="VarianceType"
    IsUpdateable="false"
    IsPersistent="false"
    PrecisionRule="true"
    Precision="20"
    Type="java.lang.String"
    ColumnType="VARCHAR2"
    AliasName="VARIANCE_TYPE"
    Expression="VARIANCE_TYPE"
    SQLType="VARCHAR">
    <DesignTime>
      <Attr Name="_DisplaySize" Value="20"/>
    </DesignTime>
  </ViewAttribute>
  <ViewAttribute
    Name="ReceivedDate"
    IsUpdateable="false"
    IsPersistent="false"
    PrecisionRule="true"
    Type="java.sql.Timestamp"
    ColumnType="DATE"
    AliasName="RECEIVED_DATE"
    Expression="RECEIVED_DATE"
    SQLType="DATE"/>
  <ViewAttribute
    Name="RecievedQuantity"
    IsUpdateable="false"
    IsPersistent="false"
    PrecisionRule="true"
    Type="java.math.BigDecimal"
    ColumnType="NUMBER"
    AliasName="RECIEVED_QUANTITY"
    Expression="RECIEVED_QUANTITY"
    SQLType="NUMERIC"/>
  <ViewCriteria
    Name="InvInventory_SingleItemReportViewCriteria"
    ViewObjectName="erp.model.inv.InvInventory_SingleItemReportView"
    Conjunction="AND">
    <Properties Name="_Props">
      <CustomProperties>
        <Property
          Name="autoExecute"
          Value="false"/>
        <Property
          Name="mode"
          Value="Basic"/>
        <Property
          Name="allowConjunctionOverride"
          Value="false"/>
        <Property
          Name="showInList"
          Value="true"/>
        <Property
          Name="displayOperators"
          Value="InAdvancedMode"/>
      </CustomProperties>
    </Properties>
    <ViewCriteriaRow
      Name="InvInventory_SingleItemReportViewCriteria_row_0"
      UpperColumns="1">
      <ViewCriteriaItem
        Name="ItemCode"
        ViewAttribute="ItemCode"
        Operator="="
        Conjunction="AND"
        Required="Optional"/>
    </ViewCriteriaRow>
  </ViewCriteria>
  <AttrArray Name="KeyAttributes">
    <Item Value="ItemCode"/>
  </AttrArray>
</ViewObject>
