<?xml version="1.0" encoding="windows-1252" ?>
<!DOCTYPE ViewObject SYSTEM "jbo_03_01.dtd">
<!---->
<ViewObject
  xmlns="http://xmlns.oracle.com/bc4j"
  Name="InvItemTransferView"
  Version="12.2.1.12.24"
  InheritPersonalization="merge"
  SelectListFlags="1"
  FromListFlags="1"
  WhereFlags="1"
  BindingStyle="OracleName"
  CustomQuery="false"
  SelectAllAttributes="false"
  PageIterMode="Full">
  <ViewAccessor
    Name="inv_Modules_InvStoresView1_1"
    ViewObjectName="erp.model.inv.InvStoresView"
    AMUsageName="inv_Modules"
    ViewInstanceName="InvStoresView1"
    RowLevelBinds="true"/>
  <ViewAccessor
    Name="inv_Modules_InvStoresView1_2"
    ViewObjectName="erp.model.inv.InvStoresView"
    AMUsageName="inv_Modules"
    ViewInstanceName="InvStoresView1"
    RowLevelBinds="true"/>
  <ViewAccessor
    Name="LookupCode1"
    ViewObjectName="erp.model.LookupCode"
    RowLevelBinds="true">
    <ParameterMap>
      <PIMap Variable="BindLookupType">
        <TransientExpression
          trustMode="untrusted"
          Name="ExpressionScript"><![CDATA['TRANSFER_REASON']]></TransientExpression>
      </PIMap>
    </ParameterMap>
  </ViewAccessor>
  <ViewAccessor
    Name="LookupCode2"
    ViewObjectName="erp.model.LookupCode"
    RowLevelBinds="true">
    <ParameterMap>
      <PIMap Variable="BindLookupType">
        <TransientExpression
          trustMode="untrusted"
          Name="ExpressionScript"><![CDATA['TRANSFER_STATUS']]></TransientExpression>
      </PIMap>
    </ParameterMap>
  </ViewAccessor>
  <ListBinding
    Name="LOV_ToLocation"
    ListVOName="inv_Modules_InvStoresView1_1"
    NullValueFlag="start"
    NullValueId="${adfBundle['oracle.javatools.resourcebundle.SystemBundle']['NULL_VALUE_RESID']}"
    MRUCount="0">
    <AttrArray Name="AttrNames">
      <Item Value="ToLocation"/>
    </AttrArray>
    <AttrArray Name="AttrExpressions"/>
    <AttrArray Name="ListAttrNames">
      <Item Value="StoreName"/>
    </AttrArray>
    <AttrArray Name="ListDisplayAttrNames">
      <Item Value="StoreName"/>
    </AttrArray>
    <DisplayCriteria/>
  </ListBinding>
  <ListBinding
    Name="LOV_FromLocation"
    ListVOName="inv_Modules_InvStoresView1_2"
    NullValueFlag="start"
    NullValueId="${adfBundle['oracle.javatools.resourcebundle.SystemBundle']['NULL_VALUE_RESID']}"
    MRUCount="0">
    <AttrArray Name="AttrNames">
      <Item Value="FromLocation"/>
    </AttrArray>
    <AttrArray Name="AttrExpressions"/>
    <AttrArray Name="ListAttrNames">
      <Item Value="StoreName"/>
    </AttrArray>
    <AttrArray Name="ListDisplayAttrNames">
      <Item Value="StoreName"/>
    </AttrArray>
    <DisplayCriteria/>
  </ListBinding>
  <ListBinding
    Name="LOV_TransferReason"
    ListVOName="LookupCode1"
    NullValueFlag="start"
    NullValueId="${adfBundle['oracle.javatools.resourcebundle.SystemBundle']['NULL_VALUE_RESID']}"
    MRUCount="0">
    <AttrArray Name="AttrNames">
      <Item Value="TransferReason"/>
    </AttrArray>
    <AttrArray Name="AttrExpressions"/>
    <AttrArray Name="ListAttrNames">
      <Item Value="LookupCode"/>
    </AttrArray>
    <AttrArray Name="ListDisplayAttrNames">
      <Item Value="Meaning"/>
    </AttrArray>
    <DisplayCriteria/>
  </ListBinding>
  <ListBinding
    Name="LOV_TransferStatus"
    ListVOName="LookupCode2"
    NullValueFlag="start"
    NullValueId="${adfBundle['oracle.javatools.resourcebundle.SystemBundle']['NULL_VALUE_RESID']}"
    MRUCount="0">
    <AttrArray Name="AttrNames">
      <Item Value="TransferStatus"/>
    </AttrArray>
    <AttrArray Name="AttrExpressions"/>
    <AttrArray Name="ListAttrNames">
      <Item Value="LookupCode"/>
    </AttrArray>
    <AttrArray Name="ListDisplayAttrNames">
      <Item Value="Meaning"/>
    </AttrArray>
    <DisplayCriteria/>
  </ListBinding>
  <EntityUsage
    Name="InvItemTransfer"
    Entity="erp.model.inv.InvItemTransfer"/>
  <ViewAttribute
    Name="ItemCode"
    IsNotNull="true"
    PrecisionRule="true"
    EntityAttrName="ItemCode"
    EntityUsage="InvItemTransfer"
    AliasName="ITEM_CODE">
    <Properties>
      <SchemaBasedProperties>
        <LABEL
          ResId="erp.model.inv.InvItemTransferView.ItemCode_LABEL"/>
      </SchemaBasedProperties>
    </Properties>
  </ViewAttribute>
  <ViewAttribute
    Name="ToLocation"
    PrecisionRule="true"
    EntityAttrName="ToLocation"
    EntityUsage="InvItemTransfer"
    AliasName="TO_LOCATION"
    LOVName="LOV_ToLocation">
    <Properties>
      <SchemaBasedProperties>
        <CONTROLTYPE
          Value="choice"/>
        <LABEL
          ResId="erp.model.inv.InvItemTransferView.ToLocation_LABEL"/>
      </SchemaBasedProperties>
    </Properties>
  </ViewAttribute>
  <ViewAttribute
    Name="FromLocation"
    PrecisionRule="true"
    EntityAttrName="FromLocation"
    EntityUsage="InvItemTransfer"
    AliasName="FROM_LOCATION"
    LOVName="LOV_FromLocation">
    <Properties>
      <SchemaBasedProperties>
        <CONTROLTYPE
          Value="choice"/>
        <LABEL
          ResId="erp.model.inv.InvItemTransferView.FromLocation_LABEL"/>
      </SchemaBasedProperties>
    </Properties>
  </ViewAttribute>
  <ViewAttribute
    Name="QuantityToTransfer"
    PrecisionRule="true"
    EntityAttrName="QuantityToTransfer"
    EntityUsage="InvItemTransfer"
    AliasName="QUANTITY_TO_TRANSFER">
    <Properties>
      <SchemaBasedProperties>
        <LABEL
          ResId="erp.model.inv.InvItemTransferView.QuantityToTransfer_LABEL"/>
      </SchemaBasedProperties>
    </Properties>
  </ViewAttribute>
  <ViewAttribute
    Name="TransferDate"
    IsNotNull="true"
    PrecisionRule="true"
    EntityAttrName="TransferDate"
    EntityUsage="InvItemTransfer"
    AliasName="TRANSFER_DATE">
    <Properties>
      <SchemaBasedProperties>
        <LABEL
          ResId="erp.model.inv.InvItemTransferView.TransferDate_LABEL"/>
      </SchemaBasedProperties>
    </Properties>
  </ViewAttribute>
  <ViewAttribute
    Name="TransferReason"
    PrecisionRule="true"
    EntityAttrName="TransferReason"
    EntityUsage="InvItemTransfer"
    AliasName="TRANSFER_REASON"
    LOVName="LOV_TransferReason">
    <Properties>
      <SchemaBasedProperties>
        <LABEL
          ResId="erp.model.inv.InvItemTransferView.TransferReason_LABEL"/>
        <CONTROLTYPE
          Value="choice"/>
      </SchemaBasedProperties>
    </Properties>
  </ViewAttribute>
  <ViewAttribute
    Name="TransferStatus"
    PrecisionRule="true"
    EntityAttrName="TransferStatus"
    EntityUsage="InvItemTransfer"
    AliasName="TRANSFER_STATUS"
    LOVName="LOV_TransferStatus">
    <Properties>
      <SchemaBasedProperties>
        <LABEL
          ResId="erp.model.inv.InvItemTransferView.TransferStatus_LABEL"/>
        <CONTROLTYPE
          Value="choice"/>
      </SchemaBasedProperties>
    </Properties>
  </ViewAttribute>
  <ViewAttribute
    Name="NoteRemarks"
    PrecisionRule="true"
    EntityAttrName="NoteRemarks"
    EntityUsage="InvItemTransfer"
    AliasName="NOTE_REMARKS">
    <Properties>
      <SchemaBasedProperties>
        <LABEL
          ResId="erp.model.inv.InvItemTransferView.NoteRemarks_LABEL"/>
      </SchemaBasedProperties>
    </Properties>
  </ViewAttribute>
  <ResourceBundle>
    <PropertiesBundle
      PropertiesFile="erp.model.SUNWAY_ERP_ModelBundle"/>
  </ResourceBundle>
</ViewObject>
