<?xml version="1.0" encoding="windows-1252" ?>
<!DOCTYPE Entity SYSTEM "jbo_03_01.dtd">
<!---->
<Entity
  xmlns="http://xmlns.oracle.com/bc4j"
  Name="InvInventory1"
  Version="12.2.1.12.24"
  InheritPersonalization="merge"
  DBObjectType="table"
  DBObjectName="INV_INVENTORY"
  AliasName="InvInventory1"
  BindingStyle="OracleName">
  <Attribute
    Name="ItemCode"
    IsNotNull="true"
    Precision="32"
    ColumnName="ITEM_CODE"
    SQLType="VARCHAR"
    Type="java.lang.String"
    ColumnType="VARCHAR2"
    TableName="INV_INVENTORY"
    PrimaryKey="true">
    <DesignTime>
      <Attr Name="_DisplaySize" Value="32"/>
    </DesignTime>
  </Attribute>
  <Attribute
    Name="Barcode"
    ColumnName="BARCODE"
    SQLType="NUMERIC"
    Type="java.math.BigDecimal"
    ColumnType="NUMBER"
    TableName="INV_INVENTORY"/>
  <Attribute
    Name="SerialNumber"
    IsNotNull="true"
    ColumnName="SERIAL_NUMBER"
    SQLType="NUMERIC"
    Type="java.math.BigDecimal"
    ColumnType="NUMBER"
    TableName="INV_INVENTORY"/>
  <Attribute
    Name="ItemType"
    Precision="16"
    ColumnName="ITEM_TYPE"
    SQLType="VARCHAR"
    Type="java.lang.String"
    ColumnType="VARCHAR2"
    TableName="INV_INVENTORY">
    <DesignTime>
      <Attr Name="_DisplaySize" Value="16"/>
    </DesignTime>
  </Attribute>
  <Attribute
    Name="Brand"
    Precision="16"
    ColumnName="BRAND"
    SQLType="VARCHAR"
    Type="java.lang.String"
    ColumnType="VARCHAR2"
    TableName="INV_INVENTORY">
    <DesignTime>
      <Attr Name="_DisplaySize" Value="16"/>
    </DesignTime>
  </Attribute>
  <Attribute
    Name="ProductCategory"
    Precision="20"
    ColumnName="PRODUCT_CATEGORY"
    SQLType="VARCHAR"
    Type="java.lang.String"
    ColumnType="VARCHAR2"
    TableName="INV_INVENTORY">
    <DesignTime>
      <Attr Name="_DisplaySize" Value="20"/>
    </DesignTime>
  </Attribute>
  <Attribute
    Name="SubCategory"
    Precision="30"
    ColumnName="SUB_CATEGORY"
    SQLType="VARCHAR"
    Type="java.lang.String"
    ColumnType="VARCHAR2"
    TableName="INV_INVENTORY">
    <DesignTime>
      <Attr Name="_DisplaySize" Value="30"/>
    </DesignTime>
  </Attribute>
  <Attribute
    Name="ProductName"
    Precision="32"
    ColumnName="PRODUCT_NAME"
    SQLType="VARCHAR"
    Type="java.lang.String"
    ColumnType="VARCHAR2"
    TableName="INV_INVENTORY">
    <DesignTime>
      <Attr Name="_DisplaySize" Value="32"/>
    </DesignTime>
  </Attribute>
  <Attribute
    Name="ItemDescription"
    Precision="64"
    ColumnName="ITEM_DESCRIPTION"
    SQLType="VARCHAR"
    Type="java.lang.String"
    ColumnType="VARCHAR2"
    TableName="INV_INVENTORY">
    <DesignTime>
      <Attr Name="_DisplaySize" Value="64"/>
    </DesignTime>
  </Attribute>
  <Attribute
    Name="Location"
    IsNotNull="true"
    Precision="32"
    ColumnName="LOCATION"
    SQLType="VARCHAR"
    Type="java.lang.String"
    ColumnType="VARCHAR2"
    TableName="INV_INVENTORY">
    <DesignTime>
      <Attr Name="_DisplaySize" Value="32"/>
    </DesignTime>
  </Attribute>
  <Attribute
    Name="QuantityReceived"
    ColumnName="QUANTITY_RECEIVED"
    SQLType="NUMERIC"
    Type="java.math.BigDecimal"
    ColumnType="NUMBER"
    TableName="INV_INVENTORY"/>
  <Attribute
    Name="QuantityOnHande"
    ColumnName="QUANTITY_ON_HANDE"
    SQLType="NUMERIC"
    Type="java.math.BigDecimal"
    ColumnType="NUMBER"
    TableName="INV_INVENTORY"/>
  <Attribute
    Name="RetailPrice"
    ColumnName="RETAIL_PRICE"
    SQLType="NUMERIC"
    Type="java.math.BigDecimal"
    ColumnType="NUMBER"
    TableName="INV_INVENTORY"/>
  <Attribute
    Name="UnitSalePrice"
    ColumnName="UNIT_SALE_PRICE"
    SQLType="NUMERIC"
    Type="java.math.BigDecimal"
    ColumnType="NUMBER"
    TableName="INV_INVENTORY"/>
  <Attribute
    Name="DateReceived"
    ColumnName="DATE_RECEIVED"
    SQLType="DATE"
    Type="java.sql.Timestamp"
    ColumnType="DATE"
    TableName="INV_INVENTORY"/>
  <Attribute
    Name="SaleByDate"
    ColumnName="SALE_BY_DATE"
    SQLType="DATE"
    Type="java.sql.Timestamp"
    ColumnType="DATE"
    TableName="INV_INVENTORY"/>
  <Attribute
    Name="Minimum"
    ColumnName="MINIMUM"
    SQLType="NUMERIC"
    Type="java.math.BigDecimal"
    ColumnType="NUMBER"
    TableName="INV_INVENTORY"/>
  <Attribute
    Name="Maximum"
    ColumnName="MAXIMUM"
    SQLType="NUMERIC"
    Type="java.math.BigDecimal"
    ColumnType="NUMBER"
    TableName="INV_INVENTORY"/>
  <Attribute
    Name="Notesremarks"
    Precision="1000"
    ColumnName="NOTESREMARKS"
    SQLType="VARCHAR"
    Type="java.lang.String"
    ColumnType="VARCHAR2"
    TableName="INV_INVENTORY">
    <DesignTime>
      <Attr Name="_DisplaySize" Value="1000"/>
    </DesignTime>
  </Attribute>
  <Attribute
    Name="ProductStatus"
    Precision="32"
    ColumnName="PRODUCT_STATUS"
    SQLType="VARCHAR"
    Type="java.lang.String"
    ColumnType="VARCHAR2"
    TableName="INV_INVENTORY">
    <DesignTime>
      <Attr Name="_DisplaySize" Value="32"/>
    </DesignTime>
  </Attribute>
  <Attribute
    Name="ItemPic"
    IsQueriable="false"
    ColumnName="ITEM_PIC"
    SQLType="BLOB"
    Type="oracle.jbo.domain.BlobDomain"
    ColumnType="BLOB"
    TableName="INV_INVENTORY"/>
  <Attribute
    Name="Uof"
    Precision="10"
    ColumnName="UOF"
    SQLType="VARCHAR"
    Type="java.lang.String"
    ColumnType="VARCHAR2"
    TableName="INV_INVENTORY">
    <DesignTime>
      <Attr Name="_DisplaySize" Value="10"/>
    </DesignTime>
  </Attribute>
  <Attribute
    Name="Variance"
    ColumnName="VARIANCE"
    SQLType="NUMERIC"
    Type="java.math.BigDecimal"
    ColumnType="NUMBER"
    TableName="INV_INVENTORY"/>
  <Key
    Name="InvInventoryPk"
    PrimaryKey="true">
    <DesignTime>
      <Attr Name="_DBObjectName" Value="INV_INVENTORY_PK"/>
    </DesignTime>
    <AttrArray Name="Attributes">
      <Item Value="erp.model.inv.InvInventory1.ItemCode"/>
    </AttrArray>
  </Key>
</Entity>
