<?xml version="1.0" encoding="windows-1252" ?>
<!DOCTYPE Entity SYSTEM "jbo_03_01.dtd">
<!---->
<Entity
  xmlns="http://xmlns.oracle.com/bc4j"
  Name="InvInventory"
  Version="12.2.1.12.24"
  InheritPersonalization="merge"
  DBObjectType="table"
  DBObjectName="INV_INVENTORY"
  AliasName="InvInventory"
  BindingStyle="OracleName"
  xmlns:validation="http://xmlns.oracle.com/adfm/validation"
  RowClass="erp.model.inv.InvInventoryImpl">
  <DesignTime>
    <Attr Name="_codeGenFlag2" Value="Init|Access|DML"/>
    <Attr Name="_isCodegen" Value="true"/>
  </DesignTime>
  <Attribute
    Name="ItemCode"
    IsNotNull="true"
    Precision="32"
    ColumnName="ITEM_CODE"
    SQLType="VARCHAR"
    Type="java.lang.String"
    ColumnType="VARCHAR2"
    TableName="INV_INVENTORY"
    PrimaryKey="true">
    <DesignTime>
      <Attr Name="_DisplaySize" Value="32"/>
    </DesignTime>
  </Attribute>
  <Attribute
    Name="Barcode"
    ColumnName="BARCODE"
    SQLType="NUMERIC"
    Type="java.math.BigDecimal"
    ColumnType="NUMBER"
    TableName="INV_INVENTORY"/>
  <Attribute
    Name="SerialNumber"
    IsNotNull="true"
    ColumnName="SERIAL_NUMBER"
    SQLType="NUMERIC"
    Type="java.math.BigDecimal"
    ColumnType="NUMBER"
    TableName="INV_INVENTORY">
    <validation:CompareValidationBean
      Name="SerialNumberRule0"
      ResId="erp.model.inv.InvInventoryView.SerialNumber_Rule0"
      OnAttribute="SerialNumber"
      OperandType="LITERAL"
      Inverse="false"
      CompareType="GREATERTHAN"
      CompareValue="0"/>
  </Attribute>
  <Attribute
    Name="ItemType"
    Precision="16"
    ColumnName="ITEM_TYPE"
    SQLType="VARCHAR"
    Type="java.lang.String"
    ColumnType="VARCHAR2"
    TableName="INV_INVENTORY">
    <DesignTime>
      <Attr Name="_DisplaySize" Value="16"/>
    </DesignTime>
  </Attribute>
  <Attribute
    Name="Brand"
    Precision="16"
    ColumnName="BRAND"
    SQLType="VARCHAR"
    Type="java.lang.String"
    ColumnType="VARCHAR2"
    TableName="INV_INVENTORY">
    <DesignTime>
      <Attr Name="_DisplaySize" Value="16"/>
    </DesignTime>
  </Attribute>
  <Attribute
    Name="ProductCategory"
    Precision="20"
    ColumnName="PRODUCT_CATEGORY"
    SQLType="VARCHAR"
    Type="java.lang.String"
    ColumnType="VARCHAR2"
    TableName="INV_INVENTORY">
    <DesignTime>
      <Attr Name="_DisplaySize" Value="20"/>
    </DesignTime>
  </Attribute>
  <Attribute
    Name="SubCategory"
    Precision="30"
    ColumnName="SUB_CATEGORY"
    SQLType="VARCHAR"
    Type="java.lang.String"
    ColumnType="VARCHAR2"
    TableName="INV_INVENTORY">
    <DesignTime>
      <Attr Name="_DisplaySize" Value="30"/>
    </DesignTime>
  </Attribute>
  <Attribute
    Name="ProductName"
    Precision="32"
    ColumnName="PRODUCT_NAME"
    SQLType="VARCHAR"
    Type="java.lang.String"
    ColumnType="VARCHAR2"
    TableName="INV_INVENTORY">
    <DesignTime>
      <Attr Name="_DisplaySize" Value="32"/>
    </DesignTime>
  </Attribute>
  <Attribute
    Name="ItemDescription"
    Precision="64"
    ColumnName="ITEM_DESCRIPTION"
    SQLType="VARCHAR"
    Type="java.lang.String"
    ColumnType="VARCHAR2"
    TableName="INV_INVENTORY">
    <DesignTime>
      <Attr Name="_DisplaySize" Value="64"/>
    </DesignTime>
  </Attribute>
  <Attribute
    Name="Location"
    IsNotNull="true"
    Precision="32"
    ColumnName="LOCATION"
    SQLType="VARCHAR"
    Type="java.lang.String"
    ColumnType="VARCHAR2"
    TableName="INV_INVENTORY">
    <DesignTime>
      <Attr Name="_DisplaySize" Value="32"/>
    </DesignTime>
  </Attribute>
  <Attribute
    Name="QuantityReceived"
    ColumnName="QUANTITY_RECEIVED"
    SQLType="NUMERIC"
    Type="java.lang.Integer"
    ColumnType="NUMBER"
    TableName="INV_INVENTORY">
    <validation:CompareValidationBean
      Name="QuantityReceivedRule0"
      ResId="erp.model.inv.InvInventoryView.QuantityReceived_Rule0"
      OnAttribute="QuantityReceived"
      OperandType="LITERAL"
      Inverse="false"
      CompareType="GREATERTHAN"
      CompareValue="0"/>
  </Attribute>
  <Attribute
    Name="QuantityOnHande"
    ColumnName="QUANTITY_ON_HANDE"
    SQLType="NUMERIC"
    Type="java.math.BigDecimal"
    ColumnType="NUMBER"
    TableName="INV_INVENTORY">
    <validation:CompareValidationBean
      Name="QuantityOnHandeRule0"
      ResId="erp.model.inv.InvInventoryView.QuantityOnHande_Rule0"
      OnAttribute="QuantityOnHande"
      OperandType="LITERAL"
      Inverse="false"
      CompareType="GREATERTHANEQUALTO"
      CompareValue="0"/>
  </Attribute>
  <Attribute
    Name="RetailPrice"
    ColumnName="RETAIL_PRICE"
    SQLType="NUMERIC"
    Type="java.math.BigDecimal"
    ColumnType="NUMBER"
    TableName="INV_INVENTORY">
    <validation:CompareValidationBean
      Name="RetailPriceRule0"
      ResId="erp.model.inv.InvInventoryView.RetailPrice_Rule1"
      OnAttribute="RetailPrice"
      OperandType="LITERAL"
      Inverse="false"
      CompareType="GREATERTHANEQUALTO"
      CompareValue="0"/>
  </Attribute>
  <Attribute
    Name="UnitSalePrice"
    ColumnName="UNIT_SALE_PRICE"
    SQLType="NUMERIC"
    Type="java.math.BigDecimal"
    ColumnType="NUMBER"
    TableName="INV_INVENTORY">
    <validation:CompareValidationBean
      Name="UnitSalePriceRule0"
      ResId="erp.model.inv.InvInventoryView.UnitSalePrice_Rule0"
      OnAttribute="UnitSalePrice"
      OperandType="LITERAL"
      Inverse="false"
      CompareType="GREATERTHANEQUALTO"
      CompareValue="0"/>
  </Attribute>
  <Attribute
    Name="DateReceived"
    ColumnName="DATE_RECEIVED"
    SQLType="DATE"
    Type="java.sql.Timestamp"
    ColumnType="DATE"
    TableName="INV_INVENTORY"/>
  <Attribute
    Name="SaleByDate"
    ColumnName="SALE_BY_DATE"
    SQLType="DATE"
    Type="java.sql.Timestamp"
    ColumnType="DATE"
    TableName="INV_INVENTORY"/>
  <Attribute
    Name="Minimum"
    ColumnName="MINIMUM"
    SQLType="NUMERIC"
    Type="java.lang.Integer"
    ColumnType="NUMBER"
    TableName="INV_INVENTORY"/>
  <Attribute
    Name="Maximum"
    ColumnName="MAXIMUM"
    SQLType="NUMERIC"
    Type="java.lang.Integer"
    ColumnType="NUMBER"
    TableName="INV_INVENTORY">
    <validation:CompareValidationBean
      Name="MaximumRule1"
      ResId="erp.model.inv.InvInventoryView.Maximum_Rule"
      OnAttribute="Maximum"
      OperandType="EXPR"
      Inverse="false"
      CompareType="GREATERTHANEQUALTO">
      <validation:TransientExpression
        Name="ValidationRuleScript"
        trustMode="untrusted"
        CodeSourceName="InvInventoryRow"/>
    </validation:CompareValidationBean>
  </Attribute>
  <Attribute
    Name="Notesremarks"
    Precision="1000"
    ColumnName="NOTESREMARKS"
    SQLType="VARCHAR"
    Type="java.lang.String"
    ColumnType="VARCHAR2"
    TableName="INV_INVENTORY">
    <DesignTime>
      <Attr Name="_DisplaySize" Value="1000"/>
    </DesignTime>
  </Attribute>
  <Attribute
    Name="ProductStatus"
    Precision="32"
    ColumnName="PRODUCT_STATUS"
    SQLType="VARCHAR"
    Type="java.lang.String"
    ColumnType="VARCHAR2"
    TableName="INV_INVENTORY">
    <DesignTime>
      <Attr Name="_DisplaySize" Value="32"/>
    </DesignTime>
  </Attribute>
  <Attribute
    Name="ItemPic"
    IsQueriable="false"
    ColumnName="ITEM_PIC"
    SQLType="BLOB"
    Type="oracle.jbo.domain.BlobDomain"
    ColumnType="BLOB"
    TableName="INV_INVENTORY"/>
  <Attribute
    Name="Uof"
    Precision="10"
    ColumnName="UOF"
    SQLType="VARCHAR"
    Type="java.lang.String"
    ColumnType="VARCHAR2"
    TableName="INV_INVENTORY">
    <DesignTime>
      <Attr Name="_DisplaySize" Value="10"/>
    </DesignTime>
  </Attribute>
  <Attribute
    Name="Variance"
    ColumnName="VARIANCE"
    SQLType="NUMERIC"
    Type="java.lang.Integer"
    ColumnType="NUMBER"
    TableName="INV_INVENTORY"/>
  <Attribute
    Name="Commission"
    ColumnName="COMMISSION"
    SQLType="NUMERIC"
    Type="java.math.BigDecimal"
    ColumnType="NUMBER"
    TableName="INV_INVENTORY"/>
  <AccessorAttribute
    Name="InvOrders"
    Association="erp.model.inv.InvOrdersFk1Assoc"
    AssociationEnd="erp.model.inv.InvOrdersFk1Assoc.InvOrders"
    AssociationOtherEnd="erp.model.inv.InvOrdersFk1Assoc.InvInventory"
    Type="oracle.jbo.RowIterator"
    IsUpdateable="false"/>
  <AccessorAttribute
    Name="InvSales"
    Association="erp.model.inv.InvSalesFk1Assoc"
    AssociationEnd="erp.model.inv.InvSalesFk1Assoc.InvSales"
    AssociationOtherEnd="erp.model.inv.InvSalesFk1Assoc.InvInventory"
    Type="oracle.jbo.RowIterator"
    IsUpdateable="false"/>
  <AccessorAttribute
    Name="InvVariance"
    Association="erp.model.inv.InvVarianceFk1Assoc"
    AssociationEnd="erp.model.inv.InvVarianceFk1Assoc.InvVariance"
    AssociationOtherEnd="erp.model.inv.InvVarianceFk1Assoc.InvInventory"
    Type="oracle.jbo.server.EntityImpl"
    IsUpdateable="true"/>
  <Key
    Name="InvInventoryPk"
    PrimaryKey="true">
    <DesignTime>
      <Attr Name="_DBObjectName" Value="INV_INVENTORY_PK"/>
    </DesignTime>
    <AttrArray Name="Attributes">
      <Item Value="erp.model.inv.InvInventory.ItemCode"/>
    </AttrArray>
  </Key>
  <ResourceBundle>
    <PropertiesBundle
      PropertiesFile="erp.model.SUNWAY_ERP_ModelBundle"/>
  </ResourceBundle>
</Entity>
