<?xml version="1.0" encoding="windows-1252" ?>
<!DOCTYPE ViewObject SYSTEM "jbo_03_01.dtd">
<!---->
<ViewObject
  xmlns="http://xmlns.oracle.com/bc4j"
  Name="InvOrders_ReportsView"
  Version="12.2.1.12.24"
  InheritPersonalization="merge"
  BindingStyle="OracleName"
  CustomQuery="true"
  PageIterMode="Full"
  OrderBy='"ORDER_DATE"'>
  <DesignTime>
    <Attr Name="_isExpertMode" Value="true"/>
  </DesignTime>
  <ViewAccessor
    Name="LookupCode1"
    ViewObjectName="erp.model.LookupCode"
    RowLevelBinds="true">
    <ParameterMap>
      <PIMap Variable="BindLookupType">
        <TransientExpression
          trustMode="untrusted"
          Name="ExpressionScript"><![CDATA['ORDER_STATUS']]></TransientExpression>
      </PIMap>
    </ParameterMap>
  </ViewAccessor>
  <ListBinding
    Name="LOV_OrderStatus"
    ListVOName="LookupCode1"
    NullValueFlag="start"
    NullValueId="${adfBundle['oracle.javatools.resourcebundle.SystemBundle']['NULL_VALUE_RESID']}"
    MRUCount="0">
    <AttrArray Name="AttrNames">
      <Item Value="OrderStatus"/>
    </AttrArray>
    <AttrArray Name="AttrExpressions"/>
    <AttrArray Name="ListAttrNames">
      <Item Value="LookupCode"/>
    </AttrArray>
    <AttrArray Name="ListDisplayAttrNames">
      <Item Value="Meaning"/>
    </AttrArray>
    <DisplayCriteria/>
  </ListBinding>
  <SQLQuery><![CDATA[SELECT InvOrders.ORDER_ID,             
       InvOrders.ORDER_NAME,             
       InvOrders.ORDER_STATUS,             
       InvOrders.SUPPLIER,             
       InvOrders.CREATED_BY,             
       InvOrders.AGREEMENT,             
       InvOrders.ESTIMATED_DELIVERY_DATE,             
       InvOrders.SHIPMENT_DATE,             
       InvOrders.ITEM_CODE,             
       InvOrders.ORDER_DATE,             
       InvOrders.NOTESREMARKS,             
       InvOrders.APPROVED_BY ,       
       InvVendors.VENDOR_NAME,       
       InvVendors.PHONENO 
             
FROM INV_ORDERS InvOrders                 
JOIN INV_VENDORS InvVendors      
    
ON InvVendors.ORDERNO=InvOrders.ORDER_ID]]></SQLQuery>
  <ViewAttribute
    Name="OrderId"
    IsUpdateable="false"
    IsPersistent="false"
    IsNotNull="true"
    PrecisionRule="true"
    Type="java.math.BigDecimal"
    ColumnType="NUMBER"
    AliasName="ORDER_ID"
    Expression="ORDER_ID"
    SQLType="NUMERIC">
    <Properties>
      <SchemaBasedProperties>
        <LABEL
          ResId="erp.model.inv.InvOrders_ReportsView.OrderId_LABEL"/>
      </SchemaBasedProperties>
    </Properties>
  </ViewAttribute>
  <ViewAttribute
    Name="OrderName"
    IsUpdateable="false"
    IsPersistent="false"
    PrecisionRule="true"
    Precision="20"
    Type="java.lang.String"
    ColumnType="VARCHAR2"
    AliasName="ORDER_NAME"
    Expression="ORDER_NAME"
    SQLType="VARCHAR">
    <DesignTime>
      <Attr Name="_DisplaySize" Value="20"/>
    </DesignTime>
    <Properties>
      <SchemaBasedProperties>
        <LABEL
          ResId="erp.model.inv.InvOrders_ReportsView.OrderName_LABEL"/>
      </SchemaBasedProperties>
    </Properties>
  </ViewAttribute>
  <ViewAttribute
    Name="OrderStatus"
    IsUpdateable="false"
    IsPersistent="false"
    PrecisionRule="true"
    Precision="20"
    Type="java.lang.String"
    ColumnType="VARCHAR2"
    AliasName="ORDER_STATUS"
    Expression="ORDER_STATUS"
    SQLType="VARCHAR"
    LOVName="LOV_OrderStatus">
    <DesignTime>
      <Attr Name="_DisplaySize" Value="20"/>
    </DesignTime>
    <Properties>
      <SchemaBasedProperties>
        <LABEL
          ResId="erp.model.inv.InvOrders_ReportsView.OrderStatus_LABEL"/>
        <CONTROLTYPE
          Value="choice"/>
      </SchemaBasedProperties>
    </Properties>
  </ViewAttribute>
  <ViewAttribute
    Name="Supplier"
    IsUpdateable="false"
    IsPersistent="false"
    PrecisionRule="true"
    Type="java.math.BigDecimal"
    ColumnType="NUMBER"
    AliasName="SUPPLIER"
    Expression="SUPPLIER"
    SQLType="NUMERIC">
    <Properties>
      <SchemaBasedProperties>
        <LABEL
          ResId="erp.model.inv.InvOrders_ReportsView.Supplier_LABEL"/>
      </SchemaBasedProperties>
    </Properties>
  </ViewAttribute>
  <ViewAttribute
    Name="CreatedBy"
    IsUpdateable="false"
    IsPersistent="false"
    PrecisionRule="true"
    Precision="32"
    Type="java.lang.String"
    ColumnType="VARCHAR2"
    AliasName="CREATED_BY"
    Expression="CREATED_BY"
    SQLType="VARCHAR">
    <DesignTime>
      <Attr Name="_DisplaySize" Value="32"/>
    </DesignTime>
    <Properties>
      <SchemaBasedProperties>
        <LABEL
          ResId="erp.model.inv.InvOrders_ReportsView.CreatedBy_LABEL"/>
      </SchemaBasedProperties>
    </Properties>
  </ViewAttribute>
  <ViewAttribute
    Name="Agreement"
    IsUpdateable="false"
    IsPersistent="false"
    PrecisionRule="true"
    Precision="32"
    Type="java.lang.String"
    ColumnType="VARCHAR2"
    AliasName="AGREEMENT"
    Expression="AGREEMENT"
    SQLType="VARCHAR">
    <DesignTime>
      <Attr Name="_DisplaySize" Value="32"/>
    </DesignTime>
    <Properties>
      <SchemaBasedProperties>
        <LABEL
          ResId="erp.model.inv.InvOrders_ReportsView.Agreement_LABEL"/>
      </SchemaBasedProperties>
    </Properties>
  </ViewAttribute>
  <ViewAttribute
    Name="EstimatedDeliveryDate"
    IsUpdateable="false"
    IsPersistent="false"
    PrecisionRule="true"
    Type="java.sql.Timestamp"
    ColumnType="DATE"
    AliasName="ESTIMATED_DELIVERY_DATE"
    Expression="ESTIMATED_DELIVERY_DATE"
    SQLType="DATE">
    <Properties>
      <SchemaBasedProperties>
        <LABEL
          ResId="erp.model.inv.InvOrders_ReportsView.EstimatedDeliveryDate_LABEL"/>
      </SchemaBasedProperties>
    </Properties>
  </ViewAttribute>
  <ViewAttribute
    Name="ShipmentDate"
    IsUpdateable="false"
    IsPersistent="false"
    PrecisionRule="true"
    Type="java.sql.Timestamp"
    ColumnType="DATE"
    AliasName="SHIPMENT_DATE"
    Expression="SHIPMENT_DATE"
    SQLType="DATE">
    <Properties>
      <SchemaBasedProperties>
        <LABEL
          ResId="erp.model.inv.InvOrders_ReportsView.ShipmentDate_LABEL"/>
      </SchemaBasedProperties>
    </Properties>
  </ViewAttribute>
  <ViewAttribute
    Name="ItemCode"
    IsUpdateable="false"
    IsPersistent="false"
    PrecisionRule="true"
    Precision="32"
    Type="java.lang.String"
    ColumnType="VARCHAR2"
    AliasName="ITEM_CODE"
    Expression="ITEM_CODE"
    SQLType="VARCHAR">
    <DesignTime>
      <Attr Name="_DisplaySize" Value="32"/>
    </DesignTime>
    <Properties>
      <SchemaBasedProperties>
        <LABEL
          ResId="erp.model.inv.InvOrders_ReportsView.ItemCode_LABEL"/>
      </SchemaBasedProperties>
    </Properties>
  </ViewAttribute>
  <ViewAttribute
    Name="OrderDate"
    IsUpdateable="false"
    IsPersistent="false"
    PrecisionRule="true"
    Type="java.sql.Timestamp"
    ColumnType="DATE"
    AliasName="ORDER_DATE"
    Expression="ORDER_DATE"
    SQLType="DATE">
    <Properties>
      <SchemaBasedProperties>
        <LABEL
          ResId="erp.model.inv.InvOrders_ReportsView.OrderDate_LABEL"/>
      </SchemaBasedProperties>
    </Properties>
  </ViewAttribute>
  <ViewAttribute
    Name="Notesremarks"
    IsUpdateable="false"
    IsPersistent="false"
    PrecisionRule="true"
    Precision="1000"
    Type="java.lang.String"
    ColumnType="VARCHAR2"
    AliasName="NOTESREMARKS"
    Expression="NOTESREMARKS"
    SQLType="VARCHAR">
    <DesignTime>
      <Attr Name="_DisplaySize" Value="1000"/>
    </DesignTime>
    <Properties>
      <SchemaBasedProperties>
        <LABEL
          ResId="erp.model.inv.InvOrders_ReportsView.Notesremarks_LABEL"/>
      </SchemaBasedProperties>
    </Properties>
  </ViewAttribute>
  <ViewAttribute
    Name="ApprovedBy"
    IsUpdateable="false"
    IsPersistent="false"
    PrecisionRule="true"
    Precision="20"
    Type="java.lang.String"
    ColumnType="VARCHAR2"
    AliasName="APPROVED_BY"
    Expression="APPROVED_BY"
    SQLType="VARCHAR">
    <DesignTime>
      <Attr Name="_DisplaySize" Value="20"/>
    </DesignTime>
    <Properties>
      <SchemaBasedProperties>
        <LABEL
          ResId="erp.model.inv.InvOrders_ReportsView.ApprovedBy_LABEL"/>
      </SchemaBasedProperties>
    </Properties>
  </ViewAttribute>
  <ViewAttribute
    Name="VendorName"
    IsUpdateable="false"
    IsPersistent="false"
    PrecisionRule="true"
    Precision="32"
    Type="java.lang.String"
    ColumnType="VARCHAR2"
    AliasName="VENDOR_NAME"
    Expression="VENDOR_NAME"
    SQLType="VARCHAR">
    <DesignTime>
      <Attr Name="_DisplaySize" Value="32"/>
    </DesignTime>
    <Properties>
      <SchemaBasedProperties>
        <LABEL
          ResId="erp.model.inv.InvOrders_ReportsView.VendorName_LABEL"/>
      </SchemaBasedProperties>
    </Properties>
  </ViewAttribute>
  <ViewAttribute
    Name="Phoneno"
    IsUpdateable="false"
    IsPersistent="false"
    PrecisionRule="true"
    Precision="20"
    Type="java.lang.String"
    ColumnType="VARCHAR2"
    AliasName="PHONENO"
    Expression="PHONENO"
    SQLType="VARCHAR">
    <DesignTime>
      <Attr Name="_DisplaySize" Value="20"/>
    </DesignTime>
    <Properties>
      <SchemaBasedProperties>
        <LABEL
          ResId="erp.model.inv.InvOrders_ReportsView.Phoneno_LABEL"/>
      </SchemaBasedProperties>
    </Properties>
  </ViewAttribute>
  <ViewCriteria
    Name="InvOrders_ReportsViewCriteria"
    ViewObjectName="erp.model.inv.InvOrders_ReportsView"
    Conjunction="AND">
    <Properties Name="_Props">
      <CustomProperties>
        <Property
          Name="autoExecute"
          Value="false"/>
        <Property
          Name="mode"
          Value="Basic"/>
        <Property
          Name="allowConjunctionOverride"
          Value="false"/>
        <Property
          Name="showInList"
          Value="true"/>
        <Property
          Name="displayOperators"
          Value="InAdvancedMode"/>
      </CustomProperties>
    </Properties>
    <ViewCriteriaRow
      Name="InvOrders_ReportsViewCriteria_row_0"
      UpperColumns="1">
      <ViewCriteriaItem
        Name="OrderDate"
        ViewAttribute="OrderDate"
        Operator="BETWEEN"
        Conjunction="AND"
        Required="Optional"/>
    </ViewCriteriaRow>
  </ViewCriteria>
  <AttrArray Name="KeyAttributes">
    <Item Value="OrderId"/>
  </AttrArray>
  <ResourceBundle>
    <PropertiesBundle
      PropertiesFile="erp.model.SUNWAY_ERP_ModelBundle"/>
  </ResourceBundle>
</ViewObject>
