<?xml version="1.0" encoding="windows-1252" ?>
<!DOCTYPE Association SYSTEM "jbo_03_01.dtd">
<!---->
<Association
  xmlns="http://xmlns.oracle.com/bc4j"
  Name="InvOrderedItemsFk1Assoc"
  Version="12.2.1.12.24"
  InheritPersonalization="merge">
  <DesignTime>
    <Attr Name="_isCodegen" Value="true"/>
  </DesignTime>
  <AssociationEnd
    Name="InvOrders"
    Cardinality="1"
    Source="true"
    Owner="erp.model.inv.InvOrders">
    <DesignTime>
      <Attr Name="_isUpdateable" Value="true"/>
      <Attr Name="_minCardinality" Value="1"/>
      <Attr Name="_aggregation" Value="0"/>
      <Attr Name="_finderName" Value="InvOrders"/>
      <Attr Name="_foreignKey" Value="erp.model.inv.InvOrders.InvOrdersPk"/>
    </DesignTime>
    <AttrArray Name="Attributes">
      <Item Value="erp.model.inv.InvOrders.OrderId"/>
    </AttrArray>
  </AssociationEnd>
  <AssociationEnd
    Name="InvOrderedItems"
    Cardinality="-1"
    Owner="erp.model.inv.InvOrderedItems">
    <DesignTime>
      <Attr Name="_isUpdateable" Value="true"/>
      <Attr Name="_aggregation" Value="0"/>
      <Attr Name="_finderName" Value="InvOrderedItems"/>
      <Attr Name="_foreignKey" Value="erp.model.inv.InvOrderedItems.InvOrderedItemsFk1"/>
    </DesignTime>
    <AttrArray Name="Attributes">
      <Item Value="erp.model.inv.InvOrderedItems.OrderNo"/>
    </AttrArray>
  </AssociationEnd>
</Association>
