<?xml version="1.0" encoding="windows-1252" ?>
<!DOCTYPE ViewLink SYSTEM "jbo_03_01.dtd">
<!---->
<ViewLink
  xmlns="http://xmlns.oracle.com/bc4j"
  Name="InvOrderedItemsFk1Link"
  Version="12.2.1.12.24"
  InheritPersonalization="merge"
  EntityAssociation="erp.model.inv.InvOrderedItemsFk1Assoc">
  <ViewLinkDefEnd
    Name="InvOrdersView"
    Cardinality="1"
    Source="true"
    Owner="erp.model.inv.InvOrdersView">
    <DesignTime>
      <Attr Name="_isUpdateable" Value="true"/>
      <Attr Name="_minCardinality" Value="1"/>
      <Attr Name="_finderName" Value="InvOrdersView"/>
    </DesignTime>
    <AttrArray Name="Attributes">
      <Item Value="erp.model.inv.InvOrdersView.OrderId"/>
    </AttrArray>
  </ViewLinkDefEnd>
  <ViewLinkDefEnd
    Name="InvOrderedItemsView"
    Cardinality="-1"
    Owner="erp.model.inv.InvOrderedItemsView">
    <DesignTime>
      <Attr Name="_isUpdateable" Value="true"/>
      <Attr Name="_finderName" Value="InvOrderedItemsView"/>
    </DesignTime>
    <AttrArray Name="Attributes">
      <Item Value="erp.model.inv.InvOrderedItemsView.OrderNo"/>
    </AttrArray>
  </ViewLinkDefEnd>
</ViewLink>
