<?xml version="1.0" encoding="windows-1252" ?>
<!DOCTYPE ViewObject SYSTEM "jbo_03_01.dtd">
<!---->
<ViewObject
  xmlns="http://xmlns.oracle.com/bc4j"
  Name="InvOrderedItemsView"
  Version="12.2.1.12.24"
  InheritPersonalization="merge"
  SelectListFlags="1"
  FromListFlags="1"
  WhereFlags="1"
  BindingStyle="OracleName"
  CustomQuery="false"
  SelectAllAttributes="false"
  PageIterMode="Full">
  <ViewAccessor
    Name="inv_Modules_InvInventoryView1_1"
    ViewObjectName="erp.model.inv.InvInventoryView"
    AMUsageName="inv_Modules"
    ViewInstanceName="InvInventoryView1"
    RowLevelBinds="true"/>
  <ListBinding
    Name="LOV_ItemCode"
    ListVOName="inv_Modules_InvInventoryView1_1"
    NullValueFlag="none"
    MRUCount="0">
    <AttrArray Name="AttrNames">
      <Item Value="ItemCode"/>
    </AttrArray>
    <AttrArray Name="AttrExpressions"/>
    <AttrArray Name="ListAttrNames">
      <Item Value="ItemCode"/>
    </AttrArray>
    <AttrArray Name="ListDisplayAttrNames">
      <Item Value="ItemCode"/>
    </AttrArray>
    <DisplayCriteria/>
  </ListBinding>
  <EntityUsage
    Name="InvOrderedItems"
    Entity="erp.model.inv.InvOrderedItems"/>
  <ViewAttribute
    Name="ItemCode"
    IsNotNull="true"
    PrecisionRule="true"
    EntityAttrName="ItemCode"
    EntityUsage="InvOrderedItems"
    AliasName="ITEM_CODE"
    LOVName="LOV_ItemCode">
    <Properties>
      <SchemaBasedProperties>
        <LABEL
          ResId="erp.model.inv.InvOrderedItemsView.ItemCode_LABEL"/>
        <CONTROLTYPE
          Value="choice"/>
      </SchemaBasedProperties>
    </Properties>
  </ViewAttribute>
  <ViewAttribute
    Name="ProductName"
    PrecisionRule="true"
    EntityAttrName="ProductName"
    EntityUsage="InvOrderedItems"
    AliasName="PRODUCT_NAME">
    <Properties>
      <SchemaBasedProperties>
        <LABEL
          ResId="erp.model.inv.InvOrderedItemsView.ProductName_LABEL"/>
      </SchemaBasedProperties>
    </Properties>
  </ViewAttribute>
  <ViewAttribute
    Name="Description"
    PrecisionRule="true"
    EntityAttrName="Description"
    EntityUsage="InvOrderedItems"
    AliasName="DESCRIPTION">
    <Properties>
      <SchemaBasedProperties>
        <LABEL
          ResId="erp.model.inv.InvOrderedItemsView.Description_LABEL"/>
      </SchemaBasedProperties>
    </Properties>
  </ViewAttribute>
  <ViewAttribute
    Name="Quantity"
    PrecisionRule="true"
    EntityAttrName="Quantity"
    EntityUsage="InvOrderedItems"
    AliasName="QUANTITY">
    <Properties>
      <SchemaBasedProperties>
        <LABEL
          ResId="erp.model.inv.InvOrderedItemsView.Quantity_LABEL"/>
      </SchemaBasedProperties>
    </Properties>
  </ViewAttribute>
  <ViewAttribute
    Name="OrderNo"
    IsNotNull="true"
    PrecisionRule="true"
    EntityAttrName="OrderNo"
    EntityUsage="InvOrderedItems"
    AliasName="ORDER_NO">
    <Properties>
      <SchemaBasedProperties>
        <LABEL
          ResId="erp.model.inv.InvOrderedItemsView.OrderNo_LABEL"/>
      </SchemaBasedProperties>
    </Properties>
  </ViewAttribute>
  <ViewAttribute
    Name="Unitprice"
    PrecisionRule="true"
    EntityAttrName="Unitprice"
    EntityUsage="InvOrderedItems"
    AliasName="UNITPRICE">
    <Properties>
      <SchemaBasedProperties>
        <LABEL
          ResId="erp.model.inv.InvOrderedItemsView.Unitprice_LABEL"/>
      </SchemaBasedProperties>
    </Properties>
  </ViewAttribute>
  <ViewAttribute
    Name="Total"
    PrecisionRule="true"
    EntityAttrName="Total"
    EntityUsage="InvOrderedItems"
    AliasName="TOTAL">
    <Properties>
      <SchemaBasedProperties>
        <LABEL
          ResId="erp.model.inv.InvOrderedItemsView.Total_LABEL"/>
      </SchemaBasedProperties>
    </Properties>
  </ViewAttribute>
  <ViewAttribute
    Name="TotoalDue"
    PrecisionRule="true"
    EntityAttrName="TotoalDue"
    EntityUsage="InvOrderedItems"
    AliasName="TOTOAL_DUE">
    <Properties>
      <SchemaBasedProperties>
        <LABEL
          ResId="erp.model.inv.InvOrderedItemsView.TotoalDue_LABEL"/>
      </SchemaBasedProperties>
    </Properties>
  </ViewAttribute>
  <ViewAttribute
    Name="Discount"
    PrecisionRule="true"
    EntityAttrName="Discount"
    EntityUsage="InvOrderedItems"
    AliasName="DISCOUNT">
    <Properties>
      <SchemaBasedProperties>
        <LABEL
          ResId="erp.model.inv.InvOrderedItemsView.Discount_LABEL"/>
      </SchemaBasedProperties>
    </Properties>
  </ViewAttribute>
  <ViewLinkAccessor
    Name="InvTotalduePurchaseView"
    ViewLink="erp.model.inv.OrderItems_totalDueViewLink"
    Type="oracle.jbo.RowIterator"
    IsUpdateable="false"/>
  <ResourceBundle>
    <PropertiesBundle
      PropertiesFile="erp.model.SUNWAY_ERP_ModelBundle"/>
  </ResourceBundle>
</ViewObject>
