<?xml version="1.0" encoding="windows-1252" ?>
<!DOCTYPE Entity SYSTEM "jbo_03_01.dtd">
<!---->
<Entity
  xmlns="http://xmlns.oracle.com/bc4j"
  Name="InvOrders"
  Version="12.2.1.12.24"
  InheritPersonalization="merge"
  DBObjectType="table"
  DBObjectName="INV_ORDERS"
  AliasName="InvOrders"
  BindingStyle="OracleName"
  xmlns:validation="http://xmlns.oracle.com/adfm/validation"
  RowClass="erp.model.inv.InvOrdersImpl">
  <DesignTime>
    <Attr Name="_codeGenFlag2" Value="Init|Access|DML"/>
    <Attr Name="_isCodegen" Value="true"/>
  </DesignTime>
  <Attribute
    Name="OrderId"
    ColumnName="ORDER_ID"
    SQLType="NUMERIC"
    Type="oracle.jbo.domain.DBSequence"
    ColumnType="NUMBER"
    TableName="INV_ORDERS"
    PrimaryKey="true"
    IsUpdateable="while_insert"
    DefaultValue="@0"
    Domain="oracle.jbo.domain.DBSequence"
    RetrievedOnInsert="true"/>
  <Attribute
    Name="OrderName"
    Precision="20"
    ColumnName="ORDER_NAME"
    SQLType="VARCHAR"
    Type="java.lang.String"
    ColumnType="VARCHAR2"
    TableName="INV_ORDERS">
    <DesignTime>
      <Attr Name="_DisplaySize" Value="20"/>
    </DesignTime>
  </Attribute>
  <Attribute
    Name="OrderStatus"
    Precision="20"
    ColumnName="ORDER_STATUS"
    SQLType="VARCHAR"
    Type="java.lang.String"
    ColumnType="VARCHAR2"
    TableName="INV_ORDERS">
    <DesignTime>
      <Attr Name="_DisplaySize" Value="20"/>
    </DesignTime>
  </Attribute>
  <Attribute
    Name="Supplier"
    Precision="32"
    ColumnName="SUPPLIER"
    SQLType="VARCHAR"
    Type="java.lang.String"
    ColumnType="VARCHAR2"
    TableName="INV_ORDERS">
    <DesignTime>
      <Attr Name="_DisplaySize" Value="32"/>
    </DesignTime>
  </Attribute>
  <Attribute
    Name="CreatedBy"
    Precision="32"
    ColumnName="CREATED_BY"
    SQLType="VARCHAR"
    Type="java.lang.String"
    ColumnType="VARCHAR2"
    TableName="INV_ORDERS">
    <DesignTime>
      <Attr Name="_DisplaySize" Value="32"/>
    </DesignTime>
  </Attribute>
  <Attribute
    Name="Agreement"
    Precision="32"
    ColumnName="AGREEMENT"
    SQLType="VARCHAR"
    Type="java.lang.String"
    ColumnType="VARCHAR2"
    TableName="INV_ORDERS">
    <DesignTime>
      <Attr Name="_DisplaySize" Value="32"/>
    </DesignTime>
  </Attribute>
  <Attribute
    Name="EstimatedDeliveryDate"
    ColumnName="ESTIMATED_DELIVERY_DATE"
    SQLType="DATE"
    Type="java.sql.Timestamp"
    ColumnType="DATE"
    TableName="INV_ORDERS">
    <validation:CompareValidationBean
      Name="EstimatedDeliveryDateRule0"
      ResId="erp.model.inv.InvOrdersView.EstimatedDeliveryDate_Rule"
      OnAttribute="EstimatedDeliveryDate"
      OperandType="EXPR"
      Inverse="false"
      CompareType="GREATERTHAN"
      Severity="Warning">
      <validation:TransientExpression
        Name="ValidationRuleScript"
        trustMode="untrusted"
        CodeSourceName="InvOrdersRow"/>
    </validation:CompareValidationBean>
  </Attribute>
  <Attribute
    Name="ShipmentDate"
    ColumnName="SHIPMENT_DATE"
    SQLType="DATE"
    Type="java.sql.Timestamp"
    ColumnType="DATE"
    TableName="INV_ORDERS"/>
  <Attribute
    Name="ItemCode"
    Precision="32"
    ColumnName="ITEM_CODE"
    SQLType="VARCHAR"
    Type="java.lang.String"
    ColumnType="VARCHAR2"
    TableName="INV_ORDERS">
    <DesignTime>
      <Attr Name="_DisplaySize" Value="32"/>
    </DesignTime>
  </Attribute>
  <Attribute
    Name="OrderDate"
    ColumnName="ORDER_DATE"
    SQLType="DATE"
    Type="java.sql.Timestamp"
    ColumnType="DATE"
    TableName="INV_ORDERS"/>
  <Attribute
    Name="Notesremarks"
    Precision="1000"
    ColumnName="NOTESREMARKS"
    SQLType="VARCHAR"
    Type="java.lang.String"
    ColumnType="VARCHAR2"
    TableName="INV_ORDERS">
    <DesignTime>
      <Attr Name="_DisplaySize" Value="1000"/>
    </DesignTime>
  </Attribute>
  <Attribute
    Name="ApprovedBy"
    Precision="20"
    ColumnName="APPROVED_BY"
    SQLType="VARCHAR"
    Type="java.lang.String"
    ColumnType="VARCHAR2"
    TableName="INV_ORDERS">
    <DesignTime>
      <Attr Name="_DisplaySize" Value="20"/>
    </DesignTime>
  </Attribute>
  <AccessorAttribute
    Name="InvOrderedItems"
    Association="erp.model.inv.InvOrderedItemsFk1Assoc"
    AssociationEnd="erp.model.inv.InvOrderedItemsFk1Assoc.InvOrderedItems"
    AssociationOtherEnd="erp.model.inv.InvOrderedItemsFk1Assoc.InvOrders"
    Type="oracle.jbo.RowIterator"
    IsUpdateable="false"/>
  <AccessorAttribute
    Name="InvInventory"
    Association="erp.model.inv.InvOrdersFk1Assoc"
    AssociationEnd="erp.model.inv.InvOrdersFk1Assoc.InvInventory"
    AssociationOtherEnd="erp.model.inv.InvOrdersFk1Assoc.InvOrders"
    Type="oracle.jbo.server.EntityImpl"
    IsUpdateable="true"/>
  <AccessorAttribute
    Name="InvVendors"
    Association="erp.model.inv.InvVendorsFk1Assoc"
    AssociationEnd="erp.model.inv.InvVendorsFk1Assoc.InvVendors"
    AssociationOtherEnd="erp.model.inv.InvVendorsFk1Assoc.InvOrders"
    Type="oracle.jbo.RowIterator"
    IsUpdateable="false"/>
  <Key
    Name="InvOrdersPk"
    PrimaryKey="true">
    <DesignTime>
      <Attr Name="_DBObjectName" Value="INV_ORDERS_PK"/>
    </DesignTime>
    <AttrArray Name="Attributes">
      <Item Value="erp.model.inv.InvOrders.OrderId"/>
    </AttrArray>
  </Key>
  <Key
    Name="InvOrdersFk1">
    <DesignTime>
      <Attr Name="_isCascadeDelete" Value="true"/>
      <Attr Name="_referencedKey" Value="INV_INVENTORY_PK"/>
      <Attr Name="_isForeign" Value="true"/>
      <Attr Name="_DBObjectName" Value="INV_ORDERS_FK1"/>
    </DesignTime>
    <AttrArray Name="Attributes">
      <Item Value="erp.model.inv.InvOrders.ItemCode"/>
    </AttrArray>
  </Key>
  <ResourceBundle>
    <PropertiesBundle
      PropertiesFile="erp.model.SUNWAY_ERP_ModelBundle"/>
  </ResourceBundle>
</Entity>
