<?xml version="1.0" encoding="windows-1252" ?>
<!DOCTYPE ViewObject SYSTEM "jbo_03_01.dtd">
<!---->
<ViewObject
  xmlns="http://xmlns.oracle.com/bc4j"
  Name="InvRecieveItem_ReportView"
  Version="12.2.1.12.24"
  InheritPersonalization="merge"
  SelectListFlags="1"
  FromListFlags="1"
  WhereFlags="1"
  BindingStyle="OracleName"
  CustomQuery="false"
  SelectAllAttributes="false"
  PageIterMode="Full">
  <ViewAccessor
    Name="LookupCode1"
    ViewObjectName="erp.model.LookupCode"
    RowLevelBinds="true">
    <ParameterMap>
      <PIMap Variable="BindLookupType">
        <TransientExpression
          trustMode="untrusted"
          Name="ExpressionScript"><![CDATA['RECEIVE_AS']]></TransientExpression>
      </PIMap>
    </ParameterMap>
  </ViewAccessor>
  <ListBinding
    Name="LOV_ReceiveAs"
    ListVOName="LookupCode1"
    NullValueFlag="start"
    NullValueId="${adfBundle['oracle.javatools.resourcebundle.SystemBundle']['NULL_VALUE_RESID']}"
    MRUCount="0">
    <AttrArray Name="AttrNames">
      <Item Value="ReceiveAs"/>
    </AttrArray>
    <AttrArray Name="AttrExpressions"/>
    <AttrArray Name="ListAttrNames">
      <Item Value="LookupCode"/>
    </AttrArray>
    <AttrArray Name="ListDisplayAttrNames">
      <Item Value="Meaning"/>
    </AttrArray>
    <DisplayCriteria/>
  </ListBinding>
  <EntityUsage
    Name="InvRecieveItem_Report"
    Entity="erp.model.inv.InvRecieveItem_Report"/>
  <ViewAttribute
    Name="ItemCode"
    IsNotNull="true"
    PrecisionRule="true"
    EntityAttrName="ItemCode"
    EntityUsage="InvRecieveItem_Report"
    AliasName="ITEM_CODE">
    <Properties>
      <SchemaBasedProperties>
        <LABEL
          ResId="erp.model.inv.InvRecieveItem_ReportView.ItemCode_LABEL"/>
      </SchemaBasedProperties>
    </Properties>
  </ViewAttribute>
  <ViewAttribute
    Name="ReceivedDate"
    IsNotNull="true"
    PrecisionRule="true"
    EntityAttrName="ReceivedDate"
    EntityUsage="InvRecieveItem_Report"
    AliasName="RECEIVED_DATE">
    <Properties>
      <SchemaBasedProperties>
        <LABEL
          ResId="erp.model.inv.InvRecieveItem_ReportView.ReceivedDate_LABEL"/>
      </SchemaBasedProperties>
    </Properties>
  </ViewAttribute>
  <ViewAttribute
    Name="RecievedQuantity"
    PrecisionRule="true"
    EntityAttrName="RecievedQuantity"
    EntityUsage="InvRecieveItem_Report"
    AliasName="RECIEVED_QUANTITY">
    <Properties>
      <SchemaBasedProperties>
        <LABEL
          ResId="erp.model.inv.InvRecieveItem_ReportView.RecievedQuantity_LABEL"/>
      </SchemaBasedProperties>
    </Properties>
  </ViewAttribute>
  <ViewAttribute
    Name="CostPrice"
    PrecisionRule="true"
    EntityAttrName="CostPrice"
    EntityUsage="InvRecieveItem_Report"
    AliasName="COST_PRICE">
    <Properties>
      <SchemaBasedProperties>
        <LABEL
          ResId="erp.model.inv.InvRecieveItem_ReportView.CostPrice_LABEL"/>
      </SchemaBasedProperties>
    </Properties>
  </ViewAttribute>
  <ViewAttribute
    Name="UnitPrice"
    PrecisionRule="true"
    EntityAttrName="UnitPrice"
    EntityUsage="InvRecieveItem_Report"
    AliasName="UNIT_PRICE">
    <Properties>
      <SchemaBasedProperties>
        <LABEL
          ResId="erp.model.inv.InvRecieveItem_ReportView.UnitPrice_LABEL"/>
      </SchemaBasedProperties>
    </Properties>
  </ViewAttribute>
  <ViewAttribute
    Name="ReceiveAs"
    PrecisionRule="true"
    EntityAttrName="ReceiveAs"
    EntityUsage="InvRecieveItem_Report"
    AliasName="RECEIVE_AS"
    LOVName="LOV_ReceiveAs">
    <Properties>
      <SchemaBasedProperties>
        <LABEL
          ResId="erp.model.inv.InvRecieveItem_ReportView.ReceiveAs_LABEL"/>
        <CONTROLTYPE
          Value="choice"/>
      </SchemaBasedProperties>
    </Properties>
  </ViewAttribute>
  <ViewAttribute
    Name="Orderno"
    PrecisionRule="true"
    EntityAttrName="Orderno"
    EntityUsage="InvRecieveItem_Report"
    AliasName="ORDERNO">
    <Properties>
      <SchemaBasedProperties>
        <LABEL
          ResId="erp.model.inv.InvRecieveItem_ReportView.Orderno_LABEL"/>
      </SchemaBasedProperties>
    </Properties>
  </ViewAttribute>
  <ViewAttribute
    Name="Reference"
    PrecisionRule="true"
    EntityAttrName="Reference"
    EntityUsage="InvRecieveItem_Report"
    AliasName="REFERENCE">
    <Properties>
      <SchemaBasedProperties>
        <LABEL
          ResId="erp.model.inv.InvRecieveItem_ReportView.Reference_LABEL"/>
      </SchemaBasedProperties>
    </Properties>
  </ViewAttribute>
  <ResourceBundle>
    <PropertiesBundle
      PropertiesFile="erp.model.SUNWAY_ERP_ModelBundle"/>
  </ResourceBundle>
  <SortCriteria>
    <Sort
      Attribute="ReceivedDate"/>
  </SortCriteria>
</ViewObject>
