<?xml version="1.0" encoding="windows-1252" ?>
<!DOCTYPE ViewObject SYSTEM "jbo_03_01.dtd">
<!---->
<ViewObject
  xmlns="http://xmlns.oracle.com/bc4j"
  Name="InvRecieveItemView"
  Version="12.2.1.12.24"
  InheritPersonalization="merge"
  SelectListFlags="1"
  FromListFlags="1"
  WhereFlags="1"
  BindingStyle="OracleName"
  CustomQuery="false"
  SelectAllAttributes="false"
  PageIterMode="Full">
  <ViewAccessor
    Name="LookupCode1"
    ViewObjectName="erp.model.LookupCode"
    RowLevelBinds="true">
    <ParameterMap>
      <PIMap Variable="BindLookupType">
        <TransientExpression
          trustMode="untrusted"
          Name="ExpressionScript"><![CDATA['RECEIVE_AS']]></TransientExpression>
      </PIMap>
    </ParameterMap>
  </ViewAccessor>
  <ListBinding
    Name="LOV_ReceiveAs"
    ListVOName="LookupCode1"
    NullValueFlag="start"
    NullValueId="${adfBundle['oracle.javatools.resourcebundle.SystemBundle']['NULL_VALUE_RESID']}"
    MRUCount="0">
    <AttrArray Name="AttrNames">
      <Item Value="ReceiveAs"/>
    </AttrArray>
    <AttrArray Name="AttrExpressions"/>
    <AttrArray Name="ListAttrNames">
      <Item Value="LookupCode"/>
    </AttrArray>
    <AttrArray Name="ListDisplayAttrNames">
      <Item Value="Meaning"/>
    </AttrArray>
    <DisplayCriteria/>
  </ListBinding>
  <EntityUsage
    Name="InvRecieveItem"
    Entity="erp.model.inv.InvRecieveItem"/>
  <ViewAttribute
    Name="ItemCode"
    IsNotNull="true"
    PrecisionRule="true"
    EntityAttrName="ItemCode"
    EntityUsage="InvRecieveItem"
    AliasName="ITEM_CODE">
    <Properties>
      <SchemaBasedProperties>
        <LABEL
          ResId="erp.model.inv.InvRecieveItemView.ItemCode_LABEL"/>
      </SchemaBasedProperties>
    </Properties>
  </ViewAttribute>
  <ViewAttribute
    Name="ReceivedDate"
    IsNotNull="true"
    PrecisionRule="true"
    EntityAttrName="ReceivedDate"
    EntityUsage="InvRecieveItem"
    AliasName="RECEIVED_DATE">
    <Properties>
      <SchemaBasedProperties>
        <LABEL
          ResId="erp.model.inv.InvRecieveItemView.ReceivedDate_LABEL"/>
      </SchemaBasedProperties>
    </Properties>
  </ViewAttribute>
  <ViewAttribute
    Name="RecievedQuantity"
    PrecisionRule="true"
    EntityAttrName="RecievedQuantity"
    EntityUsage="InvRecieveItem"
    AliasName="RECIEVED_QUANTITY">
    <Properties>
      <SchemaBasedProperties>
        <LABEL
          ResId="erp.model.inv.InvRecieveItemView.RecievedQuantity_LABEL"/>
      </SchemaBasedProperties>
    </Properties>
  </ViewAttribute>
  <ViewAttribute
    Name="ReceiveAs"
    PrecisionRule="true"
    EntityAttrName="ReceiveAs"
    EntityUsage="InvRecieveItem"
    AliasName="RECEIVE_AS"
    LOVName="LOV_ReceiveAs">
    <Properties>
      <SchemaBasedProperties>
        <CONTROLTYPE
          Value="choice"/>
        <LABEL
          ResId="erp.model.inv.InvRecieveItemView.ReceiveAs_LABEL"/>
      </SchemaBasedProperties>
    </Properties>
  </ViewAttribute>
  <ViewAttribute
    Name="CostPrice"
    PrecisionRule="true"
    EntityAttrName="CostPrice"
    EntityUsage="InvRecieveItem"
    AliasName="COST_PRICE">
    <Properties>
      <SchemaBasedProperties>
        <LABEL
          ResId="erp.model.inv.InvRecieveItemView.CostPrice_LABEL"/>
      </SchemaBasedProperties>
    </Properties>
  </ViewAttribute>
  <ViewAttribute
    Name="UnitPrice"
    PrecisionRule="true"
    EntityAttrName="UnitPrice"
    EntityUsage="InvRecieveItem"
    AliasName="UNIT_PRICE">
    <Properties>
      <SchemaBasedProperties>
        <LABEL
          ResId="erp.model.inv.InvRecieveItemView.UnitPrice_LABEL"/>
      </SchemaBasedProperties>
    </Properties>
  </ViewAttribute>
  <ResourceBundle>
    <PropertiesBundle
      PropertiesFile="erp.model.SUNWAY_ERP_ModelBundle"/>
  </ResourceBundle>
</ViewObject>
