<?xml version="1.0" encoding="windows-1252" ?>
<!DOCTYPE Entity SYSTEM "jbo_03_01.dtd">
<!---->
<Entity
  xmlns="http://xmlns.oracle.com/bc4j"
  Name="InvRecieveItem_Report"
  Version="12.2.1.12.24"
  InheritPersonalization="merge"
  DBObjectType="table"
  DBObjectName="INV_RECIEVE_ITEM"
  AliasName="InvRecieveItem_Report"
  BindingStyle="OracleName">
  <Attribute
    Name="ItemCode"
    IsNotNull="true"
    Precision="32"
    ColumnName="ITEM_CODE"
    SQLType="VARCHAR"
    Type="java.lang.String"
    ColumnType="VARCHAR2"
    TableName="INV_RECIEVE_ITEM"
    PrimaryKey="true">
    <DesignTime>
      <Attr Name="_DisplaySize" Value="32"/>
    </DesignTime>
  </Attribute>
  <Attribute
    Name="ReceivedDate"
    IsNotNull="true"
    ColumnName="RECEIVED_DATE"
    SQLType="DATE"
    Type="java.sql.Timestamp"
    ColumnType="DATE"
    TableName="INV_RECIEVE_ITEM"
    PrimaryKey="true"/>
  <Attribute
    Name="RecievedQuantity"
    ColumnName="RECIEVED_QUANTITY"
    SQLType="NUMERIC"
    Type="java.math.BigDecimal"
    ColumnType="NUMBER"
    TableName="INV_RECIEVE_ITEM"/>
  <Attribute
    Name="CostPrice"
    ColumnName="COST_PRICE"
    SQLType="NUMERIC"
    Type="java.math.BigDecimal"
    ColumnType="NUMBER"
    TableName="INV_RECIEVE_ITEM"/>
  <Attribute
    Name="UnitPrice"
    Domain="erp.model.inv.Nchar1"
    ColumnName="UNIT_PRICE"
    SQLType="STRUCT"
    Type="erp.model.inv.common.Nchar1"
    ColumnType="NCHAR"
    TableName="INV_RECIEVE_ITEM"/>
  <Attribute
    Name="ReceiveAs"
    Precision="20"
    ColumnName="RECEIVE_AS"
    SQLType="VARCHAR"
    Type="java.lang.String"
    ColumnType="VARCHAR2"
    TableName="INV_RECIEVE_ITEM">
    <DesignTime>
      <Attr Name="_DisplaySize" Value="20"/>
    </DesignTime>
  </Attribute>
  <Attribute
    Name="Orderno"
    Precision="20"
    ColumnName="ORDERNO"
    SQLType="VARCHAR"
    Type="java.lang.String"
    ColumnType="VARCHAR2"
    TableName="INV_RECIEVE_ITEM">
    <DesignTime>
      <Attr Name="_DisplaySize" Value="20"/>
    </DesignTime>
  </Attribute>
  <Attribute
    Name="Reference"
    Precision="20"
    ColumnName="REFERENCE"
    SQLType="VARCHAR"
    Type="java.lang.String"
    ColumnType="VARCHAR2"
    TableName="INV_RECIEVE_ITEM">
    <DesignTime>
      <Attr Name="_DisplaySize" Value="20"/>
    </DesignTime>
  </Attribute>
  <Key
    Name="InvRecieveItemPk"
    PrimaryKey="true">
    <DesignTime>
      <Attr Name="_DBObjectName" Value="INV_RECIEVE_ITEM_PK"/>
    </DesignTime>
    <AttrArray Name="Attributes">
      <Item Value="erp.model.inv.InvRecieveItem_Report.ItemCode"/>
      <Item Value="erp.model.inv.InvRecieveItem_Report.ReceivedDate"/>
    </AttrArray>
  </Key>
  <Key
    Name="InvRecieveItemFk1">
    <DesignTime>
      <Attr Name="_isCascadeDelete" Value="true"/>
      <Attr Name="_referencedKey" Value="INV_INVENTORY_PK"/>
      <Attr Name="_isForeign" Value="true"/>
      <Attr Name="_DBObjectName" Value="INV_RECIEVE_ITEM_FK1"/>
    </DesignTime>
    <AttrArray Name="Attributes">
      <Item Value="erp.model.inv.InvRecieveItem_Report.ItemCode"/>
    </AttrArray>
  </Key>
</Entity>
