<?xml version="1.0" encoding="windows-1252" ?>
<!DOCTYPE ViewLink SYSTEM "jbo_03_01.dtd">
<!---->
<ViewLink
  xmlns="http://xmlns.oracle.com/bc4j"
  Name="InvSalesFk1Link"
  Version="12.2.1.12.24"
  InheritPersonalization="merge"
  EntityAssociation="erp.model.inv.InvSalesFk1Assoc">
  <ViewLinkDefEnd
    Name="InvInventoryView"
    Cardinality="1"
    Source="true"
    Owner="erp.model.inv.InvInventoryView">
    <DesignTime>
      <Attr Name="_isUpdateable" Value="true"/>
      <Attr Name="_finderName" Value="InvInventoryView"/>
    </DesignTime>
    <AttrArray Name="Attributes">
      <Item Value="erp.model.inv.InvInventoryView.ItemCode"/>
    </AttrArray>
  </ViewLinkDefEnd>
  <ViewLinkDefEnd
    Name="InvSalesView"
    Cardinality="-1"
    Owner="erp.model.inv.InvSalesView">
    <DesignTime>
      <Attr Name="_isUpdateable" Value="true"/>
      <Attr Name="_finderName" Value="InvSalesView"/>
    </DesignTime>
    <AttrArray Name="Attributes">
      <Item Value="erp.model.inv.InvSalesView.ItemCode"/>
    </AttrArray>
  </ViewLinkDefEnd>
</ViewLink>
