<?xml version="1.0" encoding="windows-1252" ?>
<!DOCTYPE ViewObject SYSTEM "jbo_03_01.dtd">
<!---->
<ViewObject
  xmlns="http://xmlns.oracle.com/bc4j"
  Name="InvSaleItemsView"
  Version="12.2.1.12.24"
  InheritPersonalization="merge"
  SelectListFlags="1"
  FromListFlags="1"
  WhereFlags="1"
  BindingStyle="OracleName"
  CustomQuery="false"
  SelectAllAttributes="false"
  PageIterMode="Full">
  <ViewAccessor
    Name="inv_Modules_InvInventoryView1_1"
    ViewObjectName="erp.model.inv.InvInventoryView"
    AMUsageName="inv_Modules"
    ViewInstanceName="InvInventoryView1"
    RowLevelBinds="true"/>
  <ListBinding
    Name="LOV_ItemCode"
    ListVOName="inv_Modules_InvInventoryView1_1"
    NullValueFlag="none"
    MRUCount="0">
    <AttrArray Name="AttrNames">
      <Item Value="ItemCode"/>
    </AttrArray>
    <AttrArray Name="AttrExpressions"/>
    <AttrArray Name="ListAttrNames">
      <Item Value="ItemCode"/>
    </AttrArray>
    <AttrArray Name="ListDisplayAttrNames">
      <Item Value="ItemCode"/>
    </AttrArray>
    <DisplayCriteria/>
  </ListBinding>
  <EntityUsage
    Name="InvSaleItems"
    Entity="erp.model.inv.InvSaleItems"/>
  <ViewAttribute
    Name="ItemCode"
    IsNotNull="true"
    PrecisionRule="true"
    EntityAttrName="ItemCode"
    EntityUsage="InvSaleItems"
    AliasName="ITEM_CODE"
    LOVName="LOV_ItemCode">
    <Properties>
      <SchemaBasedProperties>
        <LABEL
          ResId="erp.model.inv.InvSaleItemsView.ItemCode_LABEL"/>
        <CONTROLTYPE
          Value="choice"/>
      </SchemaBasedProperties>
    </Properties>
  </ViewAttribute>
  <ViewAttribute
    Name="OrderNo"
    IsNotNull="true"
    PrecisionRule="true"
    EntityAttrName="OrderNo"
    EntityUsage="InvSaleItems"
    AliasName="ORDER_NO">
    <Properties>
      <SchemaBasedProperties>
        <LABEL
          ResId="erp.model.inv.InvSaleItemsView.OrderNo_LABEL"/>
      </SchemaBasedProperties>
    </Properties>
  </ViewAttribute>
  <ViewAttribute
    Name="ProductName"
    PrecisionRule="true"
    EntityAttrName="ProductName"
    EntityUsage="InvSaleItems"
    AliasName="PRODUCT_NAME">
    <Properties>
      <SchemaBasedProperties>
        <LABEL
          ResId="erp.model.inv.InvSaleItemsView.ProductName_LABEL"/>
      </SchemaBasedProperties>
    </Properties>
  </ViewAttribute>
  <ViewAttribute
    Name="Qauntity"
    PrecisionRule="true"
    EntityAttrName="Qauntity"
    EntityUsage="InvSaleItems"
    AliasName="QAUNTITY">
    <Properties>
      <SchemaBasedProperties>
        <LABEL
          ResId="erp.model.inv.InvSaleItemsView.Qauntity_LABEL"/>
      </SchemaBasedProperties>
    </Properties>
  </ViewAttribute>
  <ViewAttribute
    Name="Discount"
    PrecisionRule="true"
    EntityAttrName="Discount"
    EntityUsage="InvSaleItems"
    AliasName="DISCOUNT">
    <Properties>
      <SchemaBasedProperties>
        <LABEL
          ResId="erp.model.inv.InvSaleItemsView.Discount_LABEL"/>
      </SchemaBasedProperties>
    </Properties>
  </ViewAttribute>
  <ViewAttribute
    Name="UnitPrice"
    PrecisionRule="true"
    EntityAttrName="UnitPrice"
    EntityUsage="InvSaleItems"
    AliasName="UNIT_PRICE">
    <Properties>
      <SchemaBasedProperties>
        <LABEL
          ResId="erp.model.inv.InvSaleItemsView.UnitPrice_LABEL"/>
      </SchemaBasedProperties>
    </Properties>
  </ViewAttribute>
  <ViewAttribute
    Name="Total"
    PrecisionRule="true"
    EntityAttrName="Total"
    EntityUsage="InvSaleItems"
    AliasName="TOTAL">
    <Properties>
      <SchemaBasedProperties>
        <LABEL
          ResId="erp.model.inv.InvSaleItemsView.Total_LABEL"/>
      </SchemaBasedProperties>
    </Properties>
  </ViewAttribute>
  <ViewAttribute
    Name="TotlaDue"
    PrecisionRule="true"
    EntityAttrName="TotlaDue"
    EntityUsage="InvSaleItems"
    AliasName="TOTLA_DUE">
    <Properties>
      <SchemaBasedProperties>
        <LABEL
          ResId="erp.model.inv.InvSaleItemsView.TotlaDue_LABEL"/>
      </SchemaBasedProperties>
    </Properties>
  </ViewAttribute>
  <ViewLinkAccessor
    Name="InvTotaldueSalesView"
    ViewLink="erp.model.inv.salesItem_totalDueViewLink"
    Type="oracle.jbo.RowIterator"
    IsUpdateable="false"/>
  <ResourceBundle>
    <PropertiesBundle
      PropertiesFile="erp.model.SUNWAY_ERP_ModelBundle"/>
  </ResourceBundle>
</ViewObject>
