<?xml version="1.0" encoding="windows-1252" ?>
<!DOCTYPE Entity SYSTEM "jbo_03_01.dtd">
<!---->
<Entity
  xmlns="http://xmlns.oracle.com/bc4j"
  Name="InvSaleItems"
  Version="12.2.1.12.24"
  InheritPersonalization="merge"
  DBObjectType="table"
  DBObjectName="INV_SALE_ITEMS"
  AliasName="InvSaleItems"
  BindingStyle="OracleName"
  RowClass="erp.model.inv.InvSaleItemsImpl">
  <DesignTime>
    <Attr Name="_codeGenFlag2" Value="Init|Access|DML"/>
    <Attr Name="_isCodegen" Value="true"/>
  </DesignTime>
  <Attribute
    Name="ItemCode"
    IsNotNull="true"
    Precision="32"
    ColumnName="ITEM_CODE"
    SQLType="VARCHAR"
    Type="java.lang.String"
    ColumnType="VARCHAR2"
    TableName="INV_SALE_ITEMS"
    PrimaryKey="true">
    <DesignTime>
      <Attr Name="_DisplaySize" Value="32"/>
    </DesignTime>
  </Attribute>
  <Attribute
    Name="OrderNo"
    IsNotNull="true"
    ColumnName="ORDER_NO"
    SQLType="NUMERIC"
    Type="java.math.BigDecimal"
    ColumnType="NUMBER"
    TableName="INV_SALE_ITEMS"
    PrimaryKey="true"/>
  <Attribute
    Name="ProductName"
    Precision="32"
    ColumnName="PRODUCT_NAME"
    SQLType="VARCHAR"
    Type="java.lang.String"
    ColumnType="VARCHAR2"
    TableName="INV_SALE_ITEMS">
    <DesignTime>
      <Attr Name="_DisplaySize" Value="32"/>
    </DesignTime>
  </Attribute>
  <Attribute
    Name="Qauntity"
    ColumnName="QAUNTITY"
    SQLType="NUMERIC"
    Type="java.math.BigDecimal"
    ColumnType="NUMBER"
    TableName="INV_SALE_ITEMS"/>
  <Attribute
    Name="Discount"
    ColumnName="DISCOUNT"
    SQLType="NUMERIC"
    Type="java.math.BigDecimal"
    ColumnType="NUMBER"
    TableName="INV_SALE_ITEMS"/>
  <Attribute
    Name="UnitPrice"
    ColumnName="UNIT_PRICE"
    SQLType="NUMERIC"
    Type="java.math.BigDecimal"
    ColumnType="NUMBER"
    TableName="INV_SALE_ITEMS"/>
  <Attribute
    Name="Total"
    ColumnName="TOTAL"
    SQLType="NUMERIC"
    Type="java.math.BigDecimal"
    ColumnType="NUMBER"
    TableName="INV_SALE_ITEMS"/>
  <Attribute
    Name="TotlaDue"
    ColumnName="TOTLA_DUE"
    SQLType="NUMERIC"
    Type="java.lang.Integer"
    ColumnType="NUMBER"
    TableName="INV_SALE_ITEMS"/>
  <AccessorAttribute
    Name="InvSales"
    Association="erp.model.inv.InvSaleItemsFk1Assoc"
    AssociationEnd="erp.model.inv.InvSaleItemsFk1Assoc.InvSales"
    AssociationOtherEnd="erp.model.inv.InvSaleItemsFk1Assoc.InvSaleItems"
    Type="oracle.jbo.server.EntityImpl"
    IsUpdateable="true"/>
  <Key
    Name="InvSaleItemsPk"
    PrimaryKey="true">
    <DesignTime>
      <Attr Name="_DBObjectName" Value="INV_SALE_ITEMS_PK"/>
    </DesignTime>
    <AttrArray Name="Attributes">
      <Item Value="erp.model.inv.InvSaleItems.ItemCode"/>
      <Item Value="erp.model.inv.InvSaleItems.OrderNo"/>
    </AttrArray>
  </Key>
  <Key
    Name="InvSaleItemsFk1">
    <DesignTime>
      <Attr Name="_isCascadeDelete" Value="true"/>
      <Attr Name="_referencedKey" Value="INV_SALES_PK"/>
      <Attr Name="_isForeign" Value="true"/>
      <Attr Name="_DBObjectName" Value="INV_SALE_ITEMS_FK1"/>
    </DesignTime>
    <AttrArray Name="Attributes">
      <Item Value="erp.model.inv.InvSaleItems.OrderNo"/>
    </AttrArray>
  </Key>
</Entity>
