<?xml version="1.0" encoding="windows-1252" ?>
<!DOCTYPE ViewLink SYSTEM "jbo_03_01.dtd">
<!---->
<ViewLink
  xmlns="http://xmlns.oracle.com/bc4j"
  Name="InvSaleItemsFk1Link"
  Version="12.2.1.12.24"
  InheritPersonalization="merge"
  EntityAssociation="erp.model.inv.InvSaleItemsFk1Assoc">
  <ViewLinkDefEnd
    Name="InvSalesView"
    Cardinality="1"
    Source="true"
    Owner="erp.model.inv.InvSalesView">
    <DesignTime>
      <Attr Name="_isUpdateable" Value="true"/>
      <Attr Name="_minCardinality" Value="1"/>
      <Attr Name="_finderName" Value="InvSalesView"/>
    </DesignTime>
    <AttrArray Name="Attributes">
      <Item Value="erp.model.inv.InvSalesView.Orderno"/>
    </AttrArray>
  </ViewLinkDefEnd>
  <ViewLinkDefEnd
    Name="InvSaleItemsView"
    Cardinality="-1"
    Owner="erp.model.inv.InvSaleItemsView">
    <DesignTime>
      <Attr Name="_isUpdateable" Value="true"/>
      <Attr Name="_finderName" Value="InvSaleItemsView"/>
    </DesignTime>
    <AttrArray Name="Attributes">
      <Item Value="erp.model.inv.InvSaleItemsView.OrderNo"/>
    </AttrArray>
  </ViewLinkDefEnd>
</ViewLink>
