<?xml version="1.0" encoding="windows-1252" ?>
<!DOCTYPE ViewObject SYSTEM "jbo_03_01.dtd">
<!---->
<ViewObject
  xmlns="http://xmlns.oracle.com/bc4j"
  Name="InvSalesVView"
  Version="12.2.1.12.24"
  InheritPersonalization="merge"
  BindingStyle="OracleName"
  CustomQuery="true"
  PageIterMode="Full">
  <DesignTime>
    <Attr Name="_isExpertMode" Value="true"/>
  </DesignTime>
  <ViewAccessor
    Name="LookupCode1"
    ViewObjectName="erp.model.LookupCode"
    RowLevelBinds="true">
    <ParameterMap>
      <PIMap Variable="BindLookupType">
        <TransientExpression
          trustMode="untrusted"
          Name="ExpressionScript"><![CDATA['SALE_STATUS']]></TransientExpression>
      </PIMap>
    </ParameterMap>
  </ViewAccessor>
  <ViewAccessor
    Name="inv_Modules_InvSalesView2_1"
    ViewObjectName="erp.model.inv.InvSalesView"
    AMUsageName="inv_Modules"
    ViewInstanceName="InvSalesView2"
    RowLevelBinds="true"/>
  <ViewAccessor
    Name="inv_Modules_InvCustomersView1_1"
    ViewObjectName="erp.model.inv.InvCustomersView"
    AMUsageName="inv_Modules"
    ViewInstanceName="InvCustomersView1"
    RowLevelBinds="true"/>
  <ListBinding
    Name="LOV_CustomerPhoneno"
    ListVOName="inv_Modules_InvCustomersView1_1"
    NullValueFlag="start"
    NullValueId="${adfBundle['oracle.javatools.resourcebundle.SystemBundle']['NULL_VALUE_RESID']}"
    MRUCount="0">
    <AttrArray Name="AttrNames">
      <Item Value="CustomerPhoneno"/>
    </AttrArray>
    <AttrArray Name="AttrExpressions"/>
    <AttrArray Name="ListAttrNames">
      <Item Value="Phoneno"/>
    </AttrArray>
    <AttrArray Name="ListDisplayAttrNames">
      <Item Value="Phoneno"/>
    </AttrArray>
    <DisplayCriteria/>
  </ListBinding>
  <SQLQuery><![CDATA[SELECT InvSales.SALEDATE,
       InvSales.ORDERNO,
       InvSales.SALESPERSON,
       InvSales.ITEM_CODE,
       InvSales.SALE_STATUS,
       InvSales.NOTESREMARKS,
       InvSales.CUSTOMER_PHONENO
FROM INV_SALES InvSales]]></SQLQuery>
  <ViewAttribute
    Name="Saledate"
    IsUpdateable="false"
    IsPersistent="false"
    PrecisionRule="true"
    Type="java.sql.Timestamp"
    ColumnType="DATE"
    AliasName="SALEDATE"
    Expression="SALEDATE"
    SQLType="DATE"/>
  <ViewAttribute
    Name="Orderno"
    IsUpdateable="false"
    IsPersistent="false"
    IsNotNull="true"
    PrecisionRule="true"
    Type="java.math.BigDecimal"
    ColumnType="NUMBER"
    AliasName="ORDERNO"
    Expression="ORDERNO"
    SQLType="NUMERIC"/>
  <ViewAttribute
    Name="Salesperson"
    IsUpdateable="false"
    IsPersistent="false"
    PrecisionRule="true"
    Precision="32"
    Type="java.lang.String"
    ColumnType="VARCHAR2"
    AliasName="SALESPERSON"
    Expression="SALESPERSON"
    SQLType="VARCHAR">
    <DesignTime>
      <Attr Name="_DisplaySize" Value="32"/>
    </DesignTime>
  </ViewAttribute>
  <ViewAttribute
    Name="ItemCode"
    IsUpdateable="false"
    IsPersistent="false"
    PrecisionRule="true"
    Precision="32"
    Type="java.lang.String"
    ColumnType="VARCHAR2"
    AliasName="ITEM_CODE"
    Expression="ITEM_CODE"
    SQLType="VARCHAR">
    <DesignTime>
      <Attr Name="_DisplaySize" Value="32"/>
    </DesignTime>
  </ViewAttribute>
  <ViewAttribute
    Name="SaleStatus"
    IsUpdateable="false"
    IsPersistent="false"
    PrecisionRule="true"
    Precision="20"
    Type="java.lang.String"
    ColumnType="VARCHAR2"
    AliasName="SALE_STATUS"
    Expression="SALE_STATUS"
    SQLType="VARCHAR">
    <DesignTime>
      <Attr Name="_DisplaySize" Value="20"/>
    </DesignTime>
  </ViewAttribute>
  <ViewAttribute
    Name="Notesremarks"
    IsUpdateable="false"
    IsPersistent="false"
    PrecisionRule="true"
    Precision="1000"
    Type="java.lang.String"
    ColumnType="VARCHAR2"
    AliasName="NOTESREMARKS"
    Expression="NOTESREMARKS"
    SQLType="VARCHAR">
    <DesignTime>
      <Attr Name="_DisplaySize" Value="1000"/>
    </DesignTime>
  </ViewAttribute>
  <ViewAttribute
    Name="CustomerPhoneno"
    IsUpdateable="false"
    IsPersistent="false"
    PrecisionRule="true"
    Type="java.math.BigDecimal"
    ColumnType="NUMBER"
    AliasName="CUSTOMER_PHONENO"
    Expression="CUSTOMER_PHONENO"
    SQLType="NUMERIC"
    LOVName="LOV_CustomerPhoneno">
    <Properties>
      <SchemaBasedProperties>
        <CONTROLTYPE
          Value="choice"/>
      </SchemaBasedProperties>
    </Properties>
  </ViewAttribute>
  <ViewCriteria
    Name="InvSalesVViewCriteria"
    ViewObjectName="erp.model.inv.InvSalesVView"
    Conjunction="AND">
    <Properties Name="_Props">
      <CustomProperties>
        <Property
          Name="autoExecute"
          Value="false"/>
        <Property
          Name="mode"
          Value="Basic"/>
        <Property
          Name="allowConjunctionOverride"
          Value="false"/>
        <Property
          Name="showInList"
          Value="true"/>
        <Property
          Name="displayOperators"
          Value="InAdvancedMode"/>
        <Property
          Name="displayName"
          ResId="erp.model.inv.InvSalesVView.InvSalesVViewCriteria_displayName"/>
      </CustomProperties>
    </Properties>
    <ViewCriteriaRow
      Name="InvSalesVViewCriteria_row_0"
      UpperColumns="1">
      <ViewCriteriaItem
        Name="Saledate"
        ViewAttribute="Saledate"
        Operator="="
        Conjunction="AND"
        Required="Optional"/>
      <ViewCriteriaItem
        Name="Orderno"
        ViewAttribute="Orderno"
        Operator="="
        Conjunction="AND"
        Required="Optional"/>
      <ViewCriteriaItem
        Name="InvSalesVViewCriteria_InvSalesVViewCriteria_row_0_CustomerPhoneno"
        ViewAttribute="CustomerPhoneno"
        Operator="="
        Conjunction="AND"
        Required="Optional"/>
    </ViewCriteriaRow>
  </ViewCriteria>
  <AttrArray Name="KeyAttributes">
    <Item Value="Orderno"/>
  </AttrArray>
  <ResourceBundle>
    <PropertiesBundle
      PropertiesFile="erp.model.SUNWAY_ERP_ModelBundle"/>
  </ResourceBundle>
</ViewObject>
