<?xml version="1.0" encoding="windows-1252" ?>
<!DOCTYPE Entity SYSTEM "jbo_03_01.dtd">
<!---->
<Entity
  xmlns="http://xmlns.oracle.com/bc4j"
  Name="InvTotaldueSales"
  Version="12.2.1.12.24"
  InheritPersonalization="merge"
  DBObjectType="table"
  DBObjectName="INV_TOTALDUE_SALES"
  AliasName="InvTotaldueSales"
  BindingStyle="OracleName"
  RowClass="erp.model.inv.InvTotaldueSalesImpl">
  <DesignTime>
    <Attr Name="_codeGenFlag2" Value="Init|Access|DML"/>
    <Attr Name="_isCodegen" Value="true"/>
  </DesignTime>
  <Attribute
    Name="OrderNo"
    IsNotNull="true"
    ColumnName="ORDER_NO"
    SQLType="NUMERIC"
    Type="java.math.BigDecimal"
    ColumnType="NUMBER"
    TableName="INV_TOTALDUE_SALES"
    PrimaryKey="true"/>
  <Attribute
    Name="TotalDue"
    IsNotNull="true"
    ColumnName="TOTAL_DUE"
    SQLType="NUMERIC"
    Type="java.math.BigDecimal"
    ColumnType="NUMBER"
    TableName="INV_TOTALDUE_SALES"/>
  <Key
    Name="InvTotaldueSalesPk"
    PrimaryKey="true">
    <DesignTime>
      <Attr Name="_DBObjectName" Value="INV_TOTALDUE_SALES_PK"/>
    </DesignTime>
    <AttrArray Name="Attributes">
      <Item Value="erp.model.inv.InvTotaldueSales.OrderNo"/>
    </AttrArray>
  </Key>
</Entity>
