<?xml version="1.0" encoding="windows-1252" ?>
<!DOCTYPE Entity SYSTEM "jbo_03_01.dtd">
<!---->
<Entity
  xmlns="http://xmlns.oracle.com/bc4j"
  Name="InvTotalduePurchase"
  Version="12.2.1.12.24"
  InheritPersonalization="merge"
  DBObjectType="table"
  DBObjectName="INV_TOTALDUE_PURCHASE"
  AliasName="InvTotalduePurchase"
  BindingStyle="OracleName">
  <Attribute
    Name="OrderNo"
    IsNotNull="true"
    ColumnName="ORDER_NO"
    SQLType="NUMERIC"
    Type="java.math.BigDecimal"
    ColumnType="NUMBER"
    TableName="INV_TOTALDUE_PURCHASE"
    PrimaryKey="true"/>
  <Attribute
    Name="TotalDue"
    ColumnName="TOTAL_DUE"
    SQLType="NUMERIC"
    Type="java.math.BigDecimal"
    ColumnType="NUMBER"
    TableName="INV_TOTALDUE_PURCHASE">
    <Properties>
      <SchemaBasedProperties>
        <LABEL
          ResId="erp.model.inv.InvTotalduePurchase.TotalDue_LABEL"/>
        <FMT_FORMATTER
          ResId="erp.model.inv.InvTotalduePurchase.TotalDue_FMT_FORMATTER"/>
      </SchemaBasedProperties>
    </Properties>
  </Attribute>
  <Key
    Name="InvTotalduePurchasePk"
    PrimaryKey="true">
    <DesignTime>
      <Attr Name="_DBObjectName" Value="INV_TOTALDUE_PURCHASE_PK"/>
    </DesignTime>
    <AttrArray Name="Attributes">
      <Item Value="erp.model.inv.InvTotalduePurchase.OrderNo"/>
    </AttrArray>
  </Key>
  <ResourceBundle>
    <PropertiesBundle
      PropertiesFile="erp.model.SUNWAY_ERP_ModelBundle"/>
  </ResourceBundle>
</Entity>
