<?xml version="1.0" encoding="windows-1252" ?>
<!DOCTYPE Entity SYSTEM "jbo_03_01.dtd">
<!---->
<Entity
  xmlns="http://xmlns.oracle.com/bc4j"
  Name="InvVendors"
  Version="12.2.1.12.24"
  InheritPersonalization="merge"
  DBObjectType="table"
  DBObjectName="INV_VENDORS"
  AliasName="InvVendors"
  BindingStyle="OracleName"
  RowClass="erp.model.inv.InvVendorsImpl">
  <DesignTime>
    <Attr Name="_codeGenFlag2" Value="Init|Access|DML"/>
    <Attr Name="_isCodegen" Value="true"/>
  </DesignTime>
  <Attribute
    Name="VendorId"
    IsNotNull="true"
    ColumnName="VENDOR_ID"
    SQLType="NUMERIC"
    Type="java.math.BigDecimal"
    ColumnType="NUMBER"
    TableName="INV_VENDORS"
    PrimaryKey="true"/>
  <Attribute
    Name="ItemCode"
    Precision="32"
    ColumnName="ITEM_CODE"
    SQLType="VARCHAR"
    Type="java.lang.String"
    ColumnType="VARCHAR2"
    TableName="INV_VENDORS">
    <DesignTime>
      <Attr Name="_DisplaySize" Value="32"/>
    </DesignTime>
  </Attribute>
  <Attribute
    Name="VendorName"
    Precision="32"
    ColumnName="VENDOR_NAME"
    SQLType="VARCHAR"
    Type="java.lang.String"
    ColumnType="VARCHAR2"
    TableName="INV_VENDORS">
    <DesignTime>
      <Attr Name="_DisplaySize" Value="32"/>
    </DesignTime>
  </Attribute>
  <Attribute
    Name="Phoneno"
    Precision="20"
    ColumnName="PHONENO"
    SQLType="VARCHAR"
    Type="java.lang.String"
    ColumnType="VARCHAR2"
    TableName="INV_VENDORS">
    <DesignTime>
      <Attr Name="_DisplaySize" Value="20"/>
    </DesignTime>
  </Attribute>
  <Attribute
    Name="Orderno"
    IsNotNull="true"
    ColumnName="ORDERNO"
    SQLType="NUMERIC"
    Type="java.math.BigDecimal"
    ColumnType="NUMBER"
    TableName="INV_VENDORS"
    PrimaryKey="true"/>
  <Attribute
    Name="City"
    Precision="20"
    ColumnName="CITY"
    SQLType="VARCHAR"
    Type="java.lang.String"
    ColumnType="VARCHAR2"
    TableName="INV_VENDORS">
    <DesignTime>
      <Attr Name="_DisplaySize" Value="20"/>
    </DesignTime>
  </Attribute>
  <Attribute
    Name="Country"
    Precision="20"
    ColumnName="COUNTRY"
    SQLType="VARCHAR"
    Type="java.lang.String"
    ColumnType="VARCHAR2"
    TableName="INV_VENDORS">
    <DesignTime>
      <Attr Name="_DisplaySize" Value="20"/>
    </DesignTime>
  </Attribute>
  <Attribute
    Name="Street"
    Precision="20"
    ColumnName="STREET"
    SQLType="VARCHAR"
    Type="java.lang.String"
    ColumnType="VARCHAR2"
    TableName="INV_VENDORS">
    <DesignTime>
      <Attr Name="_DisplaySize" Value="20"/>
    </DesignTime>
  </Attribute>
  <AccessorAttribute
    Name="InvOrders"
    Association="erp.model.inv.InvVendorsFk1Assoc"
    AssociationEnd="erp.model.inv.InvVendorsFk1Assoc.InvOrders"
    AssociationOtherEnd="erp.model.inv.InvVendorsFk1Assoc.InvVendors"
    Type="oracle.jbo.server.EntityImpl"
    IsUpdateable="true"/>
  <Key
    Name="InvVendorsPk"
    PrimaryKey="true">
    <DesignTime>
      <Attr Name="_DBObjectName" Value="INV_VENDORS_PK"/>
    </DesignTime>
    <AttrArray Name="Attributes">
      <Item Value="erp.model.inv.InvVendors.VendorId"/>
      <Item Value="erp.model.inv.InvVendors.Orderno"/>
    </AttrArray>
  </Key>
  <Key
    Name="InvVendorsFk1">
    <DesignTime>
      <Attr Name="_isCascadeDelete" Value="true"/>
      <Attr Name="_referencedKey" Value="INV_ORDERS_PK"/>
      <Attr Name="_isForeign" Value="true"/>
      <Attr Name="_DBObjectName" Value="INV_VENDORS_FK1"/>
    </DesignTime>
    <AttrArray Name="Attributes">
      <Item Value="erp.model.inv.InvVendors.Orderno"/>
    </AttrArray>
  </Key>
</Entity>
