<References xmlns="http://xmlns.oracle.com/adf/jndi">
  <Reference name="sunway_erp_con" className="oracle.jdeveloper.db.adapter.DatabaseProvider"
             credentialStoreKey="sunway_erp_con" xmlns="">
    <Factory className="oracle.jdevimpl.db.adapter.DatabaseProviderFactory1212"/>
    <RefAddresses>
      <StringRefAddr addrType="oraDriverType">
        <Contents>thin</Contents>
      </StringRefAddr>
      <StringRefAddr addrType="hostname">
        <Contents>40.76.41.212</Contents>
      </StringRefAddr>
      <SecureRefAddr addrType="password"/>
      <StringRefAddr addrType="subtype">
        <Contents>oraJDBC</Contents>
      </StringRefAddr>
      <StringRefAddr addrType="port">
        <Contents>1521</Contents>
      </StringRefAddr>
      <StringRefAddr addrType="user">
        <Contents>Sunway_1</Contents>
      </StringRefAddr>
      <StringRefAddr addrType="sid">
        <Contents>cdb1</Contents>
      </StringRefAddr>
    </RefAddresses>
  </Reference>
</References>