<?xml version = '1.0' encoding = 'UTF-8' standalone = 'yes'?>
<jazn-data xmlns:xsi="http://www.w3.org/2001/XMLSchema-instance"
           xsi:noNamespaceSchemaLocation="http://xmlns.oracle.com/oracleas/schema/jazn-data.xsd">
    <jazn-realm default="jazn.com">
        <realm>
            <name>jazn.com</name>
            <users>
                <user>
                    <name>Sunway_hr</name>
                    <credentials>{903}IvGSSOw/i13IuF1zMw+tO20IjJXjFxzE</credentials>
                    <display-name>Sunway HR</display-name>
                </user>
                <user>
                    <name>Sunway_fin</name>
                    <credentials>{903}BH1GB5T3o4zSOeYp542HHFAKsaqwmYmLZ3OcVVLh3g8=</credentials>
                    <display-name>Sunway Finance</display-name>
                </user>
                <user>
                    <name>Sunway_inv</name>
                    <credentials>{903}JA21N8cw2W1Tbz4LcHXFiOk29nCkGVKmbXLL19lqF48=</credentials>
                    <display-name>Sunway Inventory</display-name>
                </user>
                <user>
                    <name>Sunway_gm</name>
                    <credentials>{903}i0/nFXpS57PqKhKwp5kz+WNjFwgrvZgO53odeQzHhrg=</credentials>
                </user>
                <user>
                    <name>Admin</name>
                    <credentials>{903}+BNFRz4dJdDOyT61nVWHjd7CL3S4TkvwpK41+fOGLsg=</credentials>
                    <display-name>Administrator</display-name>
                </user>
            </users>
            <roles>
                <role>
                    <name>hr_manager</name>
                    <display-name>HR Manager</display-name>
                    <members>
                        <member>
                            <type>user</type>
                            <name>Sunway_hr</name>
                        </member>
                        <member>
                            <type>user</type>
                            <name>Admin</name>
                        </member>
                    </members>
                </role>
                <role>
                    <name>fin_manager</name>
                    <display-name>Finance Manager</display-name>
                    <members>
                        <member>
                            <type>user</type>
                            <name>Sunway_fin</name>
                        </member>
                        <member>
                            <type>user</type>
                            <name>Admin</name>
                        </member>
                    </members>
                </role>
                <role>
                    <name>Inv_manager</name>
                    <display-name>Inventory Manager</display-name>
                    <members>
                        <member>
                            <type>user</type>
                            <name>Sunway_inv</name>
                        </member>
                        <member>
                            <type>user</type>
                            <name>Admin</name>
                        </member>
                    </members>
                </role>
            </roles>
        </realm>
    </jazn-realm>
    <policy-store>
        <applications>
            <application>
                <name>SUNWAY_ERP</name>
                <app-roles>
                    <app-role>
                        <name>Manager</name>
                        <class>oracle.security.jps.service.policystore.ApplicationRole</class>
                        <display-name>General Manager </display-name>
                        <members>
                            <member>
                                <class>oracle.security.jps.internal.core.principals.JpsXmlEnterpriseRoleImpl</class>
                                <name>Inv_manager</name>
                            </member>
                            <member>
                                <class>oracle.security.jps.internal.core.principals.JpsXmlEnterpriseRoleImpl</class>
                                <name>fin_manager</name>
                            </member>
                            <member>
                                <class>oracle.security.jps.internal.core.principals.JpsXmlEnterpriseRoleImpl</class>
                                <name>hr_manager</name>
                            </member>
                            <member>
                                <class>oracle.security.jps.internal.core.principals.JpsXmlUserImpl</class>
                                <name>Sunway_gm</name>
                            </member>
                            <member>
                                <class>oracle.security.jps.internal.core.principals.JpsXmlUserImpl</class>
                                <name>Admin</name>
                            </member>
                        </members>
                    </app-role>
                </app-roles>
                <jazn-policy>
                    <grant>
                        <grantee>
                            <principals>
                                <principal>
                                    <class>oracle.security.jps.service.policystore.ApplicationRole</class>
                                    <name>Manager</name>
                                </principal>
                            </principals>
                        </grantee>
                        <permissions>
                            <permission>
                                <class>oracle.adf.share.security.authorization.RegionPermission</class>
                                <name>erp.view.pageDefs.ERP_Main_PagePageDef</name>
                                <actions>view</actions>
                            </permission>
                            <permission>
                                <class>oracle.adf.share.security.authorization.RegionPermission</class>
                                <name>erp.view.pageDefs.App_Error_pagePageDef</name>
                                <actions>view</actions>
                            </permission>
                        </permissions>
                    </grant>
                    <grant>
                        <grantee>
                            <principals>
                                <principal>
                                    <class>oracle.security.jps.internal.core.principals.JpsXmlEnterpriseRoleImpl</class>
                                    <name>hr_manager</name>
                                </principal>
                            </principals>
                        </grantee>
                        <permissions>
                            <permission>
                                <class>oracle.adf.share.security.authorization.RegionPermission</class>
                                <name>erp.view.pageDefs.HR_Main_PagePageDef</name>
                                <actions>view</actions>
                            </permission>
                            <permission>
                                <class>oracle.adf.share.security.authorization.RegionPermission</class>
                                <name>erp.view.pageDefs.HR_Empl_dataPageDef</name>
                                <actions>view</actions>
                            </permission>
                            <permission>
                                <class>oracle.adf.controller.security.TaskFlowPermission</class>
                                <name>/WEB-INF/hr_empl_Appraisal_task-flow.xml#hr_empl_Appraisal_task-flow</name>
                                <actions>view</actions>
                            </permission>
                            <permission>
                                <class>oracle.adf.controller.security.TaskFlowPermission</class>
                                <name>/WEB-INF/hr_empl_current_Job_task-flow.xml#hr_empl_current_Job_task-flow</name>
                                <actions>view</actions>
                            </permission>
                            <permission>
                                <class>oracle.adf.controller.security.TaskFlowPermission</class>
                                <name>/WEB-INF/hr_empl_data_Menu_task-flow.xml#hr_empl_data_Menu_task-flow</name>
                                <actions>view</actions>
                            </permission>
                            <permission>
                                <class>oracle.adf.controller.security.TaskFlowPermission</class>
                                <name>/WEB-INF/hr_empl_leaves_task-flow.xml#hr_leaves_task-flow-definition</name>
                                <actions>view</actions>
                            </permission>
                            <permission>
                                <class>oracle.adf.controller.security.TaskFlowPermission</class>
                                <name>/WEB-INF/hr_empl_loans_task-flow.xml#hr_empl_loans_task-flow</name>
                                <actions>view</actions>
                            </permission>
                            <permission>
                                <class>oracle.adf.controller.security.TaskFlowPermission</class>
                                <name>/WEB-INF/hr_empl_overview_task-flow.xml#hr_empl_overview_task-flow</name>
                                <actions>view</actions>
                            </permission>
                            <permission>
                                <class>oracle.adf.controller.security.TaskFlowPermission</class>
                                <name>/WEB-INF/hr_empl_profile_task-flow.xml#hr_empl_profile_task-flow</name>
                                <actions>view</actions>
                            </permission>
                            <permission>
                                <class>oracle.adf.controller.security.TaskFlowPermission</class>
                                <name>/WEB-INF/hr_empl_relatives_task-flow.xml#hr_empl_relatives_task-flow</name>
                                <actions>view</actions>
                            </permission>
                            <permission>
                                <class>oracle.adf.controller.security.TaskFlowPermission</class>
                                <name>/WEB-INF/hr_empl_RP_task-flow.xml#hr_empl_RP_task-flow</name>
                                <actions>view</actions>
                            </permission>
                            <permission>
                                <class>oracle.adf.controller.security.TaskFlowPermission</class>
                                <name>/WEB-INF/hr_immigration_task-flow.xml#hr_immigration_task-flow</name>
                                <actions>view</actions>
                            </permission>
                            <permission>
                                <class>oracle.adf.controller.security.TaskFlowPermission</class>
                                <name>/WEB-INF/HR_Main_Task-Fow.xml#HR_Main_Task-fFow</name>
                                <actions>view</actions>
                            </permission>
                            <permission>
                                <class>oracle.adf.controller.security.TaskFlowPermission</class>
                                <name>/WEB-INF/hr_menu_task-flow.xml#hr_menu_task-flow</name>
                                <actions>view</actions>
                            </permission>
                            <permission>
                                <class>oracle.adf.controller.security.TaskFlowPermission</class>
                                <name>/WEB-INF/hr_reports_task-flow.xml#hr_reports_task-flow</name>
                                <actions>view</actions>
                            </permission>
                            <permission>
                                <class>oracle.adf.controller.security.TaskFlowPermission</class>
                                <name>/WEB-INF/hr_salary_task-flow.xml#hr_salary_task-flow</name>
                                <actions>view</actions>
                            </permission>
                            <permission>
                                <class>oracle.adf.controller.security.TaskFlowPermission</class>
                                <name>/WEB-INF/hr_salay_payroll_ask-flow.xml#hr_salay_payroll_ask-flow</name>
                                <actions>view</actions>
                            </permission>
                            <permission>
                                <class>oracle.adf.controller.security.TaskFlowPermission</class>
                                <name>/WEB-INF/hr_settings_task-flow.xml#hr_settings_task-flow</name>
                                <actions>view</actions>
                            </permission>
                            <permission>
                                <class>oracle.adf.controller.security.TaskFlowPermission</class>
                                <name>/WEB-INF/hr_trainings_task-flow.xml#hr_trainings_task-flow</name>
                                <actions>view</actions>
                            </permission>
                        </permissions>
                    </grant>
                    <grant>
                        <grantee>
                            <principals>
                                <principal>
                                    <class>oracle.security.jps.internal.core.principals.JpsXmlEnterpriseRoleImpl</class>
                                    <name>fin_manager</name>
                                </principal>
                            </principals>
                        </grantee>
                        <permissions>
                            <permission>
                                <class>oracle.adf.share.security.authorization.RegionPermission</class>
                                <name>erp.view.pageDefs.FIN_Main_PagePageDef</name>
                                <actions>view</actions>
                            </permission>
                            <permission>
                                <class>oracle.adf.controller.security.TaskFlowPermission</class>
                                <name>/WEB-INF/fin_GL_task-flow.xml#fin_GL_task-flow</name>
                                <actions>view</actions>
                            </permission>
                            <permission>
                                <class>oracle.adf.controller.security.TaskFlowPermission</class>
                                <name>/WEB-INF/fin_menu_task-flow.xml#fin_menu_task-flow</name>
                                <actions>view</actions>
                            </permission>
                            <permission>
                                <class>oracle.adf.controller.security.TaskFlowPermission</class>
                                <name>/WEB-INF/fin_payables_task-flow.xml#fin_payables_task-flow</name>
                                <actions>view</actions>
                            </permission>
                            <permission>
                                <class>oracle.adf.controller.security.TaskFlowPermission</class>
                                <name>/WEB-INF/fin_payroll_task-flow.xml#fin_payroll_task-flow</name>
                                <actions>view</actions>
                            </permission>
                            <permission>
                                <class>oracle.adf.controller.security.TaskFlowPermission</class>
                                <name>/WEB-INF/fin_receivables_task-flow.xml#fin_receivables_task-flow</name>
                                <actions>view</actions>
                            </permission>
                            <permission>
                                <class>oracle.adf.controller.security.TaskFlowPermission</class>
                                <name>/WEB-INF/fin_reports_task-flow.xml#fin_reports_task-flow</name>
                                <actions>view</actions>
                            </permission>
                            <permission>
                                <class>oracle.adf.controller.security.TaskFlowPermission</class>
                                <name>/WEB-INF/fin_settings_task-flow.xml#fin_settings_task-flow</name>
                                <actions>view</actions>
                            </permission>
                        </permissions>
                    </grant>
                    <grant>
                        <grantee>
                            <principals>
                                <principal>
                                    <class>oracle.security.jps.internal.core.principals.JpsXmlEnterpriseRoleImpl</class>
                                    <name>Inv_manager</name>
                                </principal>
                            </principals>
                        </grantee>
                        <permissions>
                            <permission>
                                <class>oracle.adf.share.security.authorization.RegionPermission</class>
                                <name>erp.view.pageDefs.INV_MAINPageDef</name>
                                <actions>view</actions>
                            </permission>
                            <permission>
                                <class>oracle.adf.share.security.authorization.RegionPermission</class>
                                <name>erp.view.pageDefs.INV_Main_PagePageDef</name>
                                <actions>view</actions>
                            </permission>
                            <permission>
                                <class>oracle.adf.controller.security.TaskFlowPermission</class>
                                <name>/WEB-INF/inv_inventory_task-flow.xml#inv_inventory_task-flow</name>
                                <actions>view</actions>
                            </permission>
                            <permission>
                                <class>oracle.adf.controller.security.TaskFlowPermission</class>
                                <name>/WEB-INF/inv_menu_task-flow.xml#inv_menu_task-flow</name>
                                <actions>view</actions>
                            </permission>
                            <permission>
                                <class>oracle.adf.controller.security.TaskFlowPermission</class>
                                <name>/WEB-INF/inv_purchase_task-flow.xml#inv_purchase_task-flow</name>
                                <actions>view</actions>
                            </permission>
                            <permission>
                                <class>oracle.adf.controller.security.TaskFlowPermission</class>
                                <name>/WEB-INF/inv_reports_task-flow.xml#inv_reports_task-flow</name>
                                <actions>view</actions>
                            </permission>
                            <permission>
                                <class>oracle.adf.controller.security.TaskFlowPermission</class>
                                <name>/WEB-INF/inv_sales_task-flow.xml#inv_sales_task-flow</name>
                                <actions>view</actions>
                            </permission>
                            <permission>
                                <class>oracle.adf.controller.security.TaskFlowPermission</class>
                                <name>/WEB-INF/inv_settings_task-flow.xml#inv_settings_task-flow</name>
                                <actions>view</actions>
                            </permission>
                        </permissions>
                    </grant>
                    <grant>
                        <grantee>
                            <principals>
                                <principal>
                                    <class>oracle.security.jps.internal.core.principals.JpsAnonymousRoleImpl</class>
                                    <name>anonymous-role</name>
                                </principal>
                            </principals>
                        </grantee>
                        <permissions>
                            <permission>
                                <class>oracle.adf.share.security.authorization.RegionPermission</class>
                                <name>erp.view.pageDefs.App_Entrance_pagePageDef</name>
                                <actions>view</actions>
                            </permission>
                            <permission>
                                <class>oracle.adf.share.security.authorization.RegionPermission</class>
                                <name>erp.view.pageDefs.App_logout_pagePageDef</name>
                                <actions>view</actions>
                            </permission>
                            <permission>
                                <class>oracle.adf.share.security.authorization.RegionPermission</class>
                                <name>erp.view.pageDefs.ChangePasswordPageDef</name>
                                <actions>view</actions>
                            </permission>
                        </permissions>
                    </grant>
                    <grant>
                        <grantee>
                            <principals>
                                <principal>
                                    <class>oracle.security.jps.internal.core.principals.JpsAuthenticatedRoleImpl</class>
                                    <name>authenticated-role</name>
                                </principal>
                            </principals>
                        </grantee>
                        <permissions>
                            <permission>
                                <class>oracle.adf.share.security.authorization.RegionPermission</class>
                                <name>erp.view.pageDefs.App_Entrance_pagePageDef</name>
                                <actions>view</actions>
                            </permission>
                            <permission>
                                <class>oracle.adf.share.security.authorization.RegionPermission</class>
                                <name>erp.view.pageDefs.App_logout_pagePageDef</name>
                                <actions>view</actions>
                            </permission>
                            <permission>
                                <class>oracle.adf.share.security.authorization.RegionPermission</class>
                                <name>erp.view.pageDefs.ChangePasswordPageDef</name>
                                <actions>view</actions>
                            </permission>
                        </permissions>
                    </grant>
                </jazn-policy>
            </application>
        </applications>
    </policy-store>
    <system-policy/>
</jazn-data>
